post_id,hashtag_id
to64mgey2v3y,27
to64mgey2v3y,4
to64mgey2v3y,9
7f0wdauzbj89,18
7f0wdauzbj89,9
dvvhg8eel45x,2
hgb9cxke4t7b,20
hgb9cxke4t7b,17
zwerpw3wk320,3
zwerpw3wk320,22
f85c8vm8ac8l,17
f85c8vm8ac8l,1
f85c8vm8ac8l,8
19ys654yi1if,9
19ys654yi1if,7
19ys654yi1if,4
5jywsz1bu0kp,28
5jywsz1bu0kp,12
5jywsz1bu0kp,27
ol0ai4w126p0,20
ol0ai4w126p0,23
irjlew2pr8sw,9
cvdgyqy7xoq6,22
cvdgyqy7xoq6,3
cvdgyqy7xoq6,6
1coucvhys7md,2
1coucvhys7md,25
b2or5rj5mmlt,2
tv6gljfonx0r,29
tv6gljfonx0r,23
tv6gljfonx0r,15
4xtny5n4bf70,11
4xtny5n4bf70,27
cpiun4hvwfns,11
cpiun4hvwfns,25
cpiun4hvwfns,5
9nrn7caujskm,14
9nrn7caujskm,25
9nrn7caujskm,28
hr3cuhgraltd,25
hr3cuhgraltd,6
ckz4ciuuw7c5,19
ckz4ciuuw7c5,1
mbykzpzh1l1y,21
mbykzpzh1l1y,15
mbykzpzh1l1y,29
y2s75tpyz8xz,12
y2s75tpyz8xz,23
y2s75tpyz8xz,13
5kudxj0gpvjn,1
5kudxj0gpvjn,18
5kudxj0gpvjn,9
x3fevzc7i60n,1
0czkm5bns4jf,10
0czkm5bns4jf,22
uuzjdfcf9kk6,20
o5w71kph0xid,12
o5w71kph0xid,16
126l8riadfj2,27
126l8riadfj2,11
h7w43z8w2ec6,9
h7w43z8w2ec6,23
htoi3lj9ebef,10
htoi3lj9ebef,14
04hiukoawu9c,27
04hiukoawu9c,20
04hiukoawu9c,28
zrj2tluduqsx,20
i6io9jo0vpxa,1
i6io9jo0vpxa,5
fcvapj7471ky,17
d25e0a89eti4,16
d25e0a89eti4,22
vkv82vz3c9w3,21
c5u8mgrr3zya,3
sqdh2jbaeloe,29
sqdh2jbaeloe,20
tsv6yv7yb3ye,26
tsv6yv7yb3ye,1
61uoaf7yq18t,21
61uoaf7yq18t,8
61uoaf7yq18t,11
csdwcp9j1cct,14
csdwcp9j1cct,12
k5qkhdj5zpnw,19
xd96337v76wx,16
xd96337v76wx,5
040sdcorx2ue,29
ify6mts47nz3,25
ify6mts47nz3,26
ify6mts47nz3,10
7t82krstkktr,3
7t82krstkktr,14
7t82krstkktr,15
s5rqx7wko7m1,16
s5rqx7wko7m1,1
s5rqx7wko7m1,10
ym0fk6gqthz3,17
ym0fk6gqthz3,5
ym0fk6gqthz3,24
076lgd30r7iu,12
076lgd30r7iu,2
g9o3fxmpxaql,10
g9o3fxmpxaql,5
5nl6fyeu1uox,5
5nl6fyeu1uox,10
0yzjehvplo2u,2
0yzjehvplo2u,4
0yzjehvplo2u,16
w7d77am08z08,12
df1al5tr1oca,16
df1al5tr1oca,18
aoknrf6b35z9,17
aoknrf6b35z9,7
row0l6tsd8s3,20
row0l6tsd8s3,23
2r1k9opcv2z7,24
p7h083r7vums,1
p7h083r7vums,3
p7h083r7vums,28
serah2r60pho,23
serah2r60pho,2
ibtq0ygfvnm0,20
ibtq0ygfvnm0,19
ibtq0ygfvnm0,15
241umqq4y79c,5
241umqq4y79c,28
241umqq4y79c,4
1zq65wyz8gzg,4
1zq65wyz8gzg,10
wd436n6ouxir,24
wd436n6ouxir,8
9ivb0k0q2src,10
l0o1blp9cm0b,9
l0o1blp9cm0b,14
lfuj1m9bbpjg,19
lfuj1m9bbpjg,18
5m739o7azasm,8
6ji7gfykaiyz,21
6ji7gfykaiyz,9
5gyyfd2wv95z,15
5moshrnhpt0y,18
y6nsq8imws40,8
y6nsq8imws40,12
ekm9ncrrvcaf,24
ekm9ncrrvcaf,4
zpqmb8glda2z,29
zpqmb8glda2z,5
5wqmk48r9ltf,26
5wqmk48r9ltf,10
5wqmk48r9ltf,14
0lbkstp4x926,2
0lbkstp4x926,23
w1tuz1jm4aqi,3
w1tuz1jm4aqi,11
w1tuz1jm4aqi,26
49dw7v1wizc3,10
49dw7v1wizc3,3
49dw7v1wizc3,8
zg7a98dozipg,29
zg7a98dozipg,26
zg7a98dozipg,15
nye30hpi2j79,10
wal886ggp7kg,16
wal886ggp7kg,12
l8jdu7zmt65h,14
l8jdu7zmt65h,1
3u65pggx1zxm,10
9aebqwidw4n6,6
9aebqwidw4n6,27
9aebqwidw4n6,17
wr0jvpift9jk,2
wr0jvpift9jk,11
wr0jvpift9jk,9
ys0ji5wg7zgo,3
ys0ji5wg7zgo,24
dkwh0ji5kxxx,1
dkwh0ji5kxxx,2
j27d6986n6vx,4
j27d6986n6vx,21
j27d6986n6vx,8
96xkquvldqrm,8
96xkquvldqrm,10
h6dum0qjp3mf,24
h6dum0qjp3mf,4
h641w46aw640,16
h641w46aw640,25
dx6f46fo6luu,3
dx6f46fo6luu,8
mer6ctvgxkzy,19
mer6ctvgxkzy,2
mer6ctvgxkzy,13
yeswbsjvgr6a,4
yeswbsjvgr6a,10
yeswbsjvgr6a,20
7genf8u1lbqs,23
ex2h9i7ahiqz,5
ex2h9i7ahiqz,3
ex2h9i7ahiqz,22
szo0hhgxcbvn,20
szo0hhgxcbvn,11
u7xeqg9n81w7,21
u7xeqg9n81w7,24
961sifuy401g,27
961sifuy401g,28
qqedxcv3r1os,9
qqedxcv3r1os,8
qqedxcv3r1os,28
wk5f8k4gkyeb,22
wk5f8k4gkyeb,1
zf1w3c9xs1gd,20
zf1w3c9xs1gd,6
oovud9t4bxcp,23
x6c2hubogvyx,3
x6c2hubogvyx,22
x6c2hubogvyx,5
luf714z3litz,15
luf714z3litz,12
luf714z3litz,1
kxuy3f2knuqg,11
kxuy3f2knuqg,18
h9wnssg94hhf,24
h9wnssg94hhf,3
xgjfrqu2lbeh,19
cl2296rlhgaw,21
cl2296rlhgaw,2
cl2296rlhgaw,27
yo588lfy0mob,23
lp534qixwus5,1
lp534qixwus5,9
lp534qixwus5,25
v4pf0jrmvazi,21
v4pf0jrmvazi,14
v4pf0jrmvazi,8
wrpuf437gh64,11
wrpuf437gh64,18
wrpuf437gh64,21
z4p7x0758buk,15
d9v99rmgwyud,2
d9v99rmgwyud,22
d9v99rmgwyud,10
bf0akgbij79m,24
bf0akgbij79m,12
bf0akgbij79m,4
jd0yezt2tlkj,10
jd0yezt2tlkj,22
ujr752md4dlk,10
ujr752md4dlk,22
ujr752md4dlk,15
fnqipr9nak6e,20
wcdwywoepn3l,8
wcdwywoepn3l,21
69uq5vbnerkj,24
69uq5vbnerkj,1
h3bc5szysqq0,18
h3bc5szysqq0,9
kz3gmtrvjl4i,11
kz3gmtrvjl4i,28
kz3gmtrvjl4i,18
u37684z4l51d,4
7z0v0zhpm323,5
7z0v0zhpm323,26
ihua86ysfang,9
x53e2hzz9dhy,2
x53e2hzz9dhy,8
d80th1nkqsqn,9
d80th1nkqsqn,19
d80th1nkqsqn,3
ud7m7drtu8cc,11
03yhlrdbjavf,26
mc6exlzsj7dz,26
mc6exlzsj7dz,1
8kbjny4qot2q,4
8kbjny4qot2q,7
38tm1xfxxsdi,26
38tm1xfxxsdi,22
38tm1xfxxsdi,19
ca41scke5hc1,4
8o0qjjror2a7,22
8o0qjjror2a7,4
iap2n5ggaigm,6
iap2n5ggaigm,19
iap2n5ggaigm,11
grqrl3ouqeoa,3
grqrl3ouqeoa,29
trku0a2i7hgt,12
trku0a2i7hgt,7
trku0a2i7hgt,14
r5jseevvr3vx,13
yktgh97ttawi,26
yktgh97ttawi,4
yktgh97ttawi,25
escfm1omn8es,10
escfm1omn8es,23
1w96dq651v1h,16
1w96dq651v1h,17
7hsmpgkdvjeb,11
7hsmpgkdvjeb,24
ci43a8zpj9h5,22
ci43a8zpj9h5,7
whbg29yq1hb8,27
whbg29yq1hb8,25
whrfk7y6s3uh,18
whrfk7y6s3uh,20
4hq7qve1rgu6,26
4hq7qve1rgu6,24
4hq7qve1rgu6,3
n1nw8a3r8rwt,19
n1nw8a3r8rwt,20
e5gkj6m0twf6,3
e5gkj6m0twf6,2
6s56ii0k6sdu,25
6s56ii0k6sdu,29
6s56ii0k6sdu,19
usj2vanonaa0,7
usj2vanonaa0,1
usj2vanonaa0,20
ggm0o09gniaq,17
jsoxx7eynd6r,25
7a02u2fjv2no,24
7a02u2fjv2no,27
dpb48n6ybqpm,8
dpb48n6ybqpm,16
2l2hesmb61xy,24
oexkza5anv1n,4
ab3t5dc1vppa,7
ab3t5dc1vppa,10
ab3t5dc1vppa,20
xnsnscioz9le,27
jnsu2j0pii3i,1
jnsu2j0pii3i,15
loscndnlqi7b,22
sze7dl573hui,23
sze7dl573hui,17
hvjh643oxb8e,7
9a0j5ngel663,7
9a0j5ngel663,22
9a0j5ngel663,21
u085n5n0c3xw,28
8vuu04drifj7,27
0c0tc7wbhqdu,11
0c0tc7wbhqdu,19
0c0tc7wbhqdu,22
kjujs5t6d3fq,5
kjujs5t6d3fq,19
kjujs5t6d3fq,16
p362yijo1695,21
p362yijo1695,15
p362yijo1695,24
k27x2ylardob,8
k27x2ylardob,22
ibm43s0977z3,26
mnfjuu7q2mno,18
mnfjuu7q2mno,16
mnfjuu7q2mno,21
11tqzysq0g7q,19
11tqzysq0g7q,11
11tqzysq0g7q,7
b761ohdhjfsu,11
b761ohdhjfsu,2
b761ohdhjfsu,21
5s00ihq1xier,11
5s00ihq1xier,28
oolil5rnb9r9,10
oolil5rnb9r9,4
fa1hai29wrx1,4
fa1hai29wrx1,7
fa1hai29wrx1,3
5sizut004lyi,10
5sizut004lyi,19
phz0wgtewqi7,16
phz0wgtewqi7,17
zaezdufvvlcu,6
ygsme3jwqp94,23
ygsme3jwqp94,14
ii9iy143uqq0,23
ii9iy143uqq0,27
ii9iy143uqq0,25
clnhdtwxor5l,29
clnhdtwxor5l,1
clnhdtwxor5l,26
ok9ri072bsof,21
ok9ri072bsof,28
g44qb01nx86g,19
g44qb01nx86g,17
g44qb01nx86g,9
xrsjiuv7y7te,16
xrsjiuv7y7te,28
xrsjiuv7y7te,29
0irbkr2ebeo2,29
0irbkr2ebeo2,28
xv4x0j9i0g2e,6
uh1vo2yf9c46,27
uh1vo2yf9c46,24
azteiv4jlv7q,17
azteiv4jlv7q,1
gjdqsqts416p,22
s1auj4prq98f,21
iz4bnjzzcjgn,2
iz4bnjzzcjgn,25
xoepo4eie1oe,15
0oscnfwigs7x,23
0oscnfwigs7x,27
c6afmbtkaplz,1
c6afmbtkaplz,16
c6afmbtkaplz,8
enqii6idx8zl,25
enqii6idx8zl,14
enqii6idx8zl,3
c2wqnafxy3xr,24
c2wqnafxy3xr,22
qs5384lpfrfn,25
qs5384lpfrfn,11
ke676kwztzs9,4
i7pztat4ufsh,12
i7pztat4ufsh,29
i7pztat4ufsh,27
33jjk5t07rma,19
ttqwwbn5phyy,3
kghue9ne3fcl,10
kghue9ne3fcl,5
vlj4e9qu6cb6,22
vlj4e9qu6cb6,3
xas3oryw2q78,3
g90qg9r7izbv,15
g90qg9r7izbv,21
g90qg9r7izbv,5
8t4i1omct2td,1
0ok562z9a36b,6
0ok562z9a36b,24
0ok562z9a36b,26
o8uuqxd4ck2a,1
o8uuqxd4ck2a,18
9ibfvr2et76u,2
9ibfvr2et76u,18
q1mxzyfenydz,21
q1mxzyfenydz,25
wpcc1t22rtkz,9
wpcc1t22rtkz,26
gm7hmayar4il,18
htj45v6dmj8o,26
lim5mtt3217t,23
lim5mtt3217t,1
lim5mtt3217t,19
7q51tc5f53sh,20
2q41ea8awjxh,9
2q41ea8awjxh,7
2q41ea8awjxh,12
464ferk74z95,24
464ferk74z95,17
dnhsqcx3t94w,24
c19omq7e6sxi,15
c19omq7e6sxi,20
c19omq7e6sxi,4
gsr3alvwd430,29
whsvb3faauwf,20
whsvb3faauwf,19
wtznb28x08k0,7
wtznb28x08k0,10
wtznb28x08k0,1
w5wt5c7ovuhe,11
w5wt5c7ovuhe,8
849vopmpaov5,4
849vopmpaov5,3
849vopmpaov5,15
hzbly52ecpjk,12
j5p2sxvl24ig,26
zg74fvbha27g,24
zg74fvbha27g,20
5s0zt88x9wkd,23
5s0zt88x9wkd,21
5s0zt88x9wkd,12
4m0fhsubh3ib,13
4m0fhsubh3ib,19
d100mwv6ertu,22
d100mwv6ertu,16
8lsclpnhm5yt,13
8lsclpnhm5yt,1
8lsclpnhm5yt,23
5yja32qo8r5v,29
8fkz26os6su0,3
8fkz26os6su0,5
p6oejykhfip9,2
wbb51kgps34m,11
wbb51kgps34m,4
wbb51kgps34m,19
l3strz78ijnn,13
l3strz78ijnn,29
l3strz78ijnn,11
9wgtfpmlpr60,8
9wgtfpmlpr60,24
9wgtfpmlpr60,11
hpcdvjh2yg09,20
hpcdvjh2yg09,4
np6e5imq6zc8,26
np6e5imq6zc8,18
ko5crpz7qchf,15
ko5crpz7qchf,10
ko5crpz7qchf,9
q0byw61z378m,21
q0byw61z378m,22
q0byw61z378m,11
2xwk49f5w579,16
6iz8cb2ibleo,5
6iz8cb2ibleo,1
8uvy1dglfu48,11
8uvy1dglfu48,25
8uvy1dglfu48,5
f4upwhnhm9af,12
f4upwhnhm9af,2
a0reqrncx75k,4
a0reqrncx75k,22
32fpccij9fsq,29
32fpccij9fsq,8
32fpccij9fsq,25
tmbl870joucb,14
pm5qgjpy0i9g,1
pm5qgjpy0i9g,12
pm5qgjpy0i9g,11
6tfkgb6f68m7,14
6tfkgb6f68m7,21
mli3a6n7qyc8,13
0eyb40kcous7,27
72arayksxcn9,3
jejwhl2985wt,11
cp9opfpn4c2x,23
yrxk6kvq2gur,2
k8as3ghsabey,16
k8as3ghsabey,12
tsypmz3d6urk,3
wze2nxxdqqg7,17
wze2nxxdqqg7,13
wze2nxxdqqg7,29
ktufmmysz8pk,26
ktufmmysz8pk,1
6s23ir5qq4sb,5
6s23ir5qq4sb,10
6s23ir5qq4sb,2
w0xb8pcelt8h,20
dve7yxdxwwax,7
zfatdx1h8bhi,22
zfatdx1h8bhi,28
zfatdx1h8bhi,14
tpqh5r4b6wbj,8
3o0am38n8vo0,1
3o0am38n8vo0,15
3o0am38n8vo0,12
wu1ve4nujk7t,10
wu1ve4nujk7t,28
jg8aejbhyh90,15
jg8aejbhyh90,16
jg8aejbhyh90,7
ud8sji64bmfo,5
ud8sji64bmfo,3
ud8sji64bmfo,10
6pnyn4zvt821,4
6pnyn4zvt821,5
6pnyn4zvt821,17
d7mugp06qohp,19
tych2ncsrc0v,10
tych2ncsrc0v,28
tych2ncsrc0v,4
sl4e587679vg,22
sl4e587679vg,2
zgslex7srg74,7
zgslex7srg74,21
zgslex7srg74,29
po89ia3xzymr,15
o3ebqtk9foyc,9
o3ebqtk9foyc,12
c0agl56ja1lo,22
c0agl56ja1lo,13
c0agl56ja1lo,17
puj9m578jr0t,1
puj9m578jr0t,3
zuqnr6wpm38a,22
zuqnr6wpm38a,2
zuqnr6wpm38a,20
t9g6v36xjndk,19
5h8a3zujxp7f,3
5h8a3zujxp7f,4
5h8a3zujxp7f,20
qrj52gdk494f,22
qrj52gdk494f,15
qrj52gdk494f,4
w1aexddzlzgb,12
w1aexddzlzgb,5
wvlcbzrksoc5,22
wvlcbzrksoc5,5
wvlcbzrksoc5,24
j2bfqmf6a5bq,5
j2bfqmf6a5bq,18
tq7993dkjyfb,23
tq7993dkjyfb,9
tq7993dkjyfb,21
8r5zv8bquvzt,20
8r5zv8bquvzt,25
httu5w6728wy,15
iy8r023musjx,18
iy8r023musjx,24
lntciiucvdqm,27
lntciiucvdqm,8
v06xnym25j54,7
633zpeaqxwqj,13
9b0hezlkm2d0,28
q14aaqfzc8tq,23
q14aaqfzc8tq,14
q14aaqfzc8tq,9
gv9l51x728vz,26
lse5phvapwlq,4
82sqiubyyelj,29
82sqiubyyelj,6
82sqiubyyelj,26
gkovf34c3l3m,8
ap9nyrry20bb,21
5q5bqcspu2iu,6
5q5bqcspu2iu,25
rcrim0aedjvu,8
rcrim0aedjvu,22
rcrim0aedjvu,9
5lid5v2lbq7r,4
5lid5v2lbq7r,7
5lid5v2lbq7r,2
k3zfrvsrgnob,22
k106c39ufr9v,10
k106c39ufr9v,5
8qh6e8ieswmo,24
8qh6e8ieswmo,11
8qh6e8ieswmo,8
v5m2spqutfgi,8
1o3z75pi5api,8
qvzpwa2s46rm,24
qvzpwa2s46rm,14
30wj8mbcii13,15
30wj8mbcii13,24
30wj8mbcii13,10
56i7zc8p8uqm,10
56i7zc8p8uqm,13
56i7zc8p8uqm,6
zxuo79jeebhp,27
zxuo79jeebhp,7
zxuo79jeebhp,20
xdo4ldlm6aef,3
xdo4ldlm6aef,28
xdo4ldlm6aef,1
gur1utv2ndx8,16
gur1utv2ndx8,27
gur1utv2ndx8,12
x1y91mm0jssb,13
x1y91mm0jssb,26
g93e7320ef5a,8
58w2ug1eb8re,11
58w2ug1eb8re,6
afs8qlmtbvcm,18
lo3k5f63ppkj,21
lo3k5f63ppkj,11
e5bxg93aw3p8,26
e5bxg93aw3p8,12
e5bxg93aw3p8,1
sxoex5wm3zyt,17
55q65j9vyxy9,28
55q65j9vyxy9,19
55q65j9vyxy9,11
s2k06t056y87,22
vwiutcqkn50i,27
vwiutcqkn50i,16
vwiutcqkn50i,8
m7vesm7pce9r,2
eoxw7kqtx5u5,3
eoxw7kqtx5u5,21
ajqqknyvdb8b,17
ajqqknyvdb8b,3
0rzsrg7pzd4r,28
0rzsrg7pzd4r,19
glsbazlnjllo,1
glsbazlnjllo,28
r08ayjwgsdab,19
r08ayjwgsdab,9
r08ayjwgsdab,11
h6brolon3dis,18
qtd701khcy23,10
qtd701khcy23,14
hs8ut0j2rm07,25
hs8ut0j2rm07,22
hs8ut0j2rm07,24
6wdcn628kv5w,26
6wdcn628kv5w,27
6wdcn628kv5w,1
h5gkqrm231s2,15
h5gkqrm231s2,25
nttl6wgpnkpa,29
3d2hbe60ekoe,25
3d2hbe60ekoe,29
1telbloqb4dl,11
1telbloqb4dl,3
70al5ela99j5,21
70al5ela99j5,26
9ke5qcxzoc5g,25
n2j4i7raf2o8,25
6kp4utv5k9ju,1
6kp4utv5k9ju,20
r5cshwxwdu4f,23
s16zq13cnl9f,12
s16zq13cnl9f,26
qe6fzwx8qx0d,23
xb3k4tblp51v,6
xb3k4tblp51v,26
xb3k4tblp51v,18
tjuqkutgs9m2,1
5mj6g7ue3ij3,27
5mj6g7ue3ij3,14
wphzctsa1m2v,20
d79txd157evc,22
4uv1w88v1m2f,28
4uv1w88v1m2f,5
acg9lhkeykhi,11
acg9lhkeykhi,26
acg9lhkeykhi,19
4xi9d8eefpd3,12
wurqe4nymech,8
wurqe4nymech,2
wurqe4nymech,9
p5yrb3xi4m5f,20
k47j986y5xia,1
k47j986y5xia,14
k47j986y5xia,5
ttb8kx7een1e,1
ttb8kx7een1e,8
5m8l8zkuuye8,22
5m8l8zkuuye8,14
5m8l8zkuuye8,5
0a1r85n2l20e,26
7rcyy209bqmd,28
7rcyy209bqmd,8
28suy67yki0p,19
erl0nnqwdxqj,3
erl0nnqwdxqj,10
g1gyvqw9pl2o,13
g1gyvqw9pl2o,10
c61kqp4tsqsx,4
c61kqp4tsqsx,14
ue6hen06cdl5,13
mdzfurcab19s,17
mdzfurcab19s,19
ic66zkz1hrhy,21
ic66zkz1hrhy,13
bfyhl93su5ks,7
bfyhl93su5ks,13
ulcb83file56,23
ulcb83file56,14
ulcb83file56,15
hbq697fbmm31,19
xl7saykzd666,18
xl7saykzd666,24
xl7saykzd666,23
mrjtsajbqohf,22
mrjtsajbqohf,9
czx0t4vba6hy,23
x8zear385gwo,26
x8zear385gwo,14
x8zear385gwo,19
bmsl9n7piai5,4
bmsl9n7piai5,10
bmsl9n7piai5,25
9ho4j621ovgy,15
9ho4j621ovgy,1
y1af7neiuj20,28
y1af7neiuj20,5
v557hj7nkju5,16
v557hj7nkju5,6
v557hj7nkju5,10
knwr2mg0yme4,23
knwr2mg0yme4,6
j8ks3oqndqoj,9
q3r5hn94g0ur,29
q3r5hn94g0ur,10
x4rbju2abozq,9
x4rbju2abozq,12
huft9i28xe11,23
qjphn8r6reoe,1
qjphn8r6reoe,26
kuple4zq9hmo,24
b9h8w8q27gpi,25
b9h8w8q27gpi,21
b9h8w8q27gpi,5
zq7qx6j0ajoy,24
2l9dsbnet8ix,6
2l9dsbnet8ix,19
2l9dsbnet8ix,23
7u0kovosbzy2,5
7ljjlar8peoz,13
1jqfrv3n9s97,25
1jqfrv3n9s97,5
1jqfrv3n9s97,20
talg6ni7hno1,15
833fj049211h,23
833fj049211h,13
w3s8sjzpi9w9,15
w3s8sjzpi9w9,13
w3s8sjzpi9w9,14
i5ybc6vpy3lp,2
i5ybc6vpy3lp,14
8g430tw7xly2,14
8g430tw7xly2,23
8g430tw7xly2,28
wyx7k4r19jws,17
wyx7k4r19jws,27
wyx7k4r19jws,29
eh0nc8mgoer4,20
eh0nc8mgoer4,14
eh0nc8mgoer4,13
icf29kfyw2u8,23
icf29kfyw2u8,29
zop2tzqc3tfe,8
idxcx9kf01rt,14
idxcx9kf01rt,4
idxcx9kf01rt,11
0e2xi1y78ihb,15
0e2xi1y78ihb,1
0e2xi1y78ihb,25
zkp6wt3xiveh,5
sey1n4bm3kma,8
sey1n4bm3kma,24
sey1n4bm3kma,29
x6zat94ujy5r,4
x6zat94ujy5r,7
18872bs3czdy,16
18872bs3czdy,14
18872bs3czdy,24
7l6qu4gl6t0f,8
y9sxdzzy3d65,20
nr12icn29kba,1
nr12icn29kba,11
nr12icn29kba,2
28rb82ay06or,24
28rb82ay06or,17
28rb82ay06or,16
0h2hc2qp5k82,2
0h2hc2qp5k82,27
0h2hc2qp5k82,20
r9wufw0tsmt5,11
r9wufw0tsmt5,22
21s8xm8741a4,15
21s8xm8741a4,22
bby2opp02lrz,25
sgaicg4gu0lk,12
sgaicg4gu0lk,24
sgaicg4gu0lk,9
0owk6ssjqysh,24
0owk6ssjqysh,25
gkyad7r8w6g5,26
gkyad7r8w6g5,24
ubmy5b0f0rtl,13
ubmy5b0f0rtl,2
gd1b0p30piju,14
h2jx7kw15hmd,20
h2jx7kw15hmd,9
g065z630xgzk,29
g065z630xgzk,21
rneb64ziyw0f,7
d986cb6i0fvj,7
mauhepejqmu6,18
vexdl4f216nf,21
vexdl4f216nf,9
vexdl4f216nf,10
3279mnhsma2t,3
ddo818tmjhji,27
8xvn18f0iur9,2
8xvn18f0iur9,1
8xvn18f0iur9,5
j8ovvm5n0d2e,12
j8ovvm5n0d2e,16
j8ovvm5n0d2e,24
by16fmxaedom,13
uj1z34qgzeq4,6
uj1z34qgzeq4,26
gzvjlm4lphz3,14
gzvjlm4lphz3,9
gzvjlm4lphz3,22
7xz8eesy39yk,1
7xz8eesy39yk,26
7xz8eesy39yk,6
k0uxjt2yyoe8,25
za9potb327tg,24
za9potb327tg,9
za9potb327tg,3
44gqeychpj06,22
8d6ydbqjam6p,19
bczan1190njy,13
bczan1190njy,24
bczan1190njy,26
ldcnb9b6wetp,7
8zqf99cezfun,13
r5swdao6spub,17
u4sa9z41ahpt,17
u4sa9z41ahpt,2
ma3t0jmvb1ni,2
5lt9m4tz7xsg,12
5lt9m4tz7xsg,4
8bgspx8xnlc1,1
8bgspx8xnlc1,24
8bgspx8xnlc1,25
917x25gy5htf,20
pnaqm1nqqb2a,13
pnaqm1nqqb2a,11
635rwmxfitui,25
635rwmxfitui,29
635rwmxfitui,28
c76h3e1jrmz0,15
c76h3e1jrmz0,9
c76h3e1jrmz0,19
2yrt07k5ww1z,27
8pklhy9wmkjf,28
nlubhk9jxol4,28
nlubhk9jxol4,12
n9lb51zfv8wg,8
jcgovdqrmd6w,26
jcgovdqrmd6w,27
jcgovdqrmd6w,20
lx8kkgbk8y54,20
10kg7ca95mps,25
z1kpe0fru9qt,25
z1kpe0fru9qt,5
z1kpe0fru9qt,6
hnpl8ffwsy20,13
hnpl8ffwsy20,27
hnpl8ffwsy20,5
iovpfmdl66ot,16
iovpfmdl66ot,10
iovpfmdl66ot,25
qb7wc4cjq7yn,13
qb7wc4cjq7yn,9
doei4jjymwyx,7
doei4jjymwyx,17
a9f6wshy3t93,15
fjz30ay75ak4,22
fjz30ay75ak4,19
opbnxo1l52vo,9
opbnxo1l52vo,14
opbnxo1l52vo,2
z5u8cht9dwa9,8
z5u8cht9dwa9,10
z5u8cht9dwa9,5
0z9j5k9abfyv,6
0z9j5k9abfyv,7
fwm6r4ro95in,16
fwm6r4ro95in,7
fwm6r4ro95in,12
q6epz4fypev9,13
q6epz4fypev9,22
q6epz4fypev9,17
j7b47d9a4e1a,9
fd0j2eg2zvd4,16
fd0j2eg2zvd4,15
fb9rbf6pkfk1,6
8tflrdh3u6cg,16
8tflrdh3u6cg,25
rx6kw7dl1hql,9
rx6kw7dl1hql,21
olnvhn26ukjm,4
olnvhn26ukjm,26
hyltbneepnz5,14
hyltbneepnz5,6
yfa8v0xnzkjq,26
yfa8v0xnzkjq,16
4h2mvud45wjz,22
njxzpz8kd1s0,2
8svajh77m8lp,25
ri5if1n91f7n,20
ri5if1n91f7n,19
zbahd57ji7lb,25
zbahd57ji7lb,19
qa5irknhj1er,29
qa5irknhj1er,12
hc268ky53bw5,11
vdm0pkth0wi8,21
ilxn95ko4esp,6
ilxn95ko4esp,10
ilxn95ko4esp,7
0pnt87yq9v78,9
0pnt87yq9v78,26
i9s1f6w752ne,12
i9s1f6w752ne,16
z9bttr1ybiyo,4
z9bttr1ybiyo,6
z9bttr1ybiyo,9
gytbka5l0xgs,27
esc8ugmgs0pw,9
esc8ugmgs0pw,16
esc8ugmgs0pw,26
qf1iy4asyyg3,10
3azakqngdcbc,15
036llldgf3qu,10
036llldgf3qu,20
036llldgf3qu,5
2ubebdwahwl5,23
9iohawu23naw,2
9iohawu23naw,18
9iohawu23naw,11
qb5vosn5s8xc,6
qb5vosn5s8xc,22
0qfon1cnow84,27
0qfon1cnow84,23
0qfon1cnow84,11
kgggccfk2k6u,21
kgggccfk2k6u,10
kgggccfk2k6u,18
7se1q57p4ne8,4
rh7jt9kj7tw8,17
vw9okzy76tjo,20
g29ucod971ci,4
g29ucod971ci,3
98dwr4xtew6u,10
rnby2gjak50g,7
rnby2gjak50g,3
rnby2gjak50g,20
hgjamufaqe6g,19
hgjamufaqe6g,10
ixaufpq4a2hr,8
9rpvawhhieof,21
38cjg3q6ryk3,14
qktth6ggey0t,26
qktth6ggey0t,3
qktth6ggey0t,18
krdikvqfpfwl,8
rkkkg5aot86o,13
rkkkg5aot86o,3
rkkkg5aot86o,19
e8ix2eleqke7,15
e8ix2eleqke7,10
e8ix2eleqke7,25
nkvtwpq8cyp0,4
nkvtwpq8cyp0,11
zzcbxykefdn4,27
zzcbxykefdn4,10
zzcbxykefdn4,6
akmm658c31u9,22
pda1n9tupfu5,23
pda1n9tupfu5,2
pda1n9tupfu5,5
94tk99yy3es0,14
94tk99yy3es0,3
94tk99yy3es0,18
zi4ktjyw2i74,3
zi4ktjyw2i74,6
lgbf45a5zv9j,20
lgbf45a5zv9j,26
lgbf45a5zv9j,19
f1m7kdrrreil,24
f1m7kdrrreil,12
f1m7kdrrreil,26
t4e0fv8qmu9q,26
t4e0fv8qmu9q,1
9wgkvoln3zik,19
9wgkvoln3zik,16
isg9vbp49v1z,15
4hwud1onorh3,17
y8qfvcam04sq,13
l079up0742ad,26
l079up0742ad,10
l079up0742ad,11
2exgn0wnrrxb,10
0x8w7br3q0a4,7
0x8w7br3q0a4,2
krwfs92e4kgf,3
m8d5xkv1su4h,8
m8d5xkv1su4h,7
m8d5xkv1su4h,23
0ccx456n6nke,2
0ccx456n6nke,27
6zu5h16iw5th,23
11503rplz2ri,12
ibna9ra5x7o9,22
ibna9ra5x7o9,23
bcrlrxyxywu5,19
g9sbl5ubcfy6,15
g9sbl5ubcfy6,11
hgj6611f3wdm,7
hgj6611f3wdm,15
u7pk6k51afd5,27
u7pk6k51afd5,24
u7pk6k51afd5,16
miybweas4nmn,13
fpis5adafj5l,19
fpis5adafj5l,29
2rlbyyzaa11c,4
2rlbyyzaa11c,5
inbd0irwingc,14
2ljlmyjy0nhs,9
2ljlmyjy0nhs,11
2ljlmyjy0nhs,8
7mdio8gseicl,20
92tq0e99hpkz,11
92tq0e99hpkz,12
92tq0e99hpkz,10
aa2bg9xg1ql5,11
aa2bg9xg1ql5,2
aa2bg9xg1ql5,12
rpp0pse47qx8,13
vyjavh3iefnq,6
qxvi5nrg81j6,18
79x50gbwrbn8,11
79x50gbwrbn8,19
6advzl6oe1pf,18
6advzl6oe1pf,22
6advzl6oe1pf,25
el3yav2uxodw,2
el3yav2uxodw,22
l8n0fdb4ynbo,4
rm46twqt7u6p,5
rm46twqt7u6p,17
rm46twqt7u6p,18
r87xg7eu1npn,14
r87xg7eu1npn,19
r87xg7eu1npn,17
tpiziqcin1fc,22
q80qux4mbrjh,18
q80qux4mbrjh,7
8tdlpbscjsmu,21
76b1z6ytdfuz,27
15ite0h6uxr4,1
15ite0h6uxr4,8
fva1k8xd1qdi,23
2m5fdix6ku0n,4
5jlw9elngxzy,22
tcdmelbiwalp,18
tcdmelbiwalp,20
7cr9e8lp3zay,29
g47mlou08elz,8
g47mlou08elz,21
craabt0bqcz7,21
craabt0bqcz7,7
w1f3x7uhpot6,19
w1f3x7uhpot6,21
w1f3x7uhpot6,3
9z8byjenxzqd,1
uyk4ywkaaapp,27
uyk4ywkaaapp,20
mlfjkweee294,29
mlfjkweee294,25
mlfjkweee294,12
9pory9kn5shl,8
gi6cm5ena1sz,8
gi6cm5ena1sz,4
gi6cm5ena1sz,13
3x9ssm7bohfy,25
li8xxql7krck,8
h8rvov0xym5z,28
gx47xoekac7f,5
gx47xoekac7f,21
gx47xoekac7f,1
1nx0rgpbamv3,8
1nx0rgpbamv3,7
1nx0rgpbamv3,6
5xs68y1ulc4m,18
pwfh0hd6ffe1,9
pwfh0hd6ffe1,7
pwfh0hd6ffe1,23
7jur7es3c8qt,11
7jur7es3c8qt,28
dfym6ewe79be,5
dfym6ewe79be,20
vfq7gymoj7qg,9
vfq7gymoj7qg,22
vfq7gymoj7qg,18
c0wt03v9fo5u,23
c0wt03v9fo5u,13
c0wt03v9fo5u,19
e1b5lsmveg0a,4
e1b5lsmveg0a,26
3xiwpnbedqzj,11
3xiwpnbedqzj,27
3xiwpnbedqzj,5
byjqu2bwnucd,1
byjqu2bwnucd,23
9lhuu1w38e4s,24
4q98fceybmoo,11
4q98fceybmoo,13
x84qub2s8729,28
x84qub2s8729,26
v3ftp6ep2s3b,20
bnjjgbzsom5e,22
bnjjgbzsom5e,12
x43m15ll6p4l,18
x43m15ll6p4l,4
nqkdy3ttalop,25
nqkdy3ttalop,3
psrwic3kd49d,4
7vx0gqgijmzu,16
7vx0gqgijmzu,4
7vx0gqgijmzu,27
rb81hp1yerki,4
rb81hp1yerki,21
21ywk8mnobub,20
h2t02low48pe,5
h2t02low48pe,19
h2t02low48pe,9
yim01anf5oz1,10
vk39i8iygz7k,1
vk39i8iygz7k,28
pem1xx65jcar,25
1qywwyqnecxd,24
tvc1p2jf8hzv,28
tvc1p2jf8hzv,9
s1ewovpg6kuj,19
modg3f0f6k19,22
oliohcmkmgr3,5
oliohcmkmgr3,19
oliohcmkmgr3,27
6dkd2a0maox7,6
3jhlac9lfexj,19
3jhlac9lfexj,10
6olycaj6erq6,26
n7kp7sxvsexh,29
a3vh0wesnhg2,14
91ql8uv7zl13,6
91ql8uv7zl13,19
91ql8uv7zl13,23
iiuifappcf9e,9
iiuifappcf9e,21
iiuifappcf9e,16
0bzttmqrdpdd,22
0bzttmqrdpdd,20
lnfo0spntg9b,17
lnfo0spntg9b,29
gsk883cd7q3s,14
gsk883cd7q3s,3
gsk883cd7q3s,7
3allydzfr9v8,27
53479qe5rx7y,22
53479qe5rx7y,19
53479qe5rx7y,26
sr1g8eecqp8z,11
sr1g8eecqp8z,23
sr1g8eecqp8z,16
owxyg9fw2hy5,20
owxyg9fw2hy5,26
jpeoc36v6oop,8
jpeoc36v6oop,9
jpeoc36v6oop,18
g14fsy5aumsv,21
g14fsy5aumsv,8
ookw148kgy6x,22
ookw148kgy6x,16
dq3d68hocwra,20
dq3d68hocwra,17
dq3d68hocwra,25
5qzskjsjqnci,19
tuxr4dqz3zni,4
tuxr4dqz3zni,8
tuxr4dqz3zni,7
3m62ghs9fvw5,21
g54g6ibu1pgv,12
wj6vtsswdqdt,8
wj6vtsswdqdt,26
43bnlqklakqz,16
43bnlqklakqz,29
9rliazbugj1e,25
9rliazbugj1e,6
9rliazbugj1e,21
dty4j726uvhz,3
dty4j726uvhz,13
j5zhxwagnvd6,29
yzkk0pwvxs0c,11
vmpmkatn7m3n,28
vmpmkatn7m3n,29
vmpmkatn7m3n,6
38c23mtnuv6w,1
38c23mtnuv6w,23
38c23mtnuv6w,15
qlbp7kng1pt8,28
qlbp7kng1pt8,24
qlbp7kng1pt8,2
pmqa0ajj8qyt,15
pmqa0ajj8qyt,26
0mer1b8u9655,4
0mer1b8u9655,15
0mer1b8u9655,10
x8m7b1rua3yl,17
jrl0wr5oj54r,11
jrl0wr5oj54r,13
jrl0wr5oj54r,1
vgi0bmvp6ts1,18
8399kpyfw8q7,25
0oqrv2hy8f97,21
0oqrv2hy8f97,26
2plnlwa789fa,24
2plnlwa789fa,1
99dom22anf58,11
99dom22anf58,2
c9kv3vohvs3k,4
c9kv3vohvs3k,18
afrqmd3b5auw,16
afrqmd3b5auw,27
d7a3bjdzzi5w,10
d7a3bjdzzi5w,24
c0xvc44tlu21,23
c0xvc44tlu21,22
363s2w6r5j61,5
363s2w6r5j61,12
363s2w6r5j61,23
h0v6shxapk8m,16
ckcf7hpxz3gk,13
ckcf7hpxz3gk,19
ckcf7hpxz3gk,11
8jjrdhahi5bl,1
8jjrdhahi5bl,13
po8vcg83oomy,12
r33i73e993fe,13
r33i73e993fe,11
28gqlmhnggvp,1
28gqlmhnggvp,12
lytannluvq0g,2
lytannluvq0g,12
lytannluvq0g,1
za54mv464n4p,22
za54mv464n4p,2
638tldv060me,16
unyjgjyemopp,11
unyjgjyemopp,20
ngef937z6x1e,2
xu1b670ahjuf,16
q9zerc9fntrv,15
q9zerc9fntrv,19
0z2a2lp0oxc3,10
0z2a2lp0oxc3,21
0z2a2lp0oxc3,9
ef1ybwqvshw6,18
ef1ybwqvshw6,29
o0gjn1dqvi85,23
o0gjn1dqvi85,16
o0gjn1dqvi85,11
ntvu8c2xyicr,29
ntvu8c2xyicr,9
tphoq243zyor,23
tphoq243zyor,1
tphoq243zyor,15
3xnt1o5d1er6,9
3xnt1o5d1er6,28
xmd3zz0zpgbt,26
e3d0hxrippe2,3
e3d0hxrippe2,18
atbx2l595qlh,14
atbx2l595qlh,20
9txpr77j4vh8,27
9txpr77j4vh8,22
9txpr77j4vh8,19
bnxenpej5or3,22
bnxenpej5or3,14
bnxenpej5or3,26
vioo81nwvvet,26
vioo81nwvvet,28
xwgsx4s2t0wg,3
xwgsx4s2t0wg,28
xwgsx4s2t0wg,18
t4ymfsgyp77y,20
t4ymfsgyp77y,2
t4ymfsgyp77y,13
7nvkiaqdjjrb,15
smew4fsm6uln,17
smew4fsm6uln,27
smew4fsm6uln,10
i5fqqj8pdx0h,1
rcmyny87jjcm,21
rcmyny87jjcm,20
8c8lquvwse8a,5
8c8lquvwse8a,1
zh9ujdmpfuay,29
zh9ujdmpfuay,13
x9p386qgz08t,17
rrk28tlc8ewb,15
rrk28tlc8ewb,8
rrk28tlc8ewb,2
qkb3ipbn2ny6,18
qkb3ipbn2ny6,26
o5p7vvxf7xbe,9
o5p7vvxf7xbe,17
mfu2t8n2oy96,29
mfu2t8n2oy96,24
6bcoqb28u2nt,4
6bcoqb28u2nt,21
4hkd58vtik46,17
4hkd58vtik46,22
4hkd58vtik46,2
56bef7etr3ea,4
56bef7etr3ea,2
56bef7etr3ea,7
hw58xgh5l7tq,17
hw58xgh5l7tq,3
kvrh3b4dyksq,25
1v03bvenbvqp,18
mvoxuyus5244,13
v00tibmtxiye,20
v00tibmtxiye,5
v00tibmtxiye,26
pr971ewbjj7g,22
pr971ewbjj7g,25
pr971ewbjj7g,15
vcg8ey4cpyyh,3
vcg8ey4cpyyh,12
q78kf4abtbwx,9
q78kf4abtbwx,1
q78kf4abtbwx,12
sqhfrul2wsv6,29
42ds12peny0o,16
42ds12peny0o,8
42ds12peny0o,20
ajqfmxrwaidw,29
ajqfmxrwaidw,1
ajqfmxrwaidw,2
4akbppom5doj,9
4akbppom5doj,4
4akbppom5doj,28
incut1kj3r79,5
incut1kj3r79,2
i6hqjfk9xr9q,5
i6hqjfk9xr9q,4
i6hqjfk9xr9q,29
qz6jaivq4swm,12
qz6jaivq4swm,22
dksupxpgi7zz,8
70zqm271ee3d,5
70zqm271ee3d,10
3kr68goatk41,29
3kr68goatk41,10
3kr68goatk41,1
ewp1p2a1nhhv,22
ewp1p2a1nhhv,1
h9yi2akmi82j,26
h9yi2akmi82j,24
h9yi2akmi82j,9
evc0g7g5lx8m,4
evc0g7g5lx8m,11
evc0g7g5lx8m,26
ut4lh6wz3vpd,11
ut4lh6wz3vpd,24
ut4lh6wz3vpd,14
j9iqphw8y1m6,15
j9iqphw8y1m6,3
j9iqphw8y1m6,14
q6ahaj4930id,17
bvk7ewnkvyvj,1
bvk7ewnkvyvj,7
7e5vf0r2kf6f,7
7e5vf0r2kf6f,24
ozrxlj1ov58i,10
ozrxlj1ov58i,14
eg9wjmbwlpqu,21
eg9wjmbwlpqu,15
ulxh96zqyw1q,5
yhxvwx8u4gqk,14
m1pm44o53jhj,19
m1pm44o53jhj,14
jgd6w73ox7x4,9
jgd6w73ox7x4,20
h0g08c7cnj44,21
ql411kgss8oc,1
l44boc1vc6p1,5
0hg9sp14d4aa,28
0hg9sp14d4aa,17
dmk7wfalnray,6
dmk7wfalnray,17
ftd7cdnp5tj0,21
ftd7cdnp5tj0,23
14zrjm51ea3y,11
kt4oo84vmu7g,18
kt4oo84vmu7g,13
kt4oo84vmu7g,20
phlu1v8py796,11
6r420x1n5s6x,22
6r420x1n5s6x,14
bj9qoky0octr,22
sgpvqyxrtr7z,15
sgpvqyxrtr7z,27
sgpvqyxrtr7z,6
9zzqatixbgad,18
9zzqatixbgad,26
9zzqatixbgad,15
rid26vskemw3,12
1b798ym0oopg,16
1b798ym0oopg,5
1b798ym0oopg,22
ute08ijwfs3i,3
ute08ijwfs3i,22
ute08ijwfs3i,23
fzt8luc6lkdd,15
fzt8luc6lkdd,22
fzt8luc6lkdd,29
uh48gupbik4o,15
uh48gupbik4o,21
2uj9qdjvg0ff,27
2uj9qdjvg0ff,7
2uj9qdjvg0ff,4
8s9vlji9gc3z,9
k5c98pmlne4w,15
cepaf9gpogh8,18
b384vw7aw03a,22
b384vw7aw03a,14
b1elvjmc3qjw,27
b1elvjmc3qjw,9
dkc56g9jaz60,9
ew2qik9doewf,21
82f1cjvl76gu,15
82f1cjvl76gu,18
vun6gbniy3wr,9
vun6gbniy3wr,21
l8m09ihmnpgl,28
l8m09ihmnpgl,26
l8m09ihmnpgl,12
7u9zk21a9c0r,21
7u9zk21a9c0r,7
7u9zk21a9c0r,19
nlpc8ozpkd3u,25
nlpc8ozpkd3u,12
nlpc8ozpkd3u,26
88t05w0blr6i,19
hs65mv60mdb9,14
uuebwd25aaak,16
uuebwd25aaak,8
uuebwd25aaak,23
achs2v1rsi04,4
xd6g6fsq0u4m,20
fvdm9hvbrenj,12
fvdm9hvbrenj,4
fvdm9hvbrenj,21
syx55wj4ldir,4
syx55wj4ldir,11
syx55wj4ldir,25
o9uv8a24qzb2,3
o9uv8a24qzb2,22
o9uv8a24qzb2,2
43txudvij7ys,22
43txudvij7ys,12
43txudvij7ys,10
vdoszm0rwmj5,29
vdoszm0rwmj5,12
kd9eh6jvfnzy,27
kd9eh6jvfnzy,13
scndh2peujlg,1
bps4u4apmrl9,28
8easa8kz8ahm,25
8easa8kz8ahm,7
8easa8kz8ahm,27
prgzm38ols94,27
ni5kf1pw24sp,19
bmv5kp0e374n,18
9zz4f5qxtram,24
9zz4f5qxtram,25
9zz4f5qxtram,29
efmm6c8cww9j,6
2y76xkhor8gy,1
2y76xkhor8gy,18
2y76xkhor8gy,29
apz92jpy9ml9,29
apz92jpy9ml9,26
8nx5ury0epso,12
8nx5ury0epso,28
8nx5ury0epso,4
pnhm7zcpgayi,15
eb5dx6wrw310,25
44ml5i8564nm,8
44ml5i8564nm,25
ohh0jlipc0ss,20
ohh0jlipc0ss,12
ohh0jlipc0ss,11
3zhkriqhdcqj,20
3zhkriqhdcqj,5
3zhkriqhdcqj,16
lr4wpeey3m6g,26
lr4wpeey3m6g,4
4s9kpwfye1mf,20
4s9kpwfye1mf,7
4s9kpwfye1mf,25
w9ayatzcx1eo,4
g076gm6luqnz,13
g076gm6luqnz,16
l6wy3l882fgr,7
l6wy3l882fgr,29
hhtxttkgymnw,24
rtymxicvyav9,26
rtymxicvyav9,17
q4vsvrqt4x7q,2
q4vsvrqt4x7q,16
8hr4zfmtk3c6,23
8hr4zfmtk3c6,15
9tz9kw764utw,29
9tz9kw764utw,25
vzc54uhb2k20,27
vzc54uhb2k20,12
vzc54uhb2k20,4
7mer9s001k8j,22
vjtjm4fd8oge,1
vjtjm4fd8oge,15
qj51whqz45tf,11
qj51whqz45tf,26
qj51whqz45tf,9
25ftpd4tgx82,11
25ftpd4tgx82,21
3k0ihddypgp5,27
3k0ihddypgp5,3
v6kku43xlge7,28
v6kku43xlge7,12
413z22vmqfib,20
413z22vmqfib,24
tbdk2uojfnia,2
5r5vlowk91q6,13
5r5vlowk91q6,27
7n1x76a0v1sb,7
7n1x76a0v1sb,1
7n1x76a0v1sb,14
pen0mr2tszdh,20
7xv6whovw1fq,29
kelowx5yt7z7,19
as8pdym7kvsw,19
as8pdym7kvsw,4
as8pdym7kvsw,26
xe5rejk6jy5m,29
xe5rejk6jy5m,20
xe5rejk6jy5m,24
n1htpwasmgbq,27
n1htpwasmgbq,10
n1htpwasmgbq,24
zuboc3sh4vgy,11
zuboc3sh4vgy,22
zuboc3sh4vgy,10
aamdwe5tbq9s,6
aamdwe5tbq9s,2
e133wxqv0730,10
e133wxqv0730,19
e133wxqv0730,12
emq620ghyomi,28
emq620ghyomi,25
emq620ghyomi,11
jyp30p4zci1k,9
jyp30p4zci1k,17
jyp30p4zci1k,2
1u7dw0fzqszs,13
1u7dw0fzqszs,17
bidgf309q5xl,12
bidgf309q5xl,7
dd2xw5nzaj4z,18
dd2xw5nzaj4z,2
dd2xw5nzaj4z,28
t546wl31j3w5,10
9b3wiwvfbelo,2
9b3wiwvfbelo,20
9b3wiwvfbelo,6
030vdql1vwxl,24
030vdql1vwxl,14
030vdql1vwxl,15
htwp7p3yfyc1,13
htwp7p3yfyc1,16
htwp7p3yfyc1,23
js8t62klwh5l,19
js8t62klwh5l,9
js8t62klwh5l,5
2yjhliz69u07,7
yqu47d2r1n0u,19
yqu47d2r1n0u,13
yqu47d2r1n0u,10
da1fodobb5eb,26
6xo2ay7133bf,27
6xo2ay7133bf,12
okwcadb9rn1t,5
hikoh4r9phwh,5
dkn25c482j19,8
dkn25c482j19,15
f7yi355p2x56,25
385fg5ojvgrh,9
385fg5ojvgrh,29
qwptplfc1076,28
hsxt2gzs8k48,18
qxcmw1z01gs1,14
qxcmw1z01gs1,8
qxcmw1z01gs1,20
px06wpgxvuiu,1
px06wpgxvuiu,23
xdb3nlqzp5qb,1
3kxooe4xxd8x,12
3kxooe4xxd8x,5
3kxooe4xxd8x,17
f1l1hdlkfn9i,9
f1l1hdlkfn9i,29
f1l1hdlkfn9i,16
3a5jl8blsw5d,9
3a5jl8blsw5d,16
3a5jl8blsw5d,14
aem2b01v5tol,16
aem2b01v5tol,3
vohypo4m3lpn,22
vohypo4m3lpn,24
vohypo4m3lpn,20
1cdxs12q529e,1
6xkt86sq4zjv,1
6xkt86sq4zjv,26
6xkt86sq4zjv,11
tgdjf3dkkvju,10
tgdjf3dkkvju,14
tgdjf3dkkvju,12
uum0u65acfe0,2
uum0u65acfe0,29
uum0u65acfe0,9
e5hrb6ylshcq,20
e5hrb6ylshcq,14
e5hrb6ylshcq,29
qfkl0enlrpds,13
qfkl0enlrpds,15
103efl7vr727,23
103efl7vr727,7
k9do5x6otk4m,27
k9do5x6otk4m,17
vpko2qnze59a,8
vpko2qnze59a,16
39tc4jdffxz0,12
39tc4jdffxz0,10
u5ddx3esmun4,1
o9vciep6rwjr,13
jrsry2jks0i9,28
osktbud8wa7n,19
osktbud8wa7n,13
osktbud8wa7n,3
2itvr7s90wap,15
2itvr7s90wap,6
2itvr7s90wap,25
1mcs5gubkk4q,22
ji2vss2rg6du,9
ji2vss2rg6du,15
ji2vss2rg6du,28
c79s8d9y1fpd,9
p3l55hof3e18,5
p3l55hof3e18,17
p3l55hof3e18,28
0h3tou0uounf,27
0h3tou0uounf,26
m1p8og435uhv,4
m1p8og435uhv,19
m1p8og435uhv,9
q9md8l84xwpq,21
q9md8l84xwpq,2
q9md8l84xwpq,27
5mp12dqx9ya5,11
5mp12dqx9ya5,8
j91cx40dz73n,15
j91cx40dz73n,21
j91cx40dz73n,29
vkld8f1qbge6,28
ekseobq6lyr7,8
ekseobq6lyr7,15
ul42kjj00kn4,16
hkiltrk85zmr,13
ba2yopuuxzr6,27
ba2yopuuxzr6,20
dsoioy5gr64p,7
25lxm69odb9h,5
25lxm69odb9h,24
9s0zq3tkaai0,6
20omjjxzsl2z,2
20omjjxzsl2z,18
20omjjxzsl2z,20
t7svznqlhki3,25
7xyqtk6n4d42,12
7xyqtk6n4d42,26
7xyqtk6n4d42,29
ljtk8ugrqaiu,10
ffmoqx4o1tlc,29
ffmoqx4o1tlc,28
ffmoqx4o1tlc,12
qqlowq0purwt,29
6ngxk2bjxclx,19
6ngxk2bjxclx,26
eko7bmxq5sbk,4
eko7bmxq5sbk,6
yge4ji0gnv7y,20
yge4ji0gnv7y,4
md1ai5sbzvzz,20
md1ai5sbzvzz,29
epn530gjrsmd,2
gik1sp9bpy0w,7
vgobwbzhnu3t,26
vgobwbzhnu3t,9
mgibhjxvlivj,1
mgibhjxvlivj,4
xb9a1r9u6z88,11
xb9a1r9u6z88,5
gpc6c49zbth2,25
gpc6c49zbth2,28
o6brjujfjozq,29
n3b54fbw0kyb,6
n3b54fbw0kyb,18
j5govn3s1g5q,21
u2c6o1dpj708,8
u2c6o1dpj708,4
u2c6o1dpj708,18
8vcst5knl6j5,10
5tgvd1ue8e5y,26
5tgvd1ue8e5y,8
e6aehd0mztvx,14
e6aehd0mztvx,8
xrsn9vrjycyc,3
nblwx0x5hel0,1
nblwx0x5hel0,6
ica3zzk9qhvq,24
ica3zzk9qhvq,22
fct268kb904j,24
g7zl7uymf4km,5
g7zl7uymf4km,10
g7zl7uymf4km,3
jgi8by9ahu7y,27
avghcwfeq7m4,13
avghcwfeq7m4,20
avghcwfeq7m4,3
te4kex249gg1,19
te4kex249gg1,24
te4kex249gg1,20
jvwa8rqvsdfy,16
jvwa8rqvsdfy,6
jvwa8rqvsdfy,22
ljgpy25g2naf,13
ljgpy25g2naf,1
ljgpy25g2naf,6
w4i82bl4aghx,20
w4i82bl4aghx,19
w4i82bl4aghx,13
yxvkrdx2zdhp,9
yxvkrdx2zdhp,26
yxvkrdx2zdhp,25
j9925r0q9uir,4
j9925r0q9uir,25
n7l5zmh1zee9,13
p0d5s4vlxsn8,24
tnaonowzc3w5,14
tnaonowzc3w5,26
tnaonowzc3w5,17
shonhvbxgo3i,29
shonhvbxgo3i,19
klx3ls8fro7j,16
nzyfq0606y7k,1
ukluqjoekps5,12
ukluqjoekps5,9
ukluqjoekps5,8
3aj2nb2gw77v,16
lux2m75cfmqk,21
c3opdcy8m0g2,5
c3opdcy8m0g2,4
i4c0jx4ldvut,17
i4c0jx4ldvut,11
pljfwew0ubb1,11
pljfwew0ubb1,25
kmewvdgx3vic,25
axuzvdi8gfwz,12
w36i8vwkev80,5
l6inr2pbg4b3,27
l6inr2pbg4b3,20
l6inr2pbg4b3,29
5tv6t4ctt9g9,19
5tv6t4ctt9g9,14
t5sy6732n74k,20
t5sy6732n74k,1
t5sy6732n74k,3
14ttlsaiev1u,10
14ttlsaiev1u,5
14ttlsaiev1u,13
jknjng6l6hhn,9
jknjng6l6hhn,28
v3q8wgq6f29o,1
v3q8wgq6f29o,10
v3q8wgq6f29o,26
gbfwqmzeunez,1
pskmid2o15os,13
pskmid2o15os,24
pskmid2o15os,8
puc2t0ign8vg,22
puc2t0ign8vg,26
ol3z0wfsybcz,26
szzptxw4yuoj,24
mro7z572cmcg,13
d8jgsm4a9nb4,28
d8jgsm4a9nb4,16
d8jgsm4a9nb4,1
pro5w0tewmt4,14
t4lwwe1q8jzy,24
t4lwwe1q8jzy,18
opq8k0171jg1,3
opq8k0171jg1,14
u7remlbfggvw,29
u7remlbfggvw,24
u7remlbfggvw,17
grko4lgzl8rz,17
pvin8d9i6exw,21
pvin8d9i6exw,7
8qtnqzr85kq3,9
8qtnqzr85kq3,20
w79mrlam1fx5,15
w79mrlam1fx5,5
78mc4hgv7wzf,8
ixsqjv0f4518,19
ixsqjv0f4518,12
weeas8e9dp2j,27
c25i8laqpysk,29
kntf8xeamu4t,14
36o8182sh9bn,20
os3fkm7lya3j,13
os3fkm7lya3j,9
f545teldmyek,1
xrbdtqukh87l,14
xrbdtqukh87l,25
o89cktuo81m9,26
9yn0w3l1loxu,6
9yn0w3l1loxu,16
a0yrta9cli6a,25
a0yrta9cli6a,13
a0yrta9cli6a,27
dylklkipf29v,8
dylklkipf29v,26
rdz0rjj08fk6,21
rdz0rjj08fk6,7
ic1z3mvbxe9d,26
48v310oszqgu,6
48v310oszqgu,28
jcnmy3g3az1n,17
jcnmy3g3az1n,3
jcnmy3g3az1n,7
oge36jg1gwgo,7
oge36jg1gwgo,20
95kb7hl71j09,25
95kb7hl71j09,21
95kb7hl71j09,2
fuv6400siaox,1
a1ko7djwq967,21
a1ko7djwq967,20
a1ko7djwq967,5
escuqarpf9pp,13
3ctkzzayvk2v,24
3ctkzzayvk2v,25
3ctkzzayvk2v,5
fj99pxtrgy50,28
lj8596uo760x,22
lj8596uo760x,10
rev2fgs1eqhv,4
rev2fgs1eqhv,24
tdu9qgcr6y50,21
2mb1899p1lwd,25
2mb1899p1lwd,3
k5w2n773dekh,10
k5w2n773dekh,26
rx6acp3v6cyv,11
2gmdkyqi6d91,15
2gmdkyqi6d91,3
2gmdkyqi6d91,9
przr9trvi60a,29
przr9trvi60a,22
przr9trvi60a,20
1a0bxyarltwo,25
7aek59vm45zw,8
7aek59vm45zw,16
7aek59vm45zw,22
h0e3zdisyfr1,8
h0e3zdisyfr1,21
h0e3zdisyfr1,6
9iswkgiprisj,23
u8obvsviux4j,22
vys7pghwg8gc,4
vys7pghwg8gc,12
vys7pghwg8gc,6
2hq5adsyakzy,9
mvesj8wgaway,5
mvesj8wgaway,2
mvesj8wgaway,1
vcb0ngn9rnqw,7
vcb0ngn9rnqw,17
079jahd1liyb,7
079jahd1liyb,18
p69ux57ouwi5,29
taxxdsakmjkq,1
taxxdsakmjkq,3
30fyoqziuxzx,3
30fyoqziuxzx,4
30fyoqziuxzx,27
spag98v1wfi5,19
spag98v1wfi5,13
spag98v1wfi5,22
b9ugpuguyqpr,20
uu43a3dralys,4
uu43a3dralys,25
6t5fqfrwb6dr,15
6t5fqfrwb6dr,20
44xqn08tmo2v,4
44xqn08tmo2v,25
6m2dp6jc1z34,16
6m2dp6jc1z34,6
5uuyffsg5qh6,29
y94ymwjq8x8x,8
65rema1ys3el,14
hubtzipbgzfj,4
hubtzipbgzfj,21
hubtzipbgzfj,2
l6l46382c4ta,13
qwgbgp2pe58x,22
qwgbgp2pe58x,18
qwgbgp2pe58x,7
5dk99mfajkxn,21
02vdvvsovgsk,14
02vdvvsovgsk,17
02vdvvsovgsk,27
ywdm6b4qpuxq,27
ix2orf9wppv2,16
ix2orf9wppv2,15
ix2orf9wppv2,24
a7jjxuxmbh9t,6
4fob690iw1zi,13
4fob690iw1zi,5
3c8dsiy5b95f,22
3c8dsiy5b95f,26
h1zd89ozn13d,7
h1zd89ozn13d,16
6tbyvylmk13s,23
6tbyvylmk13s,20
6tbyvylmk13s,5
srgqmkrxnxy8,8
srgqmkrxnxy8,2
um3xt5guo9ig,13
p9au9864hy18,24
p9au9864hy18,22
p9au9864hy18,7
xih18nprfnjm,6
s2doyonbc9c2,14
s2doyonbc9c2,25
s2doyonbc9c2,13
y0plnllq8zbq,23
19pvgp6ymvh6,5
z3k8zjadgult,2
z3k8zjadgult,26
gj6ekb3vubvz,6
gj6ekb3vubvz,2
gj6ekb3vubvz,14
emooir1tku0a,21
emooir1tku0a,10
emooir1tku0a,27
r3cohnanktti,21
r3cohnanktti,9
rynodq80l78r,7
ihc8771xwbvo,2
ihc8771xwbvo,7
hmh7gl637izm,21
hmh7gl637izm,27
lz2i8rh63y4z,29
lz2i8rh63y4z,13
lz2i8rh63y4z,21
at8hscb0zcfl,14
7g62j0w9sxp9,14
7g62j0w9sxp9,18
cp9fgbfu3jy7,21
cp9fgbfu3jy7,9
wyepixrw3jpb,12
wyepixrw3jpb,11
wyepixrw3jpb,9
e5wjz352kbbr,10
e5wjz352kbbr,3
e5wjz352kbbr,29
l3qbplmgqnjw,23
l3qbplmgqnjw,5
z7gk3r7aubdb,10
z7gk3r7aubdb,29
p0mq61alb1l6,28
mdmli9w4p7we,15
rds9xnhdxj1b,19
rds9xnhdxj1b,7
wur6sspvkcgg,17
wur6sspvkcgg,26
wur6sspvkcgg,10
yvl4enzpb5p8,25
42jl4wcora4t,24
42jl4wcora4t,15
yt0o0e63bihh,19
yt0o0e63bihh,18
e9lpw72r2kps,15
keeazf4jk479,9
keeazf4jk479,17
keeazf4jk479,16
lx49e89sxezl,14
lx49e89sxezl,4
njajacq4pqb8,7
njajacq4pqb8,13
0djh1ag0yd4x,23
0djh1ag0yd4x,18
0djh1ag0yd4x,2
wekb4ma2gkvs,24
wekb4ma2gkvs,9
wekb4ma2gkvs,7
lpuulsiqgutd,29
lpuulsiqgutd,27
uw1pzc36ycs6,12
uw1pzc36ycs6,29
xgpx6z1hiyho,22
xgpx6z1hiyho,23
xgpx6z1hiyho,26
rofla6yrils1,12
rofla6yrils1,3
dmygjo6c83ed,17
dmygjo6c83ed,22
juagyijtu75o,15
c8au388ba3u9,4
c8au388ba3u9,26
c8au388ba3u9,27
iyot70lpgbn7,5
iyot70lpgbn7,8
r3gg8d2thp4s,8
btwn56g7eljm,12
5qbq9ew15njv,18
jobujbi5ixk5,29
ikole96k6nwt,24
ikole96k6nwt,4
4o3j5qkcuuai,26
l8drlmnnx2o3,25
l8drlmnnx2o3,13
l8drlmnnx2o3,29
hb09aotjnej3,7
hb09aotjnej3,13
ri51pkmcywxu,27
ri51pkmcywxu,21
ri51pkmcywxu,15
vkgsagdgrnu4,17
o2fi9yq731m4,7
u5p51luof8ik,3
u5p51luof8ik,13
co5n8twja0z5,12
co5n8twja0z5,28
co5n8twja0z5,3
zp9ffc0vnrid,24
zp9ffc0vnrid,11
nnhqpzf72b89,16
466t5yuijwdw,18
466t5yuijwdw,14
nqsikpazfesf,16
qj94a28ax5vd,22
vorckue8v3wp,28
vorckue8v3wp,26
nx91w2bx94u5,21
nx91w2bx94u5,8
nx91w2bx94u5,11
nmtcn5yhzkzh,1
nmtcn5yhzkzh,7
r94c46kpj8pg,6
r94c46kpj8pg,7
r94c46kpj8pg,20
a4zi2pw2ohkp,5
a4zi2pw2ohkp,29
a4zi2pw2ohkp,18
n9d4027ce3f5,1
n9d4027ce3f5,9
n9d4027ce3f5,7
ofe0emctd8wa,12
ofe0emctd8wa,9
ofe0emctd8wa,29
nmiswlte1mrl,28
nmiswlte1mrl,11
4kvq4rrkx0xg,5
4kvq4rrkx0xg,9
4kvq4rrkx0xg,10
do5gk56w1jrh,29
mi04lokil4ir,1
mi04lokil4ir,25
mi04lokil4ir,26
o4z97nmoygt7,10
o4z97nmoygt7,24
o4z97nmoygt7,23
k3kvtw1sunuu,28
k3kvtw1sunuu,11
k3kvtw1sunuu,25
f9yokruviwn5,10
4gzz3nis9m8g,29
4gzz3nis9m8g,15
4gzz3nis9m8g,20
khxjbe8wiyws,9
q7ie72m4fg0j,27
q7ie72m4fg0j,24
2tbke4a5di4e,25
sj7m2ufvugcz,13
sj7m2ufvugcz,22
sj7m2ufvugcz,2
6hq6kruu4x5w,4
6hq6kruu4x5w,25
6hq6kruu4x5w,2
kl7hviu7hawq,23
kl7hviu7hawq,18
hziq3bs1jnwi,15
htlhzd3lvkjk,24
t72tx9lz1vdb,18
t72tx9lz1vdb,24
ggifkh9buf3n,27
ggifkh9buf3n,11
nhoxkr69r135,11
nhoxkr69r135,24
nhoxkr69r135,22
tlted7q5ieu9,2
tlted7q5ieu9,6
ji241kzuedf0,29
ji241kzuedf0,1
ji241kzuedf0,10
jx20uf1vk0e5,8
jx20uf1vk0e5,29
u5cker47kjsr,12
ny9dn3j6qh88,19
ny9dn3j6qh88,10
ny9dn3j6qh88,5
xikfyakr9wue,9
gz6sldpm0b34,15
du29jb15xifh,19
fi61m2jhuz76,6
1rmf913ijvt3,28
1rmf913ijvt3,22
92uf7az11bju,11
92uf7az11bju,4
92uf7az11bju,26
gq68086xz3y2,6
gq68086xz3y2,7
lqryacxeebpi,11
lqryacxeebpi,20
lqryacxeebpi,1
yc2z52893007,14
cfx0xabfqcek,16
cfx0xabfqcek,4
w7a49xwt7zku,28
w7a49xwt7zku,14
w7a49xwt7zku,16
mxf4y3l8lj8e,17
mxf4y3l8lj8e,4
9ubup7rn6r7v,22
9ubup7rn6r7v,12
wp5dmgcgpmf1,10
wp5dmgcgpmf1,13
a4r4qqypuduj,24
a4r4qqypuduj,25
a4r4qqypuduj,4
wjgbgjj147fe,4
uu3rx6hpsqw3,8
4z5prni04izu,28
6hbm5m4n9fda,17
6hbm5m4n9fda,9
4tjvx9d0ybr4,13
4tjvx9d0ybr4,14
w69qasasy61k,8
w69qasasy61k,11
w69qasasy61k,29
ffiymku0clja,9
4q9q0fkrcd8i,13
4q9q0fkrcd8i,1
1xw0wct6ki16,29
1xw0wct6ki16,1
1xw0wct6ki16,12
0rspdfg9m3yz,25
77eg1wqrnxeb,17
g77cpt9s9b1h,4
xrj8sbfxw0io,7
xrj8sbfxw0io,29
xrj8sbfxw0io,16
hcyzg704xkfo,11
hcyzg704xkfo,16
8d6fj1dkm37v,20
8d6fj1dkm37v,4
8d6fj1dkm37v,11
qv74x8tnmfl1,1
qv74x8tnmfl1,25
qv74x8tnmfl1,13
8mq28zl0awbw,25
8mq28zl0awbw,10
8mq28zl0awbw,1
28cbflmapxbj,23
28cbflmapxbj,10
fcf3ivkm90cj,15
fcf3ivkm90cj,19
fcf3ivkm90cj,5
bj16nqcvo3u6,10
xgoataeypmja,24
tzw4osy9kgkh,18
tzw4osy9kgkh,1
tzw4osy9kgkh,25
8cfll9mx896c,6
x8m337jcma8s,14
x8m337jcma8s,18
x8m337jcma8s,21
7aaykj8gphcm,11
38f5tmfxcxvv,27
38f5tmfxcxvv,1
38f5tmfxcxvv,19
sv5cqcxuxtm0,17
sv5cqcxuxtm0,27
on3au2qqkc0l,24
on3au2qqkc0l,9
hxgjnerl34rc,23
hxgjnerl34rc,26
hxgjnerl34rc,28
9dpdw0smklln,3
ebrkpy9w8vy4,27
agmetq39yefl,10
agmetq39yefl,24
ksym6087oldp,19
ksym6087oldp,1
ksym6087oldp,6
eb5uq57otrhn,2
eb5uq57otrhn,15
eb5uq57otrhn,4
ie8t2v8ekmuu,25
7ndaapmnklhj,21
zzkznn0ilgk2,27
e82t4zf8dlev,29
e82t4zf8dlev,4
e82t4zf8dlev,1
4asnqgpu9li0,15
4asnqgpu9li0,7
4asnqgpu9li0,12
mk8jffrn154d,13
8c3uw6f6zvgs,4
8c3uw6f6zvgs,12
3s8tvk52mrrd,20
3s8tvk52mrrd,18
3s8tvk52mrrd,4
j9j0ys6a50me,4
j9j0ys6a50me,8
k5vawkz2ltrw,28
k5vawkz2ltrw,22
97dj3lym0s9g,1
97dj3lym0s9g,7
97dj3lym0s9g,11
xu9qfspwwy95,26
xu9qfspwwy95,10
0m0mgo628omz,6
0m0mgo628omz,10
0m0mgo628omz,4
cdhwac6svfhw,3
em1t3hytwss1,23
dlg7l77vf9wr,11
dlg7l77vf9wr,22
umbbzvfonbto,7
umbbzvfonbto,14
umbbzvfonbto,4
jvfe48948m7n,11
jvfe48948m7n,15
jvfe48948m7n,12
vztgo8mth5lo,5
vztgo8mth5lo,19
vztgo8mth5lo,12
r37mj0amgseh,18
r37mj0amgseh,21
6yhb661fno4y,6
6yhb661fno4y,14
8lwoycpz2q3z,12
8lwoycpz2q3z,19
8lwoycpz2q3z,6
naqa9ti391zt,9
14uxg6fklwji,19
14uxg6fklwji,21
04lyafr1bzjy,5
8my9vhupuki5,27
8my9vhupuki5,16
gbc4s00c35af,18
gbc4s00c35af,22
itfqk3897jwx,13
dio663iwxkzs,4
8gy63xnolzzm,26
l24uvoisy6v7,23
fef8a0tnf47o,13
eqfs7hswd7os,17
eqfs7hswd7os,2
eqfs7hswd7os,8
jb8wzvykfrmi,4
jb8wzvykfrmi,9
jb8wzvykfrmi,10
62p2b3d99go9,20
nxd4bfaz7y3u,4
nxd4bfaz7y3u,3
nxd4bfaz7y3u,17
oriq4ef1bgpd,2
vbb6lvyt3oje,26
vbb6lvyt3oje,24
jokp2qvmbb5p,22
oix82vvk0rbz,1
oix82vvk0rbz,27
tgiau1xg02yw,22
tgiau1xg02yw,10
tgiau1xg02yw,2
vcg8n2c89bde,3
yc1l06ayn2dx,6
yc1l06ayn2dx,29
yc1l06ayn2dx,17
qp55ky69wdq4,19
qp55ky69wdq4,5
qp55ky69wdq4,3
khajzbt491y5,2
etvgqvrok32o,19
pntejq08jthd,24
pntejq08jthd,20
pntejq08jthd,22
5ezavkidgz0a,26
5ezavkidgz0a,13
wlgl9sqzxq2z,12
wlgl9sqzxq2z,14
4zm49gtbfylw,1
4zm49gtbfylw,27
4zm49gtbfylw,18
vu2zmog6qicq,24
vu2zmog6qicq,22
vu2zmog6qicq,21
9nb0rprqf15i,17
ak92g036er5t,22
f89eh7l7kcqe,25
p2sz81j08t5s,11
7mp54fa6kfc6,26
7mp54fa6kfc6,15
jrgekk75asku,25
xwtgfa3uqljt,14
xwtgfa3uqljt,27
xwtgfa3uqljt,8
gn4qb6r31gzh,6
gn4qb6r31gzh,9
gdids5wbnrsx,14
gdids5wbnrsx,23
dnde4lqtpo7y,17
dnde4lqtpo7y,16
dxgupzofyr5v,8
wrskfgip4c01,14
wrskfgip4c01,15
qy1tzwmpvu5v,19
qy1tzwmpvu5v,2
o4ec9qyr6sz7,29
o4ec9qyr6sz7,11
5u0qqae3bsjy,16
5u0qqae3bsjy,1
5u0qqae3bsjy,10
3m9buofrsg1h,5
3m9buofrsg1h,2
3m9buofrsg1h,29
lgc1ylysow6y,10
iaiy04kuf11t,8
iaiy04kuf11t,14
redtr3ey960n,16
jujr8ablxmmh,21
w31xxkigwxp7,10
w31xxkigwxp7,5
w31xxkigwxp7,24
ibbh7fxoe9ae,24
ibbh7fxoe9ae,28
ibbh7fxoe9ae,22
wc55ptn21kzq,4
wc55ptn21kzq,19
wc55ptn21kzq,9
eq9c8m5f1d2c,2
eq9c8m5f1d2c,26
eq9c8m5f1d2c,12
8ngrlv1y3gau,6
8ngrlv1y3gau,21
w0nj1irsg1bn,15
w0nj1irsg1bn,20
w0nj1irsg1bn,13
z78oka50kodh,14
z78oka50kodh,21
z78oka50kodh,13
g2swynag758a,22
g2swynag758a,11
g2swynag758a,9
5w0t2oaue8f9,25
5w0t2oaue8f9,3
085s2eu8928f,19
085s2eu8928f,5
ogaqy3m8y6hu,19
ogaqy3m8y6hu,12
s2mniusbu7om,12
s2mniusbu7om,28
s2mniusbu7om,3
sd6i5h9sxfud,15
sd6i5h9sxfud,25
ygi3yx5n7g3h,11
3c3gn53bg3fn,10
vl6txkx26ezh,1
vl6txkx26ezh,4
vl6txkx26ezh,28
un9t5tf64mgl,11
vbyh3tujls1r,5
xo2tb5zjz542,25
xo2tb5zjz542,3
qw1dvftkrsqb,21
f898wn6tbwhu,4
f898wn6tbwhu,21
f898wn6tbwhu,1
vxz26k3zkg8v,5
vxz26k3zkg8v,14
mpq3bbjdzoej,26
mpq3bbjdzoej,27
wevlrnd8vfpw,5
wevlrnd8vfpw,27
wevlrnd8vfpw,3
5o1xi3wql3iz,29
5o1xi3wql3iz,27
w69p02q8jff4,23
w69p02q8jff4,12
5z1odj5oak29,7
vmmr6r38868e,3
vmmr6r38868e,19
axwc8fwcu1td,4
axwc8fwcu1td,2
axwc8fwcu1td,25
nkgaqw0v87o5,19
fcpoeog3b4os,19
f6u0na44tvog,10
f6u0na44tvog,27
z9b5goqihcj5,17
z9b5goqihcj5,10
z9b5goqihcj5,23
mwynni2beuia,3
mwynni2beuia,28
mwynni2beuia,21
ybid94xk2woe,29
ybid94xk2woe,10
6pholaal3w2g,25
46bfq16ku79p,11
46bfq16ku79p,16
46bfq16ku79p,8
qtnr5067odrk,7
qtnr5067odrk,29
qtnr5067odrk,17
eucxtgoctllo,19
eevdk0sjw035,17
eevdk0sjw035,14
1ieeogsmkro2,12
1ieeogsmkro2,29
1ieeogsmkro2,9
p6k6lnkyn03c,5
p6k6lnkyn03c,26
p6k6lnkyn03c,15
3gog4fanwmtt,28
3gog4fanwmtt,15
40er1cm2fsmf,19
40er1cm2fsmf,12
yb3snl9fluiq,12
yb3snl9fluiq,2
h8n0ss8sdmg6,14
h8n0ss8sdmg6,27
h8n0ss8sdmg6,22
3y1frf0ss8hb,25
3y1frf0ss8hb,27
n1iqtdinpnwb,3
n1iqtdinpnwb,27
n1iqtdinpnwb,6
zcy6pxm5pyc0,20
zcy6pxm5pyc0,12
36sitrqj3kbz,11
36sitrqj3kbz,16
36sitrqj3kbz,12
uakcg8xdn7p6,17
uakcg8xdn7p6,28
uakcg8xdn7p6,13
qjy9qyjj2g90,5
zylkq39e6bhk,18
zylkq39e6bhk,14
v15b0ixodwc0,20
v15b0ixodwc0,24
v15b0ixodwc0,17
kzo4myed0f9j,26
kzo4myed0f9j,24
mli3h2rcouka,22
gj7v623ak5p6,1
gj7v623ak5p6,13
gj7v623ak5p6,23
e5hkrimytgwi,27
e5hkrimytgwi,10
e5hkrimytgwi,13
6dj8iphf7rzk,15
zhfmhjdx9mpi,25
zhfmhjdx9mpi,24
y7og128lbk1e,21
1v7p4xylvf8x,25
1v7p4xylvf8x,29
nl9yjqcbkw5l,19
nl9yjqcbkw5l,12
05um2icxiib2,7
oy8x9ndlu73t,23
oy8x9ndlu73t,8
oy8x9ndlu73t,15
jtt6zptpo4fw,28
jtt6zptpo4fw,16
1hvjcmtx75nf,12
1hvjcmtx75nf,1
1hvjcmtx75nf,23
oz91h08gz8kr,15
oz91h08gz8kr,2
ph0q0420bulu,6
ph0q0420bulu,3
ph0q0420bulu,2
elh3kjhms94q,26
elh3kjhms94q,18
fbsfwu27s28u,9
fbsfwu27s28u,12
csbfnch90kob,12
csbfnch90kob,4
mqgro9r08gzi,21
bpevpahf2jl7,27
bpevpahf2jl7,19
8mfxadutcwye,27
8mfxadutcwye,19
rf2xnde3c0oe,14
rf2xnde3c0oe,25
tm3znzxxq0t4,6
tm3znzxxq0t4,8
tmsjgeng6c8z,22
tmsjgeng6c8z,3
cgxv87m7jhiu,2
l0kb9e670vyy,4
l0kb9e670vyy,7
l0kb9e670vyy,25
wsxjkjeoaykf,11
wsxjkjeoaykf,25
ikbdukivhtvp,22
l1ggrnx9tvj8,21
l1ggrnx9tvj8,22
l1ggrnx9tvj8,16
ydbkm9u86w06,10
ydbkm9u86w06,2
88hcepxrklu6,11
88hcepxrklu6,8
88hcepxrklu6,17
kz22yux6elgh,27
kz22yux6elgh,9
kz22yux6elgh,15
a8uh0hu2904m,2
a8uh0hu2904m,5
0wzhn1db5b2n,29
0wzhn1db5b2n,14
0wzhn1db5b2n,23
zquq8txjy9z4,14
zquq8txjy9z4,5
zquq8txjy9z4,29
0wzbkf9lu0ro,9
5oiqufbxow76,18
5oiqufbxow76,16
fslwszhu96kx,2
fslwszhu96kx,24
i25ji9d4q36b,14
i25ji9d4q36b,16
i25ji9d4q36b,22
8fg67efhpfgl,10
8fg67efhpfgl,22
8fg67efhpfgl,29
jihs4g986yfw,2
io01cp9fkuq4,25
8epkplma7p1h,27
8epkplma7p1h,13
jt47pg0g58s5,5
jt47pg0g58s5,15
ywfosxwfi31j,19
ywfosxwfi31j,14
ywfosxwfi31j,18
t3b061a2dfib,26
t3b061a2dfib,3
t3b061a2dfib,17
js3npr7yqgsd,17
js3npr7yqgsd,16
p8rojnjvzl6n,12
p8rojnjvzl6n,20
wj3poiu6cleq,22
wj3poiu6cleq,26
7juyimmol54j,4
7juyimmol54j,23
7juyimmol54j,2
2hoa748omtmx,19
qxlw0k1wbnk4,13
qxlw0k1wbnk4,18
qxlw0k1wbnk4,19
l9hpiqryc8lz,4
l9hpiqryc8lz,5
xyyc86qmrmmd,15
xyyc86qmrmmd,1
1ddxolj69ite,5
1ddxolj69ite,6
syz5b5yrm3qr,10
syz5b5yrm3qr,13
syz5b5yrm3qr,27
kqzewj7zchie,13
kqzewj7zchie,1
x9vyodex8s09,14
8gnl0ri4ubue,12
8gnl0ri4ubue,11
far6in1eemf9,12
far6in1eemf9,14
far6in1eemf9,23
bl81o3f17o5q,4
bl81o3f17o5q,23
bl81o3f17o5q,7
mxmiuallupk7,11
snct2jk7f0de,24
snct2jk7f0de,18
snct2jk7f0de,11
69pphh2cvyit,15
69pphh2cvyit,9
69pphh2cvyit,8
fxdf9nz0wiz2,7
fxdf9nz0wiz2,14
fxdf9nz0wiz2,19
t4ynqkm4q11k,25
t4ynqkm4q11k,16
05trrlu6snn6,5
05trrlu6snn6,23
sl20mslf3msv,4
sl20mslf3msv,18
sl20mslf3msv,9
i0fzupfvzyqa,27
i0fzupfvzyqa,14
i0fzupfvzyqa,17
arfu3zb5ot7h,8
h5u10xtvl9ex,22
hkjrxk194fw5,15
hkjrxk194fw5,18
hkjrxk194fw5,17
rnilestwc7e8,20
ufumycwz8rcm,3
ufumycwz8rcm,14
ufumycwz8rcm,9
7nnu732wcwi9,15
5iqs9gzn5263,9
qkm2wlqntauc,28
bm3vfi7rzdab,18
bm3vfi7rzdab,9
bm3vfi7rzdab,25
rvf6ovc8zc0k,5
9c9qyl9kee04,25
y1v0kw3wwjlm,19
x2q9zmifq3tj,12
x2q9zmifq3tj,9
x2q9zmifq3tj,20
dxxetvzphrdo,12
dxxetvzphrdo,3
511rvqkkibo9,3
511rvqkkibo9,11
511rvqkkibo9,18
plzmuwp0um5z,9
plzmuwp0um5z,26
grx96sn0lay9,28
grx96sn0lay9,5
grx96sn0lay9,20
jnewt06rwfle,15
yyi16s59uzuw,15
yyi16s59uzuw,16
yyi16s59uzuw,26
k6tqp3o3sc1s,15
tstwhgs7cc93,18
3zuxrmvaon22,18
jj11x2j6m4sn,25
jj11x2j6m4sn,18
jj11x2j6m4sn,19
og5fpjz31jos,2
og5fpjz31jos,5
ut1survpdd4t,6
wmo6azk4s4xx,5
s67zwduapnzm,20
j359nijmeqik,24
j359nijmeqik,6
j359nijmeqik,29
qegnnzji0bat,7
qegnnzji0bat,9
qegnnzji0bat,16
tzdbgo04n0rx,6
tzdbgo04n0rx,11
9yg8dbjuhywh,5
zvep20cd7kit,10
zvep20cd7kit,7
1z3fnq6kz2ay,17
1z3fnq6kz2ay,22
974qx3golgrw,21
fyioeipwjl96,21
fyioeipwjl96,3
fyioeipwjl96,13
7hye7d4kis9m,18
7hye7d4kis9m,19
7hye7d4kis9m,17
g9oh6s4ihmgl,19
g9oh6s4ihmgl,8
gw2vmwojjzno,2
gw2vmwojjzno,12
oufgn23yv0x6,23
i34iw2f4t7ff,16
i34iw2f4t7ff,22
qjxb6avkz4si,4
qjxb6avkz4si,25
84xwysnaan46,23
84xwysnaan46,14
td3678q05k49,3
ehy8ci55r7do,11
ehy8ci55r7do,23
t7g3beogou6t,19
1l62gq5hzpr0,18
1l62gq5hzpr0,20
sp6g8jg7enc4,14
sp6g8jg7enc4,13
sp6g8jg7enc4,24
qkpzhlkiouet,2
qkpzhlkiouet,7
wbj2zuplgn8b,25
wbj2zuplgn8b,8
wbj2zuplgn8b,9
tsodug8i0mg4,20
tsodug8i0mg4,16
tsodug8i0mg4,12
v0pjqj6dgaj5,25
v0pjqj6dgaj5,15
v0pjqj6dgaj5,23
lo2b15hjw77x,3
raf8mqrfe9qg,17
raf8mqrfe9qg,28
l9kalme8ffnj,24
l9kalme8ffnj,8
erqttry2y65u,22
erqttry2y65u,16
wm3guvb5mutb,10
stg3sk2lsivt,11
stg3sk2lsivt,18
q8yieqyyunhw,22
q8yieqyyunhw,27
q8yieqyyunhw,2
jpncmhv93e5q,17
jpncmhv93e5q,12
jpncmhv93e5q,14
0f7t7dqc7hij,3
0f7t7dqc7hij,1
0f7t7dqc7hij,18
10o5bt0wrag8,12
0pmfrzycmiuu,6
48nm3sd944kp,4
48nm3sd944kp,2
4x5slw5j5kfm,26
4x5slw5j5kfm,27
4x5slw5j5kfm,25
ii1hyd3xush7,9
j91idxkl1hju,18
j91idxkl1hju,23
j91idxkl1hju,10
hhn6glm65m1y,6
hhn6glm65m1y,4
hhn6glm65m1y,13
kj3n7vzg5i73,9
z8xusqubms0u,16
sskkegttui4v,17
sskkegttui4v,11
sskkegttui4v,22
ghjbua1qgv1x,10
wnf9ph61evz5,4
wnf9ph61evz5,6
wnf9ph61evz5,15
qcaxc27kak7e,21
qcaxc27kak7e,1
i499vumfrnj6,11
uj8jr7u86nyk,4
uj8jr7u86nyk,20
uj8jr7u86nyk,7
38s037bh4z0q,15
38s037bh4z0q,20
38s037bh4z0q,14
x384n6q3tpac,16
x384n6q3tpac,17
9krkbz1bm175,10
9krkbz1bm175,4
bd60bx6sidk7,2
bd60bx6sidk7,27
bd60bx6sidk7,19
76chskwjgpe0,25
76chskwjgpe0,2
76chskwjgpe0,15
qarmoo51vub7,4
qarmoo51vub7,26
qarmoo51vub7,28
a6v8q7y8bvov,5
a6v8q7y8bvov,6
a6v8q7y8bvov,3
ejaix5dv02pw,11
ejaix5dv02pw,4
ejaix5dv02pw,21
7x80jy27xlcz,3
7x80jy27xlcz,2
0i49t6xmr1g9,13
w34xx3epjk85,19
w34xx3epjk85,26
ua563lmw4mg1,8
ua563lmw4mg1,4
ua563lmw4mg1,23
unbesggq52wv,18
6ypvuuq60s7e,8
6ypvuuq60s7e,22
6ypvuuq60s7e,1
nsbniixudcdz,22
nsbniixudcdz,12
nsbniixudcdz,28
1a83qc8cwyn5,3
y7k1fzg4482p,2
y7k1fzg4482p,18
y7k1fzg4482p,8
s84mrch56mvc,1
vwx1h7mht2om,18
e833w76mj2b5,23
3p7967wdc3ce,10
3p7967wdc3ce,12
3p7967wdc3ce,5
4tlw4a8ha5sk,27
4tlw4a8ha5sk,29
4tlw4a8ha5sk,14
8fhsjc9mhpwr,16
us37n3cvhh2t,22
us37n3cvhh2t,17
us37n3cvhh2t,24
z1n75biw543r,7
z1n75biw543r,14
z1n75biw543r,29
mna98aklcqwt,14
mna98aklcqwt,12
mna98aklcqwt,16
j02om9x0toow,18
j02om9x0toow,1
b2wij022l27s,28
b2wij022l27s,24
b2wij022l27s,11
dlr3fi7p3g3u,19
9isy2ek2v4p1,7
kj0rwftppvhl,26
qellgvj2fwdv,1
qellgvj2fwdv,23
qellgvj2fwdv,24
lt2w9z8bvnlg,9
50yjhfw9h2xr,18
ch6cl3ai3vh5,14
ch6cl3ai3vh5,7
ch6cl3ai3vh5,15
codr5ogsyitf,7
codr5ogsyitf,22
codr5ogsyitf,18
1w1wrgzh4r6l,5
1w1wrgzh4r6l,23
1w1wrgzh4r6l,28
dfojs9j1g6ci,12
u5s8f17y5qr4,16
40se9pha3oxm,21
40se9pha3oxm,5
eehtm8js1u48,26
eehtm8js1u48,28
eehtm8js1u48,12
213sa20jm0fr,26
213sa20jm0fr,19
8mf0pwf3qdyd,22
8mf0pwf3qdyd,9
8mf0pwf3qdyd,28
14awro60mr5x,7
9xtvyesshnml,19
7futchvawt7b,7
7futchvawt7b,5
0iml18xr1an8,28
ega4olj00meh,10
yx12ujn7rc2q,13
yx12ujn7rc2q,23
7sc9fj55u6ku,1
3joqyp08fre9,9
qg8owlq6baex,10
hg8fwmaq9wyq,10
ur86tci2d3i5,14
o0yddu9udxqx,18
o0yddu9udxqx,4
1wregyzffyps,6
c9h5u4kjzhl2,9
c9h5u4kjzhl2,15
c9h5u4kjzhl2,4
uezkrrvfbfb9,24
ad02ajb2jldj,3
ad02ajb2jldj,11
ad02ajb2jldj,26
csc3qk7w8v1l,25
csc3qk7w8v1l,12
csc3qk7w8v1l,10
9ts3pzrd97k8,9
9ts3pzrd97k8,2
xsz879rzhidi,7
xsz879rzhidi,15
0lkn19wrouba,8
0lkn19wrouba,16
0lkn19wrouba,22
r597p52ip8rj,18
0qch78w4v5k5,28
0qch78w4v5k5,5
ew8td5ulxx53,25
w6pm93poavyl,18
mugcs4ubozyk,23
6vx1pc4nvxlp,12
6vx1pc4nvxlp,10
1xmjzb8ekui0,4
1xmjzb8ekui0,16
wea190iuml27,18
wea190iuml27,10
wea190iuml27,1
tr8iwl9xsq0t,13
bnenv3g5vjh3,18
bnenv3g5vjh3,29
9ravmv005htz,15
9ravmv005htz,16
9ravmv005htz,28
mtib4j869pwo,19
mtib4j869pwo,21
mtib4j869pwo,20
thtxh4a209ju,24
thtxh4a209ju,16
thtxh4a209ju,15
vyc7zrlekk99,12
xsw9vt2y19oz,24
p2ooak220lh0,1
p2ooak220lh0,17
dxast3piqopp,3
szlour3iobbm,11
szlour3iobbm,21
szlour3iobbm,19
5k2jpbq56we1,17
5k2jpbq56we1,21
irviqiqf2hfs,2
irviqiqf2hfs,12
irviqiqf2hfs,1
xrqt9e6urgz2,25
xrqt9e6urgz2,12
gogmuyzuupcm,13
gogmuyzuupcm,14
yjij73rxacxn,17
yjij73rxacxn,19
yjij73rxacxn,24
xb7hy4pc8loo,14
3xem1iqp7uih,18
bcdo7y68bdsq,29
z1vvn71aeo6f,1
z1vvn71aeo6f,11
z1vvn71aeo6f,26
hs9oawi3k5if,18
hs9oawi3k5if,3
hs9oawi3k5if,7
y6lxgmxqazqq,25
y6lxgmxqazqq,26
uvj2pp5lqna9,16
uvj2pp5lqna9,2
uvj2pp5lqna9,26
tke0xahhypz9,21
tke0xahhypz9,19
6svq4mth1ofi,21
6svq4mth1ofi,16
8k0ih67gu4sq,13
gzbbplu0ym1t,27
gzbbplu0ym1t,5
gzbbplu0ym1t,12
mbrc2xo6yv17,26
mbrc2xo6yv17,29
mbrc2xo6yv17,22
cp8qhj7t9gc0,5
css0edup65ep,18
css0edup65ep,16
5r8mq6114vxd,1
5r8mq6114vxd,9
hkspdhbvlx7d,18
hkspdhbvlx7d,22
hkspdhbvlx7d,27
w790ys0s7stc,9
w790ys0s7stc,24
tp1gnvxkexks,11
tp1gnvxkexks,7
tp1gnvxkexks,4
5bpbfzezdkge,26
5bpbfzezdkge,8
5bpbfzezdkge,27
17jvwzk25jy9,18
17jvwzk25jy9,3
17jvwzk25jy9,24
4ra9baarjbon,20
08g56v5aoj8z,29
fmjjt7xezq7g,26
fmjjt7xezq7g,3
fmjjt7xezq7g,19
egj36j785jt4,1
egj36j785jt4,13
egj36j785jt4,28
2obvnglf1m8o,25
2obvnglf1m8o,14
loq9y6j6193z,1
z5hxataf83dc,6
jlbt5hhxgg03,28
jlbt5hhxgg03,10
jlbt5hhxgg03,24
uwtz1rrq53xj,16
ypiqxtc5s20n,25
a34mr9npvtrb,1
a34mr9npvtrb,28
a34mr9npvtrb,10
pss8clocv80i,15
pss8clocv80i,29
pss8clocv80i,10
um2suqs8jhlk,26
um2suqs8jhlk,1
rl25g98mqyae,19
rl25g98mqyae,24
rl25g98mqyae,25
w3caei3ulmaf,5
w3caei3ulmaf,26
bjab4igem07z,5
bjab4igem07z,8
bjab4igem07z,18
0k4dev7nz81u,20
0k4dev7nz81u,24
gijrpibb1g8v,11
gijrpibb1g8v,22
c2qgp7h7lkra,9
ctjuqhpqtu0a,14
z9das509iaws,12
8h5sa1avwyzc,28
8h5sa1avwyzc,20
8h5sa1avwyzc,3
x3nmz7cbcq46,7
x3nmz7cbcq46,11
x3nmz7cbcq46,2
o8ehx3ul8gsg,11
o8ehx3ul8gsg,2
xlukyxnx9ft1,2
88pd43ne1vqv,22
88pd43ne1vqv,10
88pd43ne1vqv,11
jt40v365guf6,4
jt40v365guf6,17
t2tniv8s4ty0,2
t2tniv8s4ty0,1
t2tniv8s4ty0,8
vt0fss4jadnt,27
vt0fss4jadnt,12
vt0fss4jadnt,28
d44pntc1ottf,12
d44pntc1ottf,19
8wnlc61xulry,16
p8s3ryi0z8ja,23
wiv9iqjl20sp,24
qlsoce3p3z7g,9
qlsoce3p3z7g,18
poma5o15ceyw,20
poma5o15ceyw,8
poma5o15ceyw,6
m6vci6afia7o,21
m6vci6afia7o,25
zpjqi88cjczf,29
zpjqi88cjczf,8
zpjqi88cjczf,23
sdm8icp8oc68,11
sdm8icp8oc68,19
sdm8icp8oc68,14
fy9y3tv97rxz,25
ch7oa4acgwck,13
ch7oa4acgwck,12
ch7oa4acgwck,9
h5ilx0d5w8l8,5
h5ilx0d5w8l8,11
bf2fx2929ey7,9
bf2fx2929ey7,11
45n84gfp2e66,9
atrqtxu3v9e5,9
atrqtxu3v9e5,8
1tp3erp7ugdl,1
1tp3erp7ugdl,10
1tp3erp7ugdl,22
nc6bl7perunv,14
nc6bl7perunv,4
d3rmd137wehn,28
v5g9iu1en1cd,11
q3kbivtnojux,27
q3kbivtnojux,10
q3kbivtnojux,13
ekwr44316odb,21
jzz24zmhqzhc,1
wouqofd2jo1w,22
wouqofd2jo1w,13
h1x7198uvv0b,18
vv5bfkpjkfer,29
vv5bfkpjkfer,16
vv5bfkpjkfer,6
rqgptc089rem,4
rqgptc089rem,29
rqgptc089rem,21
vdkr81qouvc1,7
vdkr81qouvc1,5
yob2ldluey5d,7
t7hngkx1s4bq,11
t7hngkx1s4bq,24
t7hngkx1s4bq,27
ey3thq5wf6nk,10
ey3thq5wf6nk,29
j6a2elycs2hn,10
pi0bnc1dsv3s,26
pi0bnc1dsv3s,20
pi0bnc1dsv3s,15
03dtr37jili9,14
03dtr37jili9,19
3yh3emjy8936,3
ca012t8omkt3,7
ca012t8omkt3,16
peexzofl1uyj,6
3guaqr3uv05g,10
3guaqr3uv05g,17
shenwlca3kjm,22
shenwlca3kjm,12
shenwlca3kjm,18
v9ykfo7kxipc,4
4h834g2oyosi,21
4h834g2oyosi,20
z8d1uj910ziz,29
z8d1uj910ziz,14
4rwd5fikrosy,26
byykec42v3md,10
byykec42v3md,19
byykec42v3md,11
dnxunwyic7nq,4
wwu32x43k8r2,7
wwu32x43k8r2,4
w4ymctsoksyl,17
1lbwlap0nv56,9
1lbwlap0nv56,1
j8a3ovf9lipi,28
j8a3ovf9lipi,14
rgt4wvg3zssk,17
rgt4wvg3zssk,26
rgt4wvg3zssk,25
7sdn1v5neqfd,22
tec37jip82we,21
mejucegvpmtt,10
mejucegvpmtt,15
mejucegvpmtt,24
fuxg2fxzpx4k,1
fuxg2fxzpx4k,16
4tvoxc5acxjl,9
4tvoxc5acxjl,8
mt1uaetxabyx,9
mt1uaetxabyx,23
y6qov9qhpaim,1
y6qov9qhpaim,18
y6qov9qhpaim,24
0hcmapwtwrh1,11
u9ii7vq1mdkc,26
u9ii7vq1mdkc,18
5w726ctg6axb,4
ycjgdbhjvq7r,28
rcxl91rmbvkp,21
rcxl91rmbvkp,1
912p3cvs2x8k,28
912p3cvs2x8k,24
912p3cvs2x8k,1
da4johaejohj,9
da4johaejohj,5
bzgu13n6sjmg,24
bzgu13n6sjmg,29
bzgu13n6sjmg,26
8yn962vo4c0m,7
8yn962vo4c0m,29
8yn962vo4c0m,8
tpuusc68kxpl,29
tpuusc68kxpl,3
3oiwp13ucdhd,26
3oiwp13ucdhd,19
lwlmg8d4r2ek,1
lwlmg8d4r2ek,11
lwlmg8d4r2ek,14
v3vhx3knmx05,26
v3vhx3knmx05,25
v3vhx3knmx05,4
8s4t9ljcx17o,1
8s4t9ljcx17o,16
vspm3naqhklx,11
2gwnwjqafznr,1
5yt9zo3y7p0x,10
5yt9zo3y7p0x,7
5yt9zo3y7p0x,14
etaayoeb6yye,7
tvwb3umibi4k,13
tvwb3umibi4k,6
2op8d2mz9pfr,16
2op8d2mz9pfr,3
2op8d2mz9pfr,5
aypzg84d3aes,17
aypzg84d3aes,8
y233ldsmyz2j,17
y233ldsmyz2j,29
8vg2rhelu1hf,19
8vg2rhelu1hf,15
wusg0uhw3wbd,25
wusg0uhw3wbd,10
m8yryx94khpn,16
m8yryx94khpn,18
m8yryx94khpn,17
1c47w5gv2gqb,8
1c47w5gv2gqb,7
1c47w5gv2gqb,26
fcbuxw06nm0f,9
fcbuxw06nm0f,2
t1f3c178hzs6,7
t1f3c178hzs6,20
t1f3c178hzs6,4
qo6222njjsfh,5
qo6222njjsfh,27
qo6222njjsfh,18
q87yoefubrpm,7
q87yoefubrpm,8
oepxuw8639ai,5
shl43c0iiytg,17
eubrdo7uvqb4,18
eubrdo7uvqb4,28
ctz0kago4rn4,6
ctz0kago4rn4,10
xkmu5wmdvqa9,3
xkmu5wmdvqa9,28
gzuxxftxrwuw,19
gzuxxftxrwuw,24
gzuxxftxrwuw,9
kxc1nb2ezyn9,10
kxc1nb2ezyn9,17
kxc1nb2ezyn9,22
efajye0c29uj,19
efajye0c29uj,27
efajye0c29uj,11
qa8hei7ma6uq,20
qa8hei7ma6uq,8
qa8hei7ma6uq,19
2rliot9hhxqn,5
xsi7dye9i9ux,14
xsi7dye9i9ux,29
9r2tp35lborx,9
9r2tp35lborx,18
xan9gofnczwt,26
sz1y4gf3s82b,19
sz1y4gf3s82b,1
d329ijfem35z,4
o6tbedbmzp9e,3
o6tbedbmzp9e,17
9wouztfym782,5
9wouztfym782,16
d9aa8nmaohkp,11
d9aa8nmaohkp,27
d9aa8nmaohkp,15
oqqmaq0p64ja,13
oqqmaq0p64ja,29
oqqmaq0p64ja,25
t2xvi6ygti9u,21
6avxv6v7q0yc,22
7tnpg7idac6q,7
7tnpg7idac6q,1
xc01qrwno7v6,21
xc01qrwno7v6,24
ep26rdign29d,5
ep26rdign29d,2
5k1i6dv2j0bd,2
oys69jfj2pwy,11
oys69jfj2pwy,28
75pyl8202rpa,11
75pyl8202rpa,27
75pyl8202rpa,3
uxdbnwh1wxhy,29
uxdbnwh1wxhy,28
vu5i62p3wfir,3
vu5i62p3wfir,18
vu5i62p3wfir,29
7iokh9h24n8h,29
7iokh9h24n8h,1
fxus0e3rzxx5,28
fxus0e3rzxx5,17
fxus0e3rzxx5,26
u8jn29hj8l2t,22
u8jn29hj8l2t,15
u8jn29hj8l2t,3
e0zmebxop4ql,3
e0zmebxop4ql,22
e0zmebxop4ql,23
dmpe38bv4dzn,24
x60fbri224h0,28
5q4ztiqowdvv,28
5q4ztiqowdvv,12
a27qaeh1l5ss,1
a27qaeh1l5ss,8
wy04j7pp6iac,10
wy04j7pp6iac,14
wy04j7pp6iac,21
21kqojz5m1t6,25
21kqojz5m1t6,1
p2xwipv5uw0q,9
0mdqqb5zctw2,2
z9qkigj53th3,13
tzo8kudkg39z,4
mz9ipwbogql4,24
ilheoa3hsbjj,13
ilheoa3hsbjj,5
ilheoa3hsbjj,27
juc8x6vgzyu8,11
4eusqot8omie,13
4eusqot8omie,29
vj9s18feqgh9,21
vj9s18feqgh9,16
r5gvioe7jfa7,27
r5gvioe7jfa7,28
v1r3hckw2rp2,14
v1r3hckw2rp2,1
laad69l6mc8r,11
laad69l6mc8r,12
laad69l6mc8r,16
koq50i0i67v2,10
koq50i0i67v2,19
koq50i0i67v2,2
i4scqjc88fl9,5
tk15edbwkqww,6
tk15edbwkqww,9
4tkyzryeps8r,22
9l8nm5el92zb,9
9l8nm5el92zb,22
iul7p7n8sgmr,18
iul7p7n8sgmr,9
iul7p7n8sgmr,24
wna8zsilunia,24
mwtvvp3mvjck,5
g54pa5z8i0hk,2
g54pa5z8i0hk,15
mdzh70h0awfo,27
35zocxay9j0i,27
35zocxay9j0i,5
vkg20f1n5u8d,15
vkg20f1n5u8d,19
qkqnxqlgq5qi,25
qkqnxqlgq5qi,16
qkqnxqlgq5qi,2
mqgbi3e64kx6,19
mqgbi3e64kx6,20
mqgbi3e64kx6,3
f0at2ml7bbl1,25
va9jv8x5bfoh,15
va9jv8x5bfoh,5
va9jv8x5bfoh,24
wecvlk0vjnxn,14
dyfqkv3a9etr,23
dyfqkv3a9etr,18
bzqbkkubw75g,21
yjc4qr4j7pwr,14
yjc4qr4j7pwr,19
7qwyj9e05qja,19
482si0gywaoe,6
ze5z9b96lqhy,13
ze5z9b96lqhy,25
fszbo9jt1ftz,25
fszbo9jt1ftz,5
fszbo9jt1ftz,29
i88btp3h62i1,1
i88btp3h62i1,5
i88btp3h62i1,24
oi29v6xnkuwh,16
oi29v6xnkuwh,2
boddql2d1654,24
boddql2d1654,26
boddql2d1654,5
z3qs7zx42vgo,11
evo6ntmij77z,26
r098jw0vt6uf,29
wys3k87ougo4,27
bvp8om3n48zn,17
bvp8om3n48zn,12
bvp8om3n48zn,28
c5bnxwnz3mck,20
wt7lcwghxlch,29
wt7lcwghxlch,22
wt7lcwghxlch,20
vkcxf6kzyvd3,17
vkcxf6kzyvd3,13
7j0x49kuavro,21
7j0x49kuavro,24
8xs5jmazx50e,4
8xs5jmazx50e,25
of551bhpchfu,16
of551bhpchfu,25
ewhsvxamo64e,16
ewhsvxamo64e,26
ewhsvxamo64e,19
zlplv9seazae,14
zlplv9seazae,1
zlplv9seazae,7
24unyugclgt2,17
24unyugclgt2,24
24unyugclgt2,12
yahxxovouspv,26
sh93oun9bqzy,21
sh93oun9bqzy,3
sh93oun9bqzy,7
4yk8g2nespn2,26
wdkopvztxy5z,26
6yqcs6fm1tqj,28
0ou01p2ggfo0,13
0ou01p2ggfo0,22
bvmnn0rxdnvh,8
7kgwamtd6qmv,3
slccbvu9p9dt,14
slccbvu9p9dt,26
2k2b93btt7y7,10
2k2b93btt7y7,29
uitsvbpu461p,26
uitsvbpu461p,29
uitsvbpu461p,22
mwt5zko5l820,6
mwt5zko5l820,19
e8rzr949rzkr,6
lowqrf8hfa73,22
lowqrf8hfa73,15
94ko2td0acqa,23
94ko2td0acqa,28
erm4227xogsz,22
erm4227xogsz,23
erm4227xogsz,2
49wnly4cxayb,4
49wnly4cxayb,19
0qi4sgqptjqr,18
stenh0tv94kh,29
zb996rwauue0,15
0rsewrwv5jr2,27
0rsewrwv5jr2,13
5spak0jdv9rp,10
5spak0jdv9rp,27
5spak0jdv9rp,29
xfz82zm2790c,29
xfz82zm2790c,2
bb09raq4ahar,28
bb09raq4ahar,24
bb09raq4ahar,9
vbm9rjw2bw6n,28
f9rzl7jcc3dr,20
f9rzl7jcc3dr,7
48xjlda28bx4,6
48xjlda28bx4,13
zx6k56h5qhbj,16
zx6k56h5qhbj,26
zx6k56h5qhbj,3
sdvvu17nrkox,14
sdvvu17nrkox,1
3ewe5rnm7mr4,23
3ewe5rnm7mr4,14
wtn2ots7bp58,14
wtn2ots7bp58,22
jdeglxg5254m,21
e152arul2nqn,22
e152arul2nqn,9
i950rc7lw1gr,6
i950rc7lw1gr,15
lixtjjd79to6,5
jx6a3kl42vzm,18
de92gu9zlki2,28
de92gu9zlki2,27
krdf7wmtl3wz,19
krdf7wmtl3wz,12
b4xe94508f4n,1
b4xe94508f4n,19
b4xe94508f4n,3
ettzyi7i16qe,25
ettzyi7i16qe,24
ettzyi7i16qe,8
jm0bfpiqghk4,2
jm0bfpiqghk4,13
txuyvuz20pwj,12
txuyvuz20pwj,24
hokzpymlqlbv,24
hokzpymlqlbv,3
em0j4d85w76w,9
em0j4d85w76w,27
em0j4d85w76w,8
7fb65375utwn,25
7fb65375utwn,2
iyvj7bniaa5t,22
m3v9bz8ipd9y,7
6ek1ozir5g1j,29
6ek1ozir5g1j,18
sohx1tia2np4,13
sohx1tia2np4,21
sohx1tia2np4,9
vdqadhha88xv,20
vdqadhha88xv,18
ao4rypatxbb4,18
29ubnp158l0s,25
ujuqiviq15vl,21
tlaeu8gvtjho,12
crrv3rtlaers,23
grj9ylw686o0,14
wc4u78ra3u6p,14
ygm6pdlb16ba,21
ygm6pdlb16ba,15
e5y0qxtejhdm,22
9yhrtc9ut1ak,6
9yhrtc9ut1ak,10
9yhrtc9ut1ak,7
y1w6x085rolk,1
y1w6x085rolk,16
y1w6x085rolk,26
ft76a2mypi18,11
x3bjwtz14ani,28
x3bjwtz14ani,12
41dgz29yf44l,3
de19iaa97558,2
de19iaa97558,6
de19iaa97558,28
r2hid1r0ftcq,8
f3t0mb97pyzw,14
f3t0mb97pyzw,18
59f7bk7f1s8h,20
59f7bk7f1s8h,25
59f7bk7f1s8h,18
bzrh31jkmguu,5
bzrh31jkmguu,11
gjwjs3cqpqd6,14
f3cykmf0q2q6,28
f3cykmf0q2q6,10
f3cykmf0q2q6,27
mlvo16kk8cjl,25
4l24gsswmxyr,21
4l24gsswmxyr,25
4l24gsswmxyr,14
o35tm9c2yzji,26
o35tm9c2yzji,13
urmhb3jvf461,26
urmhb3jvf461,18
5r0ivykn6vqq,2
5r0ivykn6vqq,17
rjl514q73mgj,27
rjl514q73mgj,23
46hu8is53oz0,18
nf0c4q9q75aj,21
nf0c4q9q75aj,26
gy7dcha6b295,1
bvh2lbxg0kog,18
bkzljztmpetk,3
bkzljztmpetk,24
l9fhtbgr4wnb,4
6lkxpuj9a5me,5
yx9lamjxql9e,2
yx9lamjxql9e,17
i3aev4al22n2,2
i3aev4al22n2,21
bp7zrvk3n6u6,9
bp7zrvk3n6u6,11
bp7zrvk3n6u6,3
s789ujgcnyay,15
s789ujgcnyay,2
s789ujgcnyay,3
61a7xp68rklt,26
nqre6goynwp6,5
nqre6goynwp6,20
sh05v3gex2jz,2
hixa504m1ofa,3
hixa504m1ofa,12
hixa504m1ofa,27
7nyzg37j91p0,2
z4mfspc1m9w4,11
c8yjwt2ni6kc,23
c8yjwt2ni6kc,10
c8yjwt2ni6kc,15
obvqzg98y5hn,18
obvqzg98y5hn,13
obvqzg98y5hn,1
pnnigr9q8wod,19
pnnigr9q8wod,20
pnnigr9q8wod,6
mmjgva0ca7bq,9
mmjgva0ca7bq,10
mmjgva0ca7bq,18
8c6cqdvj7u2r,9
8c6cqdvj7u2r,4
bwrytlecmha2,28
bwrytlecmha2,3
yiatnqhq9h2z,23
9uzo5fuy4yr3,15
9uzo5fuy4yr3,23
9uzo5fuy4yr3,22
cyrc86tgms4s,12
nf5d6gok83y3,21
nf5d6gok83y3,9
nf5d6gok83y3,25
llumskyri0zo,4
llumskyri0zo,14
llumskyri0zo,16
00dgsr345f4a,5
00dgsr345f4a,23
00dgsr345f4a,27
bmeydekbyjz5,13
bmeydekbyjz5,18
won3a8gcyxsd,24
won3a8gcyxsd,21
lvd8ps8961br,17
lvd8ps8961br,25
ocmqg3d7o3sk,4
ocmqg3d7o3sk,14
l6yzpko24igw,27
l6yzpko24igw,11
l6yzpko24igw,4
fas9xkvjrg49,19
fas9xkvjrg49,28
fq1f59hr225j,29
fq1f59hr225j,1
fq1f59hr225j,15
32wnczuewqgo,15
32wnczuewqgo,24
c8h2lv6h2jte,3
c8h2lv6h2jte,24
c8h2lv6h2jte,20
hcqxh2ulyid6,6
hcqxh2ulyid6,15
hcqxh2ulyid6,10
j84qj7iwncb5,10
j84qj7iwncb5,17
x2ees91oh9jf,17
x2ees91oh9jf,5
i6ni0ngn718p,2
pir1i4acnx5j,13
pir1i4acnx5j,12
448w3r2mbxrq,20
448w3r2mbxrq,18
iwwuogjqenka,7
iwwuogjqenka,28
9e81zwoyqtdq,7
9e81zwoyqtdq,22
0s3t2g5rmfxg,18
xqb0fbvco74j,8
0j2l3ws2f52m,5
0j2l3ws2f52m,16
0j2l3ws2f52m,13
k118yhg6uldp,24
k118yhg6uldp,19
k118yhg6uldp,22
m7xir2ayfh7g,15
m7xir2ayfh7g,22
m7xir2ayfh7g,17
ovb2diog8q0y,4
ovb2diog8q0y,5
q383abkjoovw,26
q383abkjoovw,4
q383abkjoovw,3
zldanqrxm02y,21
zldanqrxm02y,14
po1jt79ysqgi,10
po1jt79ysqgi,23
po1jt79ysqgi,7
gpyys98xqdgt,15
gpyys98xqdgt,26
gpyys98xqdgt,2
wm4qg7b40zxs,22
4gyijj6n1320,5
4gyijj6n1320,24
4gyijj6n1320,6
4n8wnq9ftrzb,15
4n8wnq9ftrzb,5
4n8wnq9ftrzb,20
0w8e4b6l7qcs,1
0w8e4b6l7qcs,6
l3bu82kidsj8,22
l3bu82kidsj8,9
fba93yg4bkzg,16
fba93yg4bkzg,4
fba93yg4bkzg,2
ack4tug7oikx,9
yhql5q1d68bm,12
yhql5q1d68bm,20
yhql5q1d68bm,23
2m3lfo8j020c,22
2m3lfo8j020c,21
2m3lfo8j020c,5
ccbhp8odhvuz,3
ccbhp8odhvuz,15
190ura862gec,5
drh3zmhet7g5,28
jl8q6oiceswm,4
jl8q6oiceswm,3
blr1i226u8px,6
blr1i226u8px,29
xfokpq8ats50,11
td0iaw34ihoo,16
1i619u843dhk,11
1i619u843dhk,25
vtg2ad1yp2op,24
vtg2ad1yp2op,25
bpx4p2qi49ei,2
bpx4p2qi49ei,15
w9wdapisfdn5,11
w9wdapisfdn5,25
w9wdapisfdn5,12
1fy39nyxgo85,7
raviget0cooc,28
raviget0cooc,16
0tbw1er888u3,18
0tbw1er888u3,10
slfqccmksntj,17
zfpwr5x5rmh1,2
zfpwr5x5rmh1,29
qp7q4rks2kum,16
9jjpe6kd45zd,27
sx9h6ns25zk6,27
o82dqraduncm,4
o82dqraduncm,8
o82dqraduncm,20
l478dpkahalp,14
lthzgeviie06,3
lthzgeviie06,16
sm4e37f0mstt,20
v262bezxcdzz,13
v262bezxcdzz,8
at2dp7ahwm1b,8
9nsazpjqgbj2,10
vl1jbbbb74sf,19
vl1jbbbb74sf,16
vl1jbbbb74sf,5
p1ynq022ts6x,20
mvkr45mzo9b5,23
mvkr45mzo9b5,7
edtfwp20bret,8
edtfwp20bret,17
cku1xuphqlei,19
cku1xuphqlei,6
cku1xuphqlei,27
ukuv531gx7p9,18
8d229k99ejhx,18
fvvna7s3i8o9,11
fvvna7s3i8o9,9
fvvna7s3i8o9,7
b7l5ubmxubck,4
b7l5ubmxubck,23
b7l5ubmxubck,19
mg8ntgdqlqpz,14
ne09tw831bcy,25
ne09tw831bcy,15
ne09tw831bcy,8
4qi76dhzz4nq,2
5dkol536c5l2,1
5dkol536c5l2,28
5dkol536c5l2,9
kglsd2v5a3c7,18
w2ndk0hik28m,23
w2ndk0hik28m,27
w2ndk0hik28m,14
m0oml6wvht3j,15
m0oml6wvht3j,3
vxdy6a8m9u0y,15
1hm0w33g4b8c,26
ogjn6ztd0xr2,14
ogjn6ztd0xr2,1
ogjn6ztd0xr2,25
xpopiw2xq1x2,24
xpopiw2xq1x2,12
xpopiw2xq1x2,26
wn5wygeactft,22
wn5wygeactft,1
wn5wygeactft,19
msc4r3y1eow2,18
msc4r3y1eow2,20
thy8sh1qlido,23
dxnww0dyvmt1,10
dxnww0dyvmt1,7
d9bx97rk2ol8,21
d9bx97rk2ol8,7
d9bx97rk2ol8,16
n16clqeecc7i,20
n16clqeecc7i,10
w8xo98bxkjne,13
ubiedf2i1pdw,18
ubiedf2i1pdw,11
ubiedf2i1pdw,13
cevph7efmbu6,11
cevph7efmbu6,9
u6z9gr2gn5ba,4
3j9b470bs940,15
4uj8jjy0sext,15
4uj8jjy0sext,22
4uj8jjy0sext,29
sh2cduwonzut,3
sh2cduwonzut,7
sh2cduwonzut,18
cmqet62hei84,29
cmqet62hei84,2
ah7pa0dut3sr,13
4cujlo1qht65,2
igy3pvctywqy,19
opetzhou1f3g,7
opetzhou1f3g,29
opetzhou1f3g,24
bq5w3kb26coo,22
bq5w3kb26coo,6
mtn3iarpai0m,1
mtn3iarpai0m,17
mtn3iarpai0m,12
ccpkex3dhmc0,10
ou23itcfyhe9,14
ou23itcfyhe9,29
ou23itcfyhe9,2
vfwbian66kv9,18
jbagnr5fqqht,1
jbagnr5fqqht,8
jbagnr5fqqht,12
ed1iychqei74,7
tcuv7r1vg5vy,19
tcuv7r1vg5vy,24
i48komt058db,24
i48komt058db,20
7fzjmcdditzd,25
xpy12damtjy4,19
xpy12damtjy4,24
n3908qbtpo5e,24
n3908qbtpo5e,18
n3908qbtpo5e,27
wsuaxo97i6w4,1
3yauj5k3lfek,18
1jd17bf99znx,15
x48913q6tuvm,6
yfpoh71jpyk2,11
p2jju1vxv7rh,9
p2jju1vxv7rh,12
p2jju1vxv7rh,19
e7e468w5m2dm,26
7bjv7cfx71yq,27
7bjv7cfx71yq,16
7bjv7cfx71yq,10
twhm0degtitu,7
twhm0degtitu,6
tncd9fh0z0fo,29
tncd9fh0z0fo,28
xi4huwpfgtry,13
xi4huwpfgtry,24
xi4huwpfgtry,27
9phab5rc3ej2,9
9phab5rc3ej2,23
tdnce3rupf0n,24
mae9o5hl0fw8,10
mae9o5hl0fw8,29
mae9o5hl0fw8,28
ajfk5ycntt4o,24
ajfk5ycntt4o,23
ajfk5ycntt4o,20
qm5k53kttlkf,6
qm5k53kttlkf,28
q82eyjuwdlgc,10
y3f36ivfggmd,2
y3f36ivfggmd,24
y3f36ivfggmd,23
nh37poay0w5f,14
nh37poay0w5f,21
nh37poay0w5f,9
gh6rxd5g164e,21
gh6rxd5g164e,2
gh6rxd5g164e,13
1ifdwmbr1snk,1
1ifdwmbr1snk,20
1ifdwmbr1snk,13
wutldoflrfyx,23
wutldoflrfyx,27
wutldoflrfyx,21
vmvk5ft7ylr4,7
tqxs9y288eev,7
2c9vczsklhw3,20
2c9vczsklhw3,6
2c9vczsklhw3,14
2mk1nxdhoqha,14
2mk1nxdhoqha,27
22su9i3zvw9g,2
22su9i3zvw9g,19
22su9i3zvw9g,4
roruwldm5itb,6
roruwldm5itb,24
roruwldm5itb,1
8yidzrqsmb0w,1
8yidzrqsmb0w,5
8yidzrqsmb0w,8
iublz4gxp84t,23
iublz4gxp84t,16
r18tc1k4niyz,11
fio9lctp624f,28
fio9lctp624f,14
fio9lctp624f,21
bpb7hgek9nql,18
n7ke3eyyd30u,22
n7ke3eyyd30u,18
u4n1s6chs5sh,22
u4n1s6chs5sh,13
nxoajiqnnyqu,15
b4q7lrvnapnn,4
b4q7lrvnapnn,14
b4q7lrvnapnn,3
ns0kg9mbioje,2
ns0kg9mbioje,17
jlnkn4sr99bo,24
fbsbs4w4fvpz,13
fbsbs4w4fvpz,25
fbsbs4w4fvpz,27
tn5r7187f91k,24
tn5r7187f91k,15
rpasev4m81ed,12
2ybz6pwtct3l,19
2ybz6pwtct3l,26
2ybz6pwtct3l,18
7gfdcg57cw3u,17
vhvym91f4eb6,4
vhvym91f4eb6,22
e3n1tnae8l2n,1
e3n1tnae8l2n,28
e3n1tnae8l2n,6
bn6nxwdxcmf0,1
bn6nxwdxcmf0,17
bn6nxwdxcmf0,24
uv3uxjj69tv3,16
uv3uxjj69tv3,20
ew95zj1388jg,11
swi4fejs6hb3,21
tbanu4911swx,24
tbanu4911swx,21
tbanu4911swx,5
89820e3gwkfw,11
89820e3gwkfw,25
m97r98ttnfuu,5
m97r98ttnfuu,17
g87la7t4kfjv,6
sl9knpn5wrci,10
sl9knpn5wrci,26
sl9knpn5wrci,13
y18tybgv7j60,1
y18tybgv7j60,2
y18tybgv7j60,21
7tzms53ompzm,20
0i1lmtupfhd9,14
0i1lmtupfhd9,12
f1yw4dijb76o,10
f1yw4dijb76o,12
f1yw4dijb76o,6
rbbyfh78v6cz,9
rmobdbpdfus5,19
rmobdbpdfus5,20
rmobdbpdfus5,25
ygyortoi5sr7,21
ygyortoi5sr7,7
ygyortoi5sr7,13
4dn5l8fwvkvl,23
u5xu1yjvgibd,19
u5xu1yjvgibd,7
u5xu1yjvgibd,2
1nslqdj2hbsk,21
1nslqdj2hbsk,10
1nslqdj2hbsk,25
3saj4stqf8wd,5
jhgl7ens9di8,25
jhgl7ens9di8,11
izcmlxhxuvu3,19
7tbit645jj3o,2
qkjpx3dc2s5r,7
h7sezlitoecc,22
h7sezlitoecc,3
mufn5lqzn3ir,28
6crf5fe381rt,3
69lh0vkix739,17
04b0tqdhqiwn,13
04b0tqdhqiwn,25
jc5tio6lix18,26
jc5tio6lix18,10
g0czql5zchw7,5
g0czql5zchw7,7
g0czql5zchw7,20
om1c48ipp5m9,13
om1c48ipp5m9,21
om1c48ipp5m9,5
1d5457s49mx6,22
1d5457s49mx6,11
1d5457s49mx6,12
zk98rb4idkyd,22
6vk9qiqxmjht,18
6vk9qiqxmjht,1
q0lh23yu91v5,18
q0lh23yu91v5,21
q0lh23yu91v5,17
ok816vj1gu24,10
ok816vj1gu24,21
ok816vj1gu24,29
cum69t68yb0a,1
cum69t68yb0a,7
dkezijj37h6l,8
txrl1pxj4t8z,2
txrl1pxj4t8z,6
cfpacoprasod,12
987rhvcsyk0r,21
987rhvcsyk0r,25
f4ah9m8vv8h9,1
f4ah9m8vv8h9,5
zaelzf16r65s,21
mj5secycv1mv,28
mj5secycv1mv,16
mj5secycv1mv,13
q645mte9n6wf,8
q645mte9n6wf,1
q645mte9n6wf,20
ujhd6mzerpl7,7
ujhd6mzerpl7,10
lupvpgu5wygk,7
lupvpgu5wygk,19
vx5ckp0c0qrn,21
vx5ckp0c0qrn,15
vx5ckp0c0qrn,9
y874vrnsbm13,7
79q06qlf94zj,27
79q06qlf94zj,4
bj0bn34wuy89,25
bj0bn34wuy89,12
bj0bn34wuy89,13
ex5ivdbrhdx6,27
ex5ivdbrhdx6,20
5ozll8aridrf,1
5ozll8aridrf,3
5ozll8aridrf,9
ffbw6uv667x4,23
ffbw6uv667x4,6
3txqx23qm1vm,18
3txqx23qm1vm,10
3txqx23qm1vm,21
pm98mfj0p3lc,9
pm98mfj0p3lc,27
58t7wm7vc4tu,22
8l762fgekvlg,27
8l762fgekvlg,25
8l762fgekvlg,3
q9ktw3yv47cq,14
q9ktw3yv47cq,4
q9ktw3yv47cq,20
nn3yh6guiymi,25
nn3yh6guiymi,17
nn3yh6guiymi,29
xueohzy5h24l,26
xueohzy5h24l,9
ns5y5opezwu1,4
ns5y5opezwu1,10
w3qgrtb6laa5,19
a6801drk0p8h,19
hbi71dzduvl2,9
hbi71dzduvl2,13
x4n5ovqfx0nh,23
ua9usgbnq744,5
ua9usgbnq744,10
ua9usgbnq744,2
7h4trgdqtw6t,9
7h4trgdqtw6t,28
7h4trgdqtw6t,8
9cxm6bplcsrw,21
9cxm6bplcsrw,4
9cxm6bplcsrw,13
mpbkvt41ayfv,15
mpbkvt41ayfv,2
mpbkvt41ayfv,4
v3e03o73ttq7,26
bvaezcm4co22,8
bvaezcm4co22,4
bvaezcm4co22,21
7cmos8zbpwd7,23
7cmos8zbpwd7,15
7cmos8zbpwd7,4
grztbvii0yhg,23
ejena3f832b4,23
ejena3f832b4,22
ejena3f832b4,29
q4ya5xw65cxa,11
q4ya5xw65cxa,28
7r113rob19uv,10
oyt2092xonil,7
piuaspl2whui,10
piuaspl2whui,9
15zmuzzgztcr,24
t83vc9yxjfh8,14
t83vc9yxjfh8,5
q6jwsqr6vh6b,8
elrtr70e7vm8,6
elrtr70e7vm8,23
elrtr70e7vm8,25
mymw1gqhoivv,14
mymw1gqhoivv,25
mymw1gqhoivv,18
lu3449bin121,29
lu3449bin121,20
2nkdglwu7acg,23
2nkdglwu7acg,15
2dhiyrtdoz1v,15
2dhiyrtdoz1v,28
5w1wic6z04pq,11
rytio16p4b5s,7
rytio16p4b5s,12
rytio16p4b5s,19
ue6m9e6c5iib,2
ue6m9e6c5iib,6
ue6m9e6c5iib,16
x971rot1xj9d,26
x971rot1xj9d,2
x971rot1xj9d,11
vmf6o8ghi2mx,5
vmf6o8ghi2mx,18
68ffbw0qwcuu,6
68ffbw0qwcuu,21
68ffbw0qwcuu,15
m5j4143oq19s,26
m5j4143oq19s,16
m5j4143oq19s,28
e5o98h839r1u,28
e5o98h839r1u,29
vdluf89wozbv,28
q7u67ex3cyhd,21
6lytcshporch,2
d9u8rynvdcwj,4
jv5o3slc52mu,11
5183vbm4j31q,11
5183vbm4j31q,27
5183vbm4j31q,29
r28yl8ac28ns,18
r28yl8ac28ns,3
k1gt5ny1aguj,22
k1gt5ny1aguj,13
k1gt5ny1aguj,14
tzbvyjy47j5w,9
ytjuoszt3h51,11
ytjuoszt3h51,3
ywgx8n0ctcj4,10
ywgx8n0ctcj4,14
ywgx8n0ctcj4,24
exk34hn2c9vr,26
exk34hn2c9vr,15
exk34hn2c9vr,22
51pz58crnchw,11
51pz58crnchw,5
51pz58crnchw,8
n2cr6grs6eeu,16
n2cr6grs6eeu,6
n2cr6grs6eeu,28
wjnfi011cqvc,13
ieniggbsmxos,16
ieniggbsmxos,13
sy0icp4m2ify,7
dddx2jwymwnc,7
dddx2jwymwnc,5
dddx2jwymwnc,2
wguiw6f5xm2g,9
wguiw6f5xm2g,16
wguiw6f5xm2g,13
cvgl5tqvwrwd,22
cvgl5tqvwrwd,5
cvgl5tqvwrwd,15
9xh21o5v955s,7
9xh21o5v955s,8
7qybd18h2c2n,20
yh01uaq20ztx,15
yh01uaq20ztx,7
rru0wpvzfdko,20
rru0wpvzfdko,18
rru0wpvzfdko,9
518cf1bx5jz1,6
518cf1bx5jz1,14
cf3aspklvvfz,9
23lqoppehapa,12
23lqoppehapa,7
92dfkf8syndi,15
92dfkf8syndi,7
92dfkf8syndi,8
zj0hpdbwtd7d,23
9sla5qxza7ua,11
70v9b9zgvsyc,10
dz3z68rblcx5,6
v87tdm62tb6o,9
v87tdm62tb6o,8
v87tdm62tb6o,19
c0rj2wm53ver,23
c0rj2wm53ver,24
c0rj2wm53ver,25
c2xs77xl9yon,26
c2xs77xl9yon,20
c2xs77xl9yon,13
t5m66m5m9wz9,10
t5m66m5m9wz9,29
avtg5w5u7ydd,11
avtg5w5u7ydd,10
avtg5w5u7ydd,19
9k7qqys1e4s5,10
mfrchh9zoh5j,10
20kwbj02tioi,29
20kwbj02tioi,8
80qcxw9tcw23,22
80qcxw9tcw23,13
80qcxw9tcw23,15
891mly7zyblx,28
svtwo40qs8dr,25
svtwo40qs8dr,16
svtwo40qs8dr,28
pehq0ln9yqkj,8
pehq0ln9yqkj,13
jdelva0nfsxz,29
d2q8bza45i41,3
d2q8bza45i41,12
d2q8bza45i41,5
s83oc4a76l8f,2
s83oc4a76l8f,9
y09rzud8nhjn,13
y09rzud8nhjn,11
y09rzud8nhjn,2
nsqojl8fpyp9,24
nsqojl8fpyp9,17
nsqojl8fpyp9,15
a24ju987xx7s,23
tf7gl6egn752,21
tf7gl6egn752,27
whpn22nhwg1o,29
yj70b0brpfc2,6
yj70b0brpfc2,22
yj70b0brpfc2,21
5lrn0b7q2myw,17
ositr6daqm74,29
ositr6daqm74,26
ositr6daqm74,22
3iuy9g5wse0m,1
9edxqbfx3flb,19
zxsluhvk62dy,13
zxsluhvk62dy,2
4qbh4g9yxikc,23
4qbh4g9yxikc,11
f954hl8zdcci,26
f954hl8zdcci,4
k433ho1rspex,19
k433ho1rspex,2
k433ho1rspex,15
az8tzpg921g7,11
9lfjjzy2ojsv,21
9lfjjzy2ojsv,20
uj8f8y5uvl42,16
uj8f8y5uvl42,24
uj8f8y5uvl42,12
c2tz25pwaz6k,15
c2tz25pwaz6k,28
c5o57a2a4fvi,15
c5o57a2a4fvi,19
c5o57a2a4fvi,17
a06i6v2bp0hd,28
a06i6v2bp0hd,27
sq1jocm5fis4,10
fn3olyrr5wkr,12
fn3olyrr5wkr,13
q67srvauepv9,27
q67srvauepv9,11
q67srvauepv9,16
yejf1ylpklty,4
yejf1ylpklty,23
hw91dajeb5fc,1
hw91dajeb5fc,17
hw91dajeb5fc,18
3puhni47ophv,19
oz6cgmy8eiza,28
oz6cgmy8eiza,13
95ije5f0rw7u,7
95ije5f0rw7u,29
95ije5f0rw7u,18
cwdi6ov4z4m9,12
cwdi6ov4z4m9,6
cwdi6ov4z4m9,5
vkzu1a1nqzxc,2
vkzu1a1nqzxc,10
cin9e9kt4fqy,13
cin9e9kt4fqy,24
cin9e9kt4fqy,15
e5qlgc2ohdgb,9
e5qlgc2ohdgb,8
lktw8uz5isp2,18
lktw8uz5isp2,11
ibzv3t7rfsyk,18
3fbltynf6hs9,9
3fbltynf6hs9,6
uio507m8y0yk,11
e4i2qr87hseq,25
ujui8b540iy1,13
0sfqwi2q03gd,19
0sfqwi2q03gd,24
ur8rbapfyo04,4
ur8rbapfyo04,27
ur8rbapfyo04,15
0zzp4ceqp99e,1
0zzp4ceqp99e,20
0zzp4ceqp99e,18
0vz32q8wjxwt,25
h1yn4843m1ta,9
h1yn4843m1ta,13
b7vpvgl5ib3k,7
b7vpvgl5ib3k,8
b7vpvgl5ib3k,29
66ka232rv3fs,11
66ka232rv3fs,2
uvxi6g5obkzx,28
uw3a1ocz1q0e,29
uw3a1ocz1q0e,20
mmew3brfr4zj,15
mmew3brfr4zj,3
mmew3brfr4zj,24
gtqnakwjiqs8,26
gtqnakwjiqs8,14
5p3f8f2xm9gg,26
fydah42chqsu,5
fydah42chqsu,25
fydah42chqsu,23
mzl5103qa6pi,27
2s7iu5yqxe2c,6
2s7iu5yqxe2c,7
tq53f6p69yz0,4
tq53f6p69yz0,5
yseao0e05lez,24
yseao0e05lez,12
yseao0e05lez,26
yymbbl07hpdc,1
yymbbl07hpdc,12
jwjtfw8ve7c0,28
jwjtfw8ve7c0,16
1bhwhw2psjzu,8
he2w18zwoej5,18
he2w18zwoej5,5
tr1dzlz50sj0,27
nk4w5cojxan6,16
nk4w5cojxan6,5
nk4w5cojxan6,27
m3ho25c4ujvp,28
m3ho25c4ujvp,24
k1f9dekiugzx,18
0oxwefc1tr4h,3
0oxwefc1tr4h,29
i8mflnqxixa5,2
och7ssj4zi2o,17
422sr716i82i,20
7wu2wk75t30v,25
jdej14004df4,3
jdej14004df4,27
0fk1kb30jg70,3
0fk1kb30jg70,26
7siyc8u13vf8,10
7siyc8u13vf8,7
7siyc8u13vf8,24
xi9ehagfrptk,17
xi9ehagfrptk,9
xi9ehagfrptk,24
0i4k3l2o2vkb,29
shx34c3rb31y,4
shx34c3rb31y,5
shx34c3rb31y,23
vh6l8pjarsc9,21
vh6l8pjarsc9,7
i3v60m37n0k6,13
dz8w6ysw4o79,16
dpwczbxoghqq,23
dpwczbxoghqq,25
winms8wp3kmb,11
winms8wp3kmb,12
winms8wp3kmb,24
w0ylz91eg6kh,26
w0ylz91eg6kh,4
w0ylz91eg6kh,2
x5x8301rjydf,2
7mcmr4n9oloq,15
qa1cqtu6ftl7,5
09f2a0dzsli7,4
09f2a0dzsli7,15
ce8louqckfvn,13
06h8cm4e5ouf,3
06h8cm4e5ouf,4
m2nxt23bblvl,18
m2nxt23bblvl,5
iyuacvz74pih,28
iyuacvz74pih,17
iyuacvz74pih,7
kwm1j09prgow,4
kwm1j09prgow,18
fo26ltj9vrv1,28
fo26ltj9vrv1,5
3rig3bdckr8y,24
3rig3bdckr8y,13
z94sd40cea9w,29
z94sd40cea9w,1
p7z5wfi3y1vh,8
p7z5wfi3y1vh,9
p7z5wfi3y1vh,15
vf78arjv9un6,21
vx592t3u4vh9,17
vx592t3u4vh9,24
opo4y89hemx4,6
opo4y89hemx4,20
opo4y89hemx4,9
0s0oko8kc5j0,17
erku60lttx8s,26
beg9n4mjldzy,19
beg9n4mjldzy,9
beg9n4mjldzy,2
22967j5fstyp,7
22967j5fstyp,17
22967j5fstyp,27
poq6v7dagzd0,29
poq6v7dagzd0,13
n0ap6di8mhry,11
n0ap6di8mhry,25
vcz0o132kv6t,18
y9ovq6zolnm9,12
y9ovq6zolnm9,13
y9ovq6zolnm9,11
dvzi7zb2ko3o,13
dvzi7zb2ko3o,19
dvzi7zb2ko3o,16
a0k6vkss4ga9,19
a0k6vkss4ga9,9
a0k6vkss4ga9,21
vhj642i510wt,15
2il8um7ihuty,1
2il8um7ihuty,7
uppnvrkhgi2b,27
uppnvrkhgi2b,18
ab077yerhz2b,12
ab077yerhz2b,8
ab077yerhz2b,28
sx5nsofri7jv,5
f81iysx6ro5m,14
f81iysx6ro5m,23
f81iysx6ro5m,22
spg89foabdp6,20
spg89foabdp6,29
u9411hc62t4e,18
9w88b4b6bxtb,22
fr1spl0yzffc,25
fr1spl0yzffc,12
scw0z2ujw2fx,13
scw0z2ujw2fx,8
3y2kdh0twgx9,27
3y2kdh0twgx9,7
wph65kihsk5f,5
wph65kihsk5f,27
s6xswzzzw5x5,16
s6xswzzzw5x5,1
s6xswzzzw5x5,4
yp81al335ues,2
yp81al335ues,27
yp81al335ues,24
hslufd8bjj46,18
hslufd8bjj46,2
74qh75n3d045,17
74qh75n3d045,21
v4m04datviw0,18
v4m04datviw0,10
v4m04datviw0,3
xm07789wwejn,6
czh0wn0hsdq5,14
czh0wn0hsdq5,24
ivvqdgqynwgk,20
j98cvg8fap6g,8
j98cvg8fap6g,16
n4dfqvm9324a,28
n4dfqvm9324a,17
92rwqphfmykr,29
92rwqphfmykr,17
92rwqphfmykr,12
ojd7l8lzxino,29
ojd7l8lzxino,13
ojd7l8lzxino,7
7cjg4paw7tay,29
7cjg4paw7tay,28
g8gqc9pc6x9o,22
mn4io9qhg2us,1
bkr94ojf0qeu,4
bkr94ojf0qeu,21
bkr94ojf0qeu,20
ly0mmd0x1v6b,1
ly0mmd0x1v6b,24
ekonylz4a1m1,25
ekonylz4a1m1,17
uus72luhs889,23
apgf1kugztkw,14
apgf1kugztkw,16
a66602egyiba,24
a66602egyiba,19
mhxf9ewd0etk,11
tak2976etvr6,21
tak2976etvr6,3
n9nyjlxbn8mh,2
gxcq5umajie7,16
gxcq5umajie7,24
d4hnvasl2kdq,6
d4hnvasl2kdq,23
mnjbh1pe9zca,1
mnjbh1pe9zca,5
mnjbh1pe9zca,24
043kamou2fhc,2
043kamou2fhc,15
043kamou2fhc,22
lvgotdwjov7g,23
lvgotdwjov7g,2
lvgotdwjov7g,6
ab49jafu1wub,21
cusfjkqnrkyy,5
cusfjkqnrkyy,22
ulu589op0c4a,1
aksf1nkftjpi,6
aksf1nkftjpi,20
l319vb2uhef8,5
m4vu1i7e481u,7
kjtprspp0x19,3
188q9osl9dcj,25
188q9osl9dcj,29
3hesse5mzkcs,13
l8tq067mvsr6,24
l8tq067mvsr6,28
l8tq067mvsr6,11
9swwbkvaj8bm,17
9swwbkvaj8bm,4
letz878crjgd,6
1wey64otjry7,1
1wey64otjry7,20
9x6crxd4xi5s,23
9x6crxd4xi5s,6
9x6crxd4xi5s,5
y5ynobwtcnri,2
y5ynobwtcnri,10
5pfylwwmnuii,21
5pfylwwmnuii,13
5pfylwwmnuii,6
njkttwxwx3u1,25
njkttwxwx3u1,7
wqr0abjworfd,15
ahq541qz6sog,1
an0zt5mikpge,13
6swpctv0spt4,4
6swpctv0spt4,6
6swpctv0spt4,29
nge624ct1s1u,11
nge624ct1s1u,22
nge624ct1s1u,23
y4zkztzf2aqh,14
y4zkztzf2aqh,6
y4zkztzf2aqh,7
dga3lfzfs420,6
dga3lfzfs420,24
dga3lfzfs420,5
7ue2evhecu6c,24
7ue2evhecu6c,13
7ue2evhecu6c,6
ctfy2wab1ava,26
ohda0x6v7vhp,20
siufyqacvg9i,9
g63rzdo19wkw,16
g63rzdo19wkw,4
ypmajevbt2rf,17
ypmajevbt2rf,20
ypmajevbt2rf,26
y3kdect4kbxm,17
zgxb6ypfxx32,7
zgxb6ypfxx32,28
i5xjok28m35s,28
i5xjok28m35s,25
i5xjok28m35s,14
nf65fprzglhb,17
ljr8l5dkd7g4,5
ljr8l5dkd7g4,10
ljr8l5dkd7g4,15
ss2vnub2dkc8,14
46rjym6ty05j,19
46rjym6ty05j,4
46rjym6ty05j,6
f8rectmdbdhh,7
f8rectmdbdhh,22
j05cdw1rr3fj,12
j05cdw1rr3fj,28
j05cdw1rr3fj,19
msq0svucorwx,11
msq0svucorwx,20
mgbchmleb3d8,7
mgbchmleb3d8,6
mgjoprfiflsm,27
mgjoprfiflsm,2
9nz4awj383wi,21
9nz4awj383wi,12
ueut5ci9g30g,26
ueut5ci9g30g,13
1d6142zqhdrs,3
1d6142zqhdrs,20
ri4ubmu0uvnw,12
ri4ubmu0uvnw,29
vkfwx6pg49yt,22
vkfwx6pg49yt,1
z3mx8p7kzcv2,27
z3mx8p7kzcv2,29
z3mx8p7kzcv2,7
y3zb6siz163a,3
kdu90iba4q1f,14
tkv9b7j6zrex,20
tkv9b7j6zrex,13
tkv9b7j6zrex,28
xj8vwztij138,27
el6v60malp3r,6
el6v60malp3r,8
el6v60malp3r,22
zf06floa3sh1,25
zf06floa3sh1,29
ul3ftxshir6t,9
ul3ftxshir6t,5
jsll1rckb4yu,23
jsll1rckb4yu,4
jsll1rckb4yu,10
0a6pgchktcku,7
r8hztkee4zy9,27
r8hztkee4zy9,7
r8hztkee4zy9,1
dbheo6bcbyl2,28
dbheo6bcbyl2,29
dbheo6bcbyl2,17
zhxpi78d3lge,23
zhxpi78d3lge,2
gsfbek8t2h22,20
8wp1x1bjkxby,2
8wp1x1bjkxby,21
eecfpal2y6g1,8
eecfpal2y6g1,22
eecfpal2y6g1,16
l9bex8wf58wa,19
l9bex8wf58wa,25
le365bogeodj,25
le365bogeodj,3
0umawhvoa1pn,23
gar255ohmlsi,7
gar255ohmlsi,13
1nmh64maq1iq,19
1nmh64maq1iq,7
rmqikyl71ued,10
zin4q6i35ola,9
zin4q6i35ola,19
ydpaprvbrm0d,27
ydpaprvbrm0d,20
ydpaprvbrm0d,21
xrqdt3k06tte,4
xrqdt3k06tte,25
xrqdt3k06tte,15
anmqyd0ofyy7,22
3ibop4roimet,18
i7dntqm5cybr,24
0mapauo0tn7v,4
0mapauo0tn7v,24
6k8jcdfdlj7r,16
h7oi2j4fexu0,14
b1salt4isyk4,6
zf94ujdhcenc,23
qd4rapuigd2r,8
qd4rapuigd2r,1
nx7dgbgy9jo6,19
nx7dgbgy9jo6,23
yg8ml54zfc9h,10
yg8ml54zfc9h,3
yg8ml54zfc9h,2
o2g1mx82gqkd,4
o2g1mx82gqkd,20
36765fnqz47z,4
p6iqchaj6jp0,2
p6iqchaj6jp0,29
p6iqchaj6jp0,7
7vr2voq6oaw9,16
7vr2voq6oaw9,23
c087ky3sxmk8,26
w90kqfc8hqmz,17
w90kqfc8hqmz,29
w90kqfc8hqmz,27
2xinhjfxg87q,29
2xinhjfxg87q,2
w143vnxrnfkp,4
w143vnxrnfkp,14
qd3gldoi8tdy,9
9gceqd52fxp8,18
9gceqd52fxp8,1
9gceqd52fxp8,28
zfl6gsegw63x,24
zfl6gsegw63x,3
zfl6gsegw63x,28
tsk85duemtxr,12
tsk85duemtxr,4
l9ujt601siwz,21
l9ujt601siwz,24
l9ujt601siwz,29
3c6fbknk3v2z,15
qdnilgupnkzc,28
qdnilgupnkzc,13
uw3xqb2x201k,9
qt3j2ec52m68,2
qt3j2ec52m68,23
yxm5vw8ik8cv,25
yxm5vw8ik8cv,3
yxm5vw8ik8cv,17
poguyee1aqzb,12
w81cpmxto0zz,29
w81cpmxto0zz,2
70afvxwniney,8
70afvxwniney,25
eg2z752ltjsj,20
eg2z752ltjsj,8
rs7x3hbnw6i0,7
rs7x3hbnw6i0,17
n35t2izgi317,19
n35t2izgi317,14
s8s59i62306b,22
s8s59i62306b,11
o6n9xjymit96,23
o6n9xjymit96,2
o6n9xjymit96,24
o4b7ufzuppem,12
o4b7ufzuppem,7
o4b7ufzuppem,18
gw3vtpymu167,23
gw3vtpymu167,21
gw3vtpymu167,22
u4qaev4pawp3,19
yq7p2h7gqyqz,7
yq7p2h7gqyqz,17
6hr7prlkwyl2,7
6hr7prlkwyl2,15
6hr7prlkwyl2,22
t9050mdsafpm,17
t9050mdsafpm,2
t9050mdsafpm,5
342qtbrhbrau,22
342qtbrhbrau,12
ooda2v9us21p,20
ooda2v9us21p,5
ooda2v9us21p,6
ar2qmc2vcron,8
ar2qmc2vcron,10
ar2qmc2vcron,7
1sb8hx65e4y7,11
1sb8hx65e4y7,5
1sb8hx65e4y7,7
9lt1l6yv7cwn,6
9lt1l6yv7cwn,8
zzk8v9tegf3j,19
zzk8v9tegf3j,7
vo1wr5o2kz6u,7
vo1wr5o2kz6u,28
zv2sgoqrbq38,15
zv2sgoqrbq38,21
bqptokot6on8,2
bqptokot6on8,23
bqptokot6on8,16
iwg93mdjic80,15
iwg93mdjic80,20
iwg93mdjic80,9
0uuur0lhkvq6,15
idr6gn75xxsr,22
idr6gn75xxsr,3
ybjr3ntotzkn,13
ybjr3ntotzkn,10
8fpunz5icvy9,15
8fpunz5icvy9,21
8fpunz5icvy9,7
795j5lxdlx49,7
bqo3rxamc4kv,28
tg2q90fxlufl,11
tg2q90fxlufl,17
tg2q90fxlufl,24
ybngfusyn8w8,26
ybngfusyn8w8,8
85oojdm0upj7,26
85oojdm0upj7,14
85oojdm0upj7,20
g0w53x4xonrh,2
g0w53x4xonrh,24
ud7qtd6gfkc7,27
ud7qtd6gfkc7,28
ud7qtd6gfkc7,15
0ts7q2cyqsup,16
0ts7q2cyqsup,5
r1pbf90177df,18
tukzfvp7eddb,21
tukzfvp7eddb,6
tukzfvp7eddb,4
0g0t9gupqzot,14
0g0t9gupqzot,2
8cajkwtn395l,29
w3142n315yz8,26
w3142n315yz8,10
ikodeinxsgbb,28
ikodeinxsgbb,27
ikodeinxsgbb,7
ukvk7dntjadb,17
mqmmz95ljy52,23
mqmmz95ljy52,7
htpwjalbt1xn,10
htpwjalbt1xn,5
soikajayolo7,29
soikajayolo7,4
soikajayolo7,15
96bt6hy4g2ao,22
96bt6hy4g2ao,15
5l1c35kiv4jf,24
5l1c35kiv4jf,7
5l1c35kiv4jf,29
50iazpdlyex8,14
50iazpdlyex8,19
3shzzeifidmu,17
3shzzeifidmu,23
b15vbd612n9i,14
yjxtirv4qljy,10
yjxtirv4qljy,25
yjxtirv4qljy,1
x31c9qtye4jj,17
szunhgzz7ygl,14
szunhgzz7ygl,9
szunhgzz7ygl,4
ixvxdd8pekmj,12
ixvxdd8pekmj,19
ixvxdd8pekmj,23
mdy34rb9e582,15
mdy34rb9e582,4
iqceo4j9jr2i,26
l132c9h6f7eg,19
s01u1b7smiok,5
1bnzhvqra145,15
rz30yc469lep,7
rz30yc469lep,19
mweamv2tmkew,18
mweamv2tmkew,12
5jb0gvv8p5tz,13
t9oe6xpcimss,6
qr2pcne8jz2c,8
y9ckyr95dg8m,22
y9ckyr95dg8m,20
y9ckyr95dg8m,18
z8kh004llk8l,11
z8kh004llk8l,24
z8kh004llk8l,9
fc6x1kd343ak,12
fc6x1kd343ak,14
w6hiphrq93ze,19
w6hiphrq93ze,20
la14rvbaievk,9
r0wjj9frtjnk,28
r0wjj9frtjnk,1
97jvxcfh561y,7
fehgvf2hw5w7,21
fehgvf2hw5w7,26
fehgvf2hw5w7,16
ipo3lupdpybx,17
ipo3lupdpybx,25
vaxiwk0ybygn,22
vaxiwk0ybygn,6
4lm19hwsbj12,21
4lm19hwsbj12,16
fkasxdl89sek,18
9wixpw2vk03t,7
9wixpw2vk03t,18
9bftpl7lpwht,25
9bftpl7lpwht,15
9bftpl7lpwht,5
pl22wuzqo9gf,12
pl22wuzqo9gf,18
8r4pxshzepok,13
rlti6n7n0rce,14
rlti6n7n0rce,6
87gq6xrd3ykv,21
34rqjg3mk1xo,10
34rqjg3mk1xo,18
34rqjg3mk1xo,27
nuis0ndz5u4o,17
nuis0ndz5u4o,9
cpomsb9ub2pk,5
yfxgw2svinxw,17
yfxgw2svinxw,29
yfxgw2svinxw,3
vkeqs8ts2txu,15
vkeqs8ts2txu,3
iuk9a0a4cfp4,26
6m3qdb4dn3dt,12
6m3qdb4dn3dt,22
4io7eg42ed76,18
4io7eg42ed76,1
djqcfqtjlca5,14
djqcfqtjlca5,22
djqcfqtjlca5,15
perk22gmo36u,23
perk22gmo36u,3
fvmpq9dw3eyi,22
fvmpq9dw3eyi,13
fvmpq9dw3eyi,15
9z6fzfvwshqm,20
9z6fzfvwshqm,27
jo7u69a2iz9x,28
jo7u69a2iz9x,6
8rso4c8txg55,7
jwt0mm19i6sv,14
642fmlinklpt,23
642fmlinklpt,1
642fmlinklpt,28
kycouav551oy,23
kycouav551oy,17
kycouav551oy,8
poo6dgebec5u,14
poo6dgebec5u,16
iba35j73cegw,23
iba35j73cegw,9
iba35j73cegw,19
si3jcodzyy48,7
si3jcodzyy48,20
si3jcodzyy48,16
x3hb4oloien8,8
x3hb4oloien8,12
x3hb4oloien8,11
nhuopl0n2cbp,3
vqvnlr9v45ge,26
vqvnlr9v45ge,13
vlh7lbn658qt,22
vlh7lbn658qt,15
uqd0xb0ae7uy,28
uqd0xb0ae7uy,29
uqd0xb0ae7uy,17
4x7gxkv8k3zo,20
4x7gxkv8k3zo,23
4x7gxkv8k3zo,27
l37jn4q0kmiu,23
l37jn4q0kmiu,2
e7y7juk710ev,10
e7y7juk710ev,2
gh4lkoodadoj,19
gh4lkoodadoj,8
gh4lkoodadoj,16
el1g5k1oi4d3,19
a20s937kewq9,25
2l4ojplzk5zf,22
2l4ojplzk5zf,17
jucjh7a1jqbx,9
u8aweydu8tx9,9
0o41qg14fl5p,18
0o41qg14fl5p,10
m46qrfgk3i3c,9
m46qrfgk3i3c,18
m46qrfgk3i3c,23
v11ga78hqwxe,25
6d1wkacoavg2,11
6d1wkacoavg2,24
q4rvo8t65qey,18
q4rvo8t65qey,25
q4rvo8t65qey,8
ypk71g898pfq,4
ypk71g898pfq,14
lw54oauc1dj7,29
lw54oauc1dj7,6
7bqsgyqcp115,1
7bqsgyqcp115,25
a2yy6n120nqo,2
tpjgzovs26mr,21
tpjgzovs26mr,28
tpjgzovs26mr,3
8d0nenlxquf2,4
rhwnvaiet9vc,6
rhwnvaiet9vc,22
rhwnvaiet9vc,8
2omrnb29ncu9,12
2omrnb29ncu9,7
y853e2sl225l,2
df4jcsne52co,6
df4jcsne52co,20
df4jcsne52co,28
p4gozfig5k8a,10
p4gozfig5k8a,6
p4gozfig5k8a,23
ylozblb4ulwo,25
ylozblb4ulwo,5
zi08qnmpzq78,20
zi08qnmpzq78,13
zi08qnmpzq78,2
wt0rjewl2rq6,28
1hkrlhrhh66t,29
a3j3ry8fxk2u,14
2na6gi0cvmwe,17
fxrzmo1i82tg,10
fxrzmo1i82tg,1
61943gx45rr1,20
61943gx45rr1,9
61943gx45rr1,25
01jzjra6mmwc,17
01jzjra6mmwc,25
jh34qykaj0eg,26
jh34qykaj0eg,1
jh34qykaj0eg,19
d3wvbs91cp7j,24
d3wvbs91cp7j,28
lcmgsa29z3rl,14
k4nd6bwed60b,10
k4nd6bwed60b,17
jdu1id7iuvde,22
jdu1id7iuvde,17
pptsdpoiadx3,7
pptsdpoiadx3,10
pptsdpoiadx3,24
5k7v9l4jyr1x,2
5k7v9l4jyr1x,17
m28j80lbxsjm,17
7m39evvwi7d7,4
ytp38p3uu5a4,21
ytp38p3uu5a4,8
ytp38p3uu5a4,15
34fu48g9mynw,1
uv6xk0xt60tu,3
uv6xk0xt60tu,19
w3tts6zv2dj3,29
w3tts6zv2dj3,12
w3tts6zv2dj3,11
m7c8f66o5wi5,19
m7c8f66o5wi5,26
km2vcfszb1e9,11
oihwu3a5lblt,6
p47owlqegwxz,28
m5pv0g6unb6a,23
m5pv0g6unb6a,28
kfid2e6w9pr5,24
kfid2e6w9pr5,6
dynh97w3d2kn,17
dynh97w3d2kn,4
pnkbn2qx7bua,13
pnkbn2qx7bua,16
0tkyutnxbb9k,17
gv3ip2mlfuk1,19
cayo0fhtuhyn,18
cayo0fhtuhyn,5
kfo67osxrbx6,21
kfo67osxrbx6,2
eu9vrp8ist89,24
eu9vrp8ist89,15
eu9vrp8ist89,20
ke3nuutxj52f,14
ke3nuutxj52f,7
ke3nuutxj52f,17
bdzjdwyx0msp,20
gvh31qsvbmhr,25
1eggxv4gzmky,11
7uv6enfxwgc9,27
7uv6enfxwgc9,26
n0atlx25jy5e,23
n0atlx25jy5e,6
n0atlx25jy5e,25
ttrjmeztdtt3,9
o6kg5rfo2obw,13
o6kg5rfo2obw,19
986pyv08bacl,10
986pyv08bacl,3
986pyv08bacl,6
ahap8d6us55f,6
l8i1kzcblscw,17
l8i1kzcblscw,15
l8i1kzcblscw,10
ndfts9fhegvs,28
ndfts9fhegvs,10
gut4x869v3b1,4
3a7wony4ng03,25
3a7wony4ng03,6
7aub10mr6bpl,13
7aub10mr6bpl,19
w9o3yhu0i7ky,12
w9o3yhu0i7ky,4
lhir9f6j38vu,23
lhir9f6j38vu,4
lhir9f6j38vu,28
3uuxnn4wdgx1,12
3uuxnn4wdgx1,20
f03snjfq82nz,9
f03snjfq82nz,13
ndujlb2071b1,25
ndujlb2071b1,2
47rjwp2ew13f,1
4zrw6en8aqag,14
4zrw6en8aqag,17
556znjqdy10g,17
556znjqdy10g,20
olz5koin9ghi,13
olz5koin9ghi,18
olz5koin9ghi,8
vyzbst0qznfq,19
vyzbst0qznfq,21
vyzbst0qznfq,29
efpo5crdugs2,28
3o7nhqbphhfo,15
86uxx6kkzdwu,22
s1zy6a40tiq5,11
s1zy6a40tiq5,9
s1zy6a40tiq5,15
ubvheq63jznt,25
ubvheq63jznt,1
98uqw6mq6jj7,23
xvo6ca5mpdh3,10
sdklaza2o7j8,19
c83r5l1ppcqk,17
c83r5l1ppcqk,12
c83r5l1ppcqk,14
qeggyan935ru,14
qeggyan935ru,29
qeggyan935ru,2
rox9aclkjyju,11
rox9aclkjyju,6
sz9tlga2mftu,9
sz9tlga2mftu,4
sz9tlga2mftu,17
rstsawfob9y9,14
rstsawfob9y9,17
rstsawfob9y9,2
oi7rdpevs2g2,12
saxb0442j1zh,1
saxb0442j1zh,8
l3edslcpws1t,21
fyyzp08lmsqo,9
fyyzp08lmsqo,7
fyyzp08lmsqo,11
xsoln67lbbwm,28
xsoln67lbbwm,19
xsoln67lbbwm,11
19en54lcd3ef,8
19en54lcd3ef,29
19en54lcd3ef,26
p11makut7tqd,3
p11makut7tqd,4
p11makut7tqd,11
qng86gjde361,27
zxu12rhwjazb,19
zxu12rhwjazb,7
87wgshfieh13,16
87wgshfieh13,8
wo0wxmaci1o0,21
wo0wxmaci1o0,23
wo0wxmaci1o0,19
a7no7wjqcf11,20
a7no7wjqcf11,26
3v7f1nbnea0p,28
bu0xgvid76ff,10
bu0xgvid76ff,21
2pfr501y2we3,29
vi8jmilmoqh3,20
vi8jmilmoqh3,1
vi8jmilmoqh3,7
sdozkennjmg3,20
sdozkennjmg3,3
sdozkennjmg3,15
19p0gjkq8et9,16
19p0gjkq8et9,18
19p0gjkq8et9,12
9fi7edo1vekz,24
9fi7edo1vekz,23
gddwx0mhq9mu,26
qjn495dia87q,18
qjn495dia87q,3
qjn495dia87q,16
kh8zldboac41,28
kh8zldboac41,18
kh8zldboac41,8
pfsbxrdija35,4
pfsbxrdija35,10
ig5mvp77ikb6,24
ig5mvp77ikb6,4
ig5mvp77ikb6,28
dfee9ngczvhx,26
dfee9ngczvhx,19
dfee9ngczvhx,14
68q4chpip0qk,5
68q4chpip0qk,11
68q4chpip0qk,27
zh5jvzuer6ky,26
v5kmifyx72m7,12
0pfu2lqyqimj,17
0pfu2lqyqimj,26
0pfu2lqyqimj,24
tgixszoqgjva,15
tgixszoqgjva,10
tgixszoqgjva,3
vm8pby43gbp7,26
vm8pby43gbp7,28
vm8pby43gbp7,19
fx179j9mqio0,8
wtm48ltgdfgi,26
wtm48ltgdfgi,7
6w4j5hrqky9n,29
e1ltfyhwxtqp,8
55f3n4nz2oz1,18
55f3n4nz2oz1,23
55f3n4nz2oz1,6
i0gmas0caqtv,3
q4jdt0r5c9i6,11
003yqlh86w25,1
pkqfnkvmlxvx,3
qecshjwtriqj,18
qecshjwtriqj,17
qecshjwtriqj,12
hwszji1pv404,23
hwszji1pv404,22
hwszji1pv404,4
sblcha6htmb8,17
rxet935sfhhs,21
rxet935sfhhs,15
rxet935sfhhs,7
0ch0ecvh93sx,14
p9zq9x6vhhlk,4
p9zq9x6vhhlk,16
9ve2yf75kc5m,16
qutfmvl7c819,25
qutfmvl7c819,7
qutfmvl7c819,16
w660kqfeb28v,1
w660kqfeb28v,7
wnhgnl9hgdfq,22
wnhgnl9hgdfq,12
g0kphq191xae,5
o187guvaj1pu,18
o187guvaj1pu,5
o187guvaj1pu,17
8pyl2t7653u1,14
v9js0asy1jhm,22
rkp6ux5epfbi,14
rkp6ux5epfbi,1
b5kdtywu68ng,6
b5kdtywu68ng,20
itaxtqe57ht7,26
qd93eq0k763q,6
qd93eq0k763q,29
9ipxwdnxcvwe,29
9ipxwdnxcvwe,19
9ipxwdnxcvwe,1
5mwpcl9a7mbj,10
5mwpcl9a7mbj,24
5mwpcl9a7mbj,2
yy03hii3frnp,8
z3ni8wx0ylzy,9
gek1ue2l0zrb,9
a224ctohp65q,19
a224ctohp65q,5
a224ctohp65q,27
k95tlbye8a8a,9
pipkpee7ce1w,1
pipkpee7ce1w,15
pipkpee7ce1w,11
j3ppptsa96n9,14
ie6ggmqbkvzf,13
4ka9a71sgr0c,6
4ka9a71sgr0c,2
rj3ekxhq6ym9,29
rj3ekxhq6ym9,2
4ts7vucx6laa,17
moftin9ijoyq,1
moftin9ijoyq,11
moftin9ijoyq,24
udj0f5zqeaps,7
9clzfvsri0pq,28
7019qwmsnl48,4
7019qwmsnl48,16
7019qwmsnl48,23
gx4pg9ufw0je,20
gx4pg9ufw0je,28
wawuzgytmd76,11
vr5a59dyvrgg,6
vr5a59dyvrgg,16
xn5mnjly8xyb,17
xn5mnjly8xyb,28
xn5mnjly8xyb,20
tvwc382bhl4x,13
tvwc382bhl4x,29
tvwc382bhl4x,28
far37ks3nqec,5
far37ks3nqec,6
far37ks3nqec,11
osv9o04f1thj,13
osv9o04f1thj,11
t214yg3ln29r,5
t214yg3ln29r,2
nkkyyz0o8wp4,12
ean6ptda6bqj,1
ean6ptda6bqj,21
ean6ptda6bqj,12
5m2aoxc0uwry,24
5m2aoxc0uwry,1
5m2aoxc0uwry,7
i8nb3bltyp7e,27
ykraew6p2h3y,17
ykraew6p2h3y,14
ykraew6p2h3y,25
x4nt02ldxyra,26
x4nt02ldxyra,23
x4nt02ldxyra,22
wt66ix988i5k,20
wt66ix988i5k,11
ez2l5exh3ah1,28
ii3l3oshs8r9,8
ii3l3oshs8r9,20
ii3l3oshs8r9,28
1i6bghl67yps,14
1i6bghl67yps,1
1i6bghl67yps,11
9ryzlaqtyuvz,3
qax6gl5v6rv0,9
qax6gl5v6rv0,3
d6zgvip5fhl8,6
d6zgvip5fhl8,4
trfuyoab6dpw,18
trfuyoab6dpw,12
trfuyoab6dpw,24
xxyvzz2tcl3j,20
xxyvzz2tcl3j,9
xxyvzz2tcl3j,22
nppfr11myhzo,3
nppfr11myhzo,14
buil5qsun4wq,2
1a52g20jjbk4,26
1a52g20jjbk4,18
1a52g20jjbk4,19
fm1hgm6ytm3x,16
425qbs6kkjld,28
425qbs6kkjld,8
vogpmt5v7hy3,28
vogpmt5v7hy3,26
lhypweecldyl,17
lhypweecldyl,15
lhypweecldyl,24
m45yfq5p6sks,5
m45yfq5p6sks,3
16r0jwc5ggls,1
iq9hwu5kg0i7,12
iq9hwu5kg0i7,20
iq9hwu5kg0i7,27
dpr6ltcz6a5c,28
1x2u6y3wsxas,16
1x2u6y3wsxas,17
1x2u6y3wsxas,8
basamwm5ndot,2
basamwm5ndot,8
basamwm5ndot,6
00nnjh8656q0,1
00nnjh8656q0,9
h0g5df9bappe,5
h0g5df9bappe,1
h0g5df9bappe,29
ix1thr0hgodv,15
k1nkm9xpcmi9,10
k1nkm9xpcmi9,28
vw64u9nn3sdk,18
vw64u9nn3sdk,7
vw64u9nn3sdk,14
y2kwqy3fqkyr,10
px68bzpnzm4g,21
px68bzpnzm4g,3
px68bzpnzm4g,12
sesxojtdseeg,26
sesxojtdseeg,25
tf17z4x6tlv7,19
tf17z4x6tlv7,25
tf17z4x6tlv7,4
2wwkt7rzj6js,23
2wwkt7rzj6js,9
nrtnaomfkk0z,7
tpb5uatu56z5,26
tpb5uatu56z5,6
gu2j4jz6ywi3,27
6co3mkwoierv,7
6co3mkwoierv,26
6co3mkwoierv,16
otqk4w4349eh,26
czo3xmodg8kd,27
czo3xmodg8kd,9
izcqlkciegl8,21
tf4ss0vgx9yn,13
8zng2eq6yq26,29
zcf17yud3fnd,9
6e8ew840sg21,9
6e8ew840sg21,19
0l2965kkf9ux,29
0l2965kkf9ux,27
0l2965kkf9ux,23
zvzqqewnpota,26
zvzqqewnpota,27
zvzqqewnpota,1
0qjskv9qnnex,6
c310d7jq6p6m,27
xhqkxx4mzfng,13
xhu70bpwrquz,19
9nxatwc2qbp1,13
nc4amt2muve9,6
nc4amt2muve9,17
nc4amt2muve9,29
7v5a8zyj4gw5,6
7v5a8zyj4gw5,20
8rbeexwljnz8,12
8rbeexwljnz8,18
8rbeexwljnz8,22
i73nyh2f5o74,6
i73nyh2f5o74,5
i73nyh2f5o74,23
p6jx1p24lk7h,10
p6jx1p24lk7h,18
p6jx1p24lk7h,3
d3iw7m6kcxy5,21
d3iw7m6kcxy5,18
d3iw7m6kcxy5,9
p2cxts6mvq2c,10
wabnm9n1fndz,14
wabnm9n1fndz,13
wabnm9n1fndz,8
hjz01huo1dis,5
hjz01huo1dis,2
zsanqxrr3dl3,8
ersraeqb3guy,10
ersraeqb3guy,25
kq9egd4wd9uc,6
kq9egd4wd9uc,19
kq9egd4wd9uc,2
p0jsqs27o773,21
p0jsqs27o773,6
vowrfygxbuos,2
vowrfygxbuos,10
vowrfygxbuos,20
jc9sjppi1lgt,16
jc9sjppi1lgt,12
wdjd3z47se6u,23
wdjd3z47se6u,22
wdjd3z47se6u,14
sth2gm6kusd7,16
sth2gm6kusd7,2
sth2gm6kusd7,10
kcz2c7f0nvxp,12
8pn66th5te4d,11
8pn66th5te4d,7
8pn66th5te4d,5
yhzd6t5jb1dh,18
yhzd6t5jb1dh,1
yhzd6t5jb1dh,24
emmwexhmolsp,7
ku9nty79mklw,26
ku9nty79mklw,24
wz767pkdfl4z,1
mevlvf2n6d1s,28
mevlvf2n6d1s,3
uucwxd41ffhc,10
w8xcqwkw8dcj,16
w8xcqwkw8dcj,2
czlph5o9qrk2,2
czlph5o9qrk2,5
1nwnkapikrt9,5
1nwnkapikrt9,9
1nwnkapikrt9,20
b8f5rkdmsdo6,25
b8f5rkdmsdo6,3
b8f5rkdmsdo6,15
x0gf4v80fhvl,7
i1zqo1x3eql0,7
i1zqo1x3eql0,2
fsf4f3tu6sm7,11
fsf4f3tu6sm7,7
fsf4f3tu6sm7,15
yqftx4dkoxav,20
yqftx4dkoxav,3
15s6xlsbblwb,22
15s6xlsbblwb,1
15s6xlsbblwb,28
apzufbcptr7n,23
apzufbcptr7n,26
apzufbcptr7n,7
dn66pyjhdgx6,26
dn66pyjhdgx6,5
6d3q8tcaovpt,8
6d3q8tcaovpt,16
iun8rkhc2cim,28
iun8rkhc2cim,25
iun8rkhc2cim,9
8lj8pgxzt4mk,18
8lj8pgxzt4mk,13
8lj8pgxzt4mk,1
0an66iqw32zg,1
0an66iqw32zg,26
tr39hu2zgx2t,6
wog3zje2cb6y,12
wog3zje2cb6y,1
tcjtdknx7u3r,16
tcjtdknx7u3r,6
jgk40lqet1wx,12
jgk40lqet1wx,2
jgk40lqet1wx,17
x5g1nb8eaehq,5
a266nttnpiqv,19
a266nttnpiqv,23
sdgtn7yj7b6c,28
sdgtn7yj7b6c,16
sdgtn7yj7b6c,29
hb6nxyu6pzae,2
hb6nxyu6pzae,26
hb6nxyu6pzae,9
fqz1yrf0hh1l,3
fqz1yrf0hh1l,4
ma7lqjywrzoa,5
ma7lqjywrzoa,14
ma7lqjywrzoa,9
swornxn8galh,11
swornxn8galh,13
lnmrpowbpw1o,10
jver3ytqm69f,15
k0o3rbmwfvbh,5
k0o3rbmwfvbh,1
v9z0lutk0c56,6
x569fr096ebp,9
x569fr096ebp,13
x569fr096ebp,22
7h71s5yr2ea5,20
7h71s5yr2ea5,9
7h71s5yr2ea5,1
hq7up8ywep5y,1
hq7up8ywep5y,22
hq7up8ywep5y,19
slqo22s4ol6r,3
slqo22s4ol6r,15
uaubhith7p14,2
uaubhith7p14,5
uaubhith7p14,1
fbh9wqs7mk7a,2
4f12x99filge,12
wle9dqgp4al5,2
wle9dqgp4al5,22
wle9dqgp4al5,6
hqw3lyrc417j,8
hqw3lyrc417j,11
wfaxfvwk8jbt,9
wfaxfvwk8jbt,3
wfaxfvwk8jbt,18
6v9k0sxhjiui,15
rhw3qtxjlmoe,19
rhw3qtxjlmoe,27
hr5en7oyo8ph,29
hr5en7oyo8ph,18
6s1pnx9h6d0z,17
6s1pnx9h6d0z,2
s8sysgt6non5,9
s8sysgt6non5,21
s8sysgt6non5,16
16ekyit17mzt,25
16ekyit17mzt,27
16ekyit17mzt,14
q1ujsu97yyni,16
dodwvhjguvnf,16
no1odwdb0tcq,23
no1odwdb0tcq,15
1x1v3zfe47tu,23
0r1b4gxr5a6d,15
0r1b4gxr5a6d,13
0r1b4gxr5a6d,6
sz2ydci6n48a,17
sz2ydci6n48a,4
sz2ydci6n48a,8
8ia21afaoblt,17
se5fag920a8b,25
se5fag920a8b,5
tcnw4u0j1wsb,3
ig5k5udxnhg1,2
kzs6cvtd1vvn,8
n4ysd7hqyjsm,9
n4ysd7hqyjsm,12
n4ysd7hqyjsm,16
nuflk0saahm8,17
nuflk0saahm8,24
ll5pfc0swlyw,21
kwnufjyzlo2b,7
lozy83rpi8ka,8
upxi3o1p2apo,19
upxi3o1p2apo,9
upxi3o1p2apo,20
a45dpggy75q5,29
a45dpggy75q5,22
5kvuyvf38nqx,16
5kvuyvf38nqx,3
d36mnsm4finb,16
vts5ogs8g75t,14
vts5ogs8g75t,7
iwxw315k03q7,22
ai3k5hv410i2,11
xamg9s78te8e,16
xamg9s78te8e,12
xamg9s78te8e,25
h65l1aim1m9d,15
kwys7tyuqmlk,25
kwys7tyuqmlk,9
88w7cmt8djy2,12
88w7cmt8djy2,18
88w7cmt8djy2,10
5dm1lqdkrpub,29
5dm1lqdkrpub,7
02sv0fm0boq4,3
1spg9uio3r6t,6
mujqwdhwy8j6,25
mujqwdhwy8j6,12
mujqwdhwy8j6,5
jwltixba1ov5,3
jwltixba1ov5,28
kc5mqc56fk7s,4
byiu2yp07ic0,12
byiu2yp07ic0,17
byiu2yp07ic0,20
1irajrj7zaxr,22
1irajrj7zaxr,23
vx3vhwp1v2yv,28
vx3vhwp1v2yv,20
vx3vhwp1v2yv,13
6hpfhm8o187m,25
6hpfhm8o187m,1
9lwbze06l7gj,1
9lwbze06l7gj,29
9lwbze06l7gj,7
pforpz3keyru,27
pforpz3keyru,21
iprzucsxrmla,7
ex0q67s722sq,20
ckxf0p2oror7,3
ckxf0p2oror7,29
ckxf0p2oror7,28
rs56otbx2ifc,29
rs56otbx2ifc,10
3gl73l04yhe1,5
eug0b05pfcl1,2
eug0b05pfcl1,25
eug0b05pfcl1,5
uzrds4y863zr,11
uzrds4y863zr,26
opgvaegy0qkd,12
tl1np4scn4uk,8
tl1np4scn4uk,3
tl1np4scn4uk,27
eybpz720id09,16
v6zqak1zmpdt,21
vy8w4xoj4meb,13
vy8w4xoj4meb,23
izlor26z0nin,3
izlor26z0nin,7
gi9kl5almru5,26
gi9kl5almru5,14
gi9kl5almru5,6
uvke81q4nmkc,3
5hy3s8kyp5w8,13
5hy3s8kyp5w8,5
5hy3s8kyp5w8,29
waidarah1hec,8
waidarah1hec,13
yxigz5wcojbe,15
yxigz5wcojbe,16
yxigz5wcojbe,9
phntaqe3zyi6,4
dm65543lyh5j,4
dm65543lyh5j,19
6oml4gi3wkti,8
6oml4gi3wkti,1
q4t705mt597q,3
q4t705mt597q,25
q4t705mt597q,14
uwwcm3nze93r,1
uwwcm3nze93r,17
q5zbnjyqbqq9,13
qdlu53mwxpof,11
qdlu53mwxpof,19
qdlu53mwxpof,3
h1k7f1u1mpj8,11
mudbqtgnesc5,24
mudbqtgnesc5,15
mudbqtgnesc5,22
cewhi0wpxzfv,16
cewhi0wpxzfv,10
td3n4yi45nde,28
td3n4yi45nde,11
mgu51acb061d,23
mgu51acb061d,28
mgu51acb061d,27
w1tgw28dn0v8,4
w1tgw28dn0v8,15
gozjcaah41qq,22
gozjcaah41qq,23
pf7i02munppk,14
pf7i02munppk,28
pf7i02munppk,4
cvvg7qdgztz5,26
oobfmf6n6rxg,26
9dv2gx9d0hc9,13
9dv2gx9d0hc9,10
9dv2gx9d0hc9,3
iz0tp8qrx081,27
iz0tp8qrx081,26
iz0tp8qrx081,23
emsogc379zlc,7
emsogc379zlc,17
x6efv083hjcm,20
x6efv083hjcm,27
qtwcmpaac8pk,29
wifn82n86sie,8
ati6f3kqtxsp,25
ati6f3kqtxsp,29
ati6f3kqtxsp,15
jvowzdknn004,28
jvowzdknn004,23
jvowzdknn004,21
4pqwxpr3i7uj,1
3yrdpo4kwpkl,10
6stw85jfly7l,7
6stw85jfly7l,12
6stw85jfly7l,10
lda7pm2tvyce,7
lda7pm2tvyce,18
nvie36k2lzvh,20
nvie36k2lzvh,26
ajjpu5bgk34b,3
ajjpu5bgk34b,23
htkurilqu3hv,22
htkurilqu3hv,2
mrdetiugffnv,13
t4hexc62sj4u,9
t4hexc62sj4u,20
i3g92wvhsttb,7
9orpqlg1ez0i,21
9orpqlg1ez0i,15
9orpqlg1ez0i,12
3whnow6h3m49,4
3whnow6h3m49,7
3whnow6h3m49,20
dai7sddru5k5,17
dai7sddru5k5,20
30i278jysbjn,4
30i278jysbjn,6
30i278jysbjn,17
4yfdtxrmta36,20
4yfdtxrmta36,18
4yfdtxrmta36,23
an9g5d9nep0t,26
8tvquypvydqu,28
8tvquypvydqu,16
8tvquypvydqu,4
qw8mo90mzu9e,27
qw8mo90mzu9e,6
qw8mo90mzu9e,15
efqrkalou44k,15
efqrkalou44k,4
efqrkalou44k,18
6u4idckrb98k,28
aalj61hjnpb4,28
aalj61hjnpb4,14
aalj61hjnpb4,4
2pn1t0ltxvfm,29
od4f8o4egnvy,13
zkrp9ct8q6ci,13
dican11q8utz,20
dican11q8utz,1
dican11q8utz,3
yz4y2x6w9kn5,27
yz4y2x6w9kn5,6
r099380xzgg0,23
dlp6egaetzzm,22
dlp6egaetzzm,7
dlp6egaetzzm,3
qyp0ja9sewcy,28
qyp0ja9sewcy,23
pjmggt69wzvi,26
pjmggt69wzvi,29
pjmggt69wzvi,1
4hp0x1ge9qqg,13
4hp0x1ge9qqg,3
0u3pu5iscagq,3
14grhp9r4kjf,21
14grhp9r4kjf,27
14grhp9r4kjf,11
p3lkq1zvsqia,20
p3lkq1zvsqia,9
hmwfrb7s06u6,16
hmwfrb7s06u6,11
hmwfrb7s06u6,15
n8c8wfckz5gi,1
n8c8wfckz5gi,8
n8c8wfckz5gi,29
e5f4tzwrxjrq,21
e5f4tzwrxjrq,14
f0ptbzwhh8s3,18
twjomfpttspi,21
6uz9uej6gfac,1
6uz9uej6gfac,29
wlmz1t2ujg7e,6
wlmz1t2ujg7e,22
bo7ckugt1tl5,12
bo7ckugt1tl5,11
h31rswadu7dq,12
h31rswadu7dq,23
k3eocuqby8vb,2
3ahwynffigzo,18
3ahwynffigzo,22
nl77ibllm5vf,6
nl77ibllm5vf,2
nl77ibllm5vf,25
ssbx6jo1vdpv,17
ssbx6jo1vdpv,25
ssbx6jo1vdpv,16
mz52gnpbw5h3,16
mz52gnpbw5h3,19
mz52gnpbw5h3,7
zd9vxufd8hsh,1
xbiqg1vnasgw,18
qchipuz2fxx6,10
qchipuz2fxx6,15
qchipuz2fxx6,7
3i104j9o1hj5,6
nqg0lz1c5iqy,13
nqg0lz1c5iqy,5
nqg0lz1c5iqy,8
o7jvtvz8fjuv,17
o7jvtvz8fjuv,18
toiilwu2saek,14
9hg45w2kvi0m,1
9hg45w2kvi0m,25
9hg45w2kvi0m,13
tbsw9hwjua0v,17
20a3h54xh8xy,10
20a3h54xh8xy,24
lgumszvalvme,18
lgumszvalvme,16
dj4qvmb3ha81,25
7ta34uchdtpv,22
xqm0hwv936y5,16
xqm0hwv936y5,14
g63f9yivxyo7,8
2tnpqigsu802,4
yeav30e01xtt,21
yeav30e01xtt,22
lkbx2yx2b61b,1
lkbx2yx2b61b,24
bn9v7c6ddauw,21
bn9v7c6ddauw,8
bn9v7c6ddauw,15
7n5e3v55mdkl,3
7n5e3v55mdkl,29
7n5e3v55mdkl,5
98ksxg0lccft,16
khdqkg3z6kfu,18
05010lpap9rk,23
f046fzbcnjop,21
f046fzbcnjop,3
w4su2h2nottf,24
w4su2h2nottf,6
o33plu2wauz4,16
o33plu2wauz4,6
o33plu2wauz4,17
aomlnq94vnuj,4
aomlnq94vnuj,16
aomlnq94vnuj,10
djg5imn6t3gb,29
djg5imn6t3gb,10
u15wvdv02iv0,11
v4rvhihvabmq,7
v4rvhihvabmq,9
v4rvhihvabmq,15
q7ehuklc7ysf,14
q7ehuklc7ysf,18
ee7hpjcgg844,25
ee7hpjcgg844,5
zit1fvwwht46,2
zit1fvwwht46,5
fba46f9mdvys,11
fba46f9mdvys,17
zbqlwrkvtxs2,12
zmhvceqc8mhf,5
wxpunrxplr8v,1
q7v5lriv33ak,9
q7v5lriv33ak,24
4wd1h4emn5un,23
4wd1h4emn5un,21
4wd1h4emn5un,26
psoldi95o0an,23
psoldi95o0an,12
wyjtjzj9f9w8,11
wyjtjzj9f9w8,10
wyjtjzj9f9w8,21
q9q6gf8nc19x,10
mk3b7gb8rk32,9
mk3b7gb8rk32,25
zdkxuwi453yd,23
txl42o7ztr10,8
txl42o7ztr10,19
txl42o7ztr10,18
1i88mb2f57r0,20
ux6we8ouzbe5,9
ux6we8ouzbe5,6
ux6we8ouzbe5,20
askqd0gw36i1,29
0q9d160co953,15
gaafvcso562n,28
gaafvcso562n,16
gaafvcso562n,22
gxlvej7jui3k,13
gxlvej7jui3k,10
gxlvej7jui3k,14
ni05zgf1epyx,14
ni05zgf1epyx,1
ni05zgf1epyx,6
jwg75vzvro3v,21
jwg75vzvro3v,25
jwg75vzvro3v,10
j6dti5jy05n2,22
j6dti5jy05n2,12
xnzgxjfhc0qi,16
xnzgxjfhc0qi,11
xddh4docqdev,28
xddh4docqdev,3
xddh4docqdev,23
uk8w5adg89rh,4
uk8w5adg89rh,5
uk8w5adg89rh,25
oc0bh3hjjeoi,24
oc0bh3hjjeoi,26
oc0bh3hjjeoi,21
101vob1hjqmq,4
101vob1hjqmq,29
3fdn355q2ryd,28
3fdn355q2ryd,13
xqpsv0uwz712,10
xqpsv0uwz712,9
fxyb7ipf4gt2,16
fxyb7ipf4gt2,5
z4cqj6i82h2l,24
z4cqj6i82h2l,12
z4cqj6i82h2l,27
8zi5g963i7hz,2
9alabjtodten,16
pyizz18tzfwg,2
pyizz18tzfwg,27
v69980knsg54,10
v69980knsg54,27
xzvplpnbtf37,13
f9lcq2mkhvez,10
f9lcq2mkhvez,14
vvd3lzst2m5q,12
g7d0tgdwipoy,15
rcomem7k4hpe,12
uvvysxg3n6po,28
uvvysxg3n6po,4
bizkceak5zbq,16
bizkceak5zbq,20
bizkceak5zbq,21
rjycnbl35lkr,20
jk9xnsm8k8xr,23
slk9m8zmezal,19
slk9m8zmezal,6
t914v8ui4tys,15
t914v8ui4tys,29
ydkfv4nv07di,9
z7swfzffo2n9,8
z7swfzffo2n9,18
zuvvo7m647cm,27
zuvvo7m647cm,14
ig5advz7r9e2,2
ig5advz7r9e2,21
ig5advz7r9e2,27
jr269iy8ecsq,18
jr269iy8ecsq,24
jr269iy8ecsq,12
x4yqzxqvclr7,2
x4yqzxqvclr7,29
p7op5dvojrl1,29
p7op5dvojrl1,21
v7of3igvio84,19
v7of3igvio84,2
2ysdm85z06qt,21
2ysdm85z06qt,5
2ysdm85z06qt,17
p0v6h2j0q9u1,25
p0v6h2j0q9u1,19
rudyo27978s4,7
pzfdzsto7la1,14
pzfdzsto7la1,12
g3muekz36mv3,18
ta8m86z0al50,13
ta8m86z0al50,29
ta8m86z0al50,16
ruah1hw66shg,5
ruah1hw66shg,13
ruah1hw66shg,1
bm9p1aq773w9,1
bm9p1aq773w9,2
gpm07in3rt98,13
gpm07in3rt98,24
qcwlsq93ymv0,7
m4ge3kzsvuio,3
m4ge3kzsvuio,24
m4ge3kzsvuio,2
yhhlv73o5u8o,16
yhhlv73o5u8o,11
yhhlv73o5u8o,23
u0tcvebm6o4g,26
u0tcvebm6o4g,27
d39zltwe25da,9
2rl82zxeo0gz,8
2rl82zxeo0gz,17
iiuuzrxin001,16
iiuuzrxin001,27
iiuuzrxin001,29
zw3p2lgkhb45,21
ejsjvriik7j5,23
ejsjvriik7j5,15
ejsjvriik7j5,14
yvvd8ekd9jr6,10
z6y209ys3o3j,15
z6y209ys3o3j,21
d7prvxp54cpa,27
d7prvxp54cpa,7
fp263uownqwp,8
gv0kvgyuvb97,19
gv0kvgyuvb97,7
ml60v02b1rqt,24
u1zms5kxs0ik,6
u1zms5kxs0ik,14
1hssuw94bvjm,25
bndmlbvypdp2,13
bndmlbvypdp2,21
bndmlbvypdp2,28
axqbbspgyqzv,27
axqbbspgyqzv,29
axqbbspgyqzv,11
gjcm241bl2qe,14
gjcm241bl2qe,3
gjcm241bl2qe,6
t6fhaju91zez,22
t6fhaju91zez,26
t6fhaju91zez,11
0557kk213l5i,18
0557kk213l5i,20
e6etjx94c8xs,13
i7pyrsevydp1,6
wzvhls8iee82,18
0czpcoy06vve,8
q47n7qthd9e3,13
q47n7qthd9e3,5
q47n7qthd9e3,25
09uj5jregm0g,18
2i68dfjgnm4t,14
2i68dfjgnm4t,29
2i68dfjgnm4t,27
guq2u7i0at74,9
guq2u7i0at74,24
bsx8kg5n6vxn,10
bsx8kg5n6vxn,3
bsx8kg5n6vxn,17
mxkv50wb1ale,15
mxkv50wb1ale,9
mxkv50wb1ale,13
plzpev9790fe,5
plzpev9790fe,22
zqrhnz8boyer,3
aq2mx40podt8,20
aq2mx40podt8,13
aq2mx40podt8,10
1agm1wv2zwth,1
1agm1wv2zwth,27
zmynekjswdiz,29
6u1jimq1dxx5,17
6u1jimq1dxx5,2
6u1jimq1dxx5,4
bo1ztqoz7ryn,22
bo1ztqoz7ryn,11
bo1ztqoz7ryn,23
v55zxa6sr6hb,5
ar9su8asntcn,24
ar9su8asntcn,15
ar9su8asntcn,18
i0zidbonyazd,11
i0zidbonyazd,8
a3r9q2wjewcb,10
a3r9q2wjewcb,9
a3r9q2wjewcb,18
kaziszb9plb8,16
kaziszb9plb8,4
kaziszb9plb8,26
6gxtols31m9n,5
6gxtols31m9n,11
6gxtols31m9n,17
2ipgl66lc8i4,10
2ipgl66lc8i4,8
2ipgl66lc8i4,9
34zswig4km97,25
34zswig4km97,16
34zswig4km97,8
kgptsorqmhq2,22
kgptsorqmhq2,2
kgptsorqmhq2,14
zozx9zfp6axq,16
zozx9zfp6axq,11
zozx9zfp6axq,2
qi1n9phcx9b6,13
qi1n9phcx9b6,25
qi1n9phcx9b6,12
qvtzf6rpmykl,9
qvtzf6rpmykl,16
tz7t23xax5fz,10
q1xklgsjee5x,8
q1xklgsjee5x,3
q1xklgsjee5x,28
2tbqt1ag960n,8
2tbqt1ag960n,19
ry6wtug5oups,29
yonsqy4ybjec,12
n1yda8h9yoo6,19
1kinb2h555gn,10
0p5i4p9w3ref,12
newko89tnoeu,21
newko89tnoeu,23
newko89tnoeu,2
jz047blodl11,16
juzjjg8oiojz,7
juzjjg8oiojz,4
juzjjg8oiojz,24
7o7zrhkvpqfr,9
7o7zrhkvpqfr,26
jtxskcu28trh,10
fjisjqa8kxcv,26
aua53oamu4ae,26
aua53oamu4ae,3
aua53oamu4ae,8
fgke1mw4e2hl,13
fgke1mw4e2hl,25
fgke1mw4e2hl,17
wo7py9aljg3t,17
wo7py9aljg3t,1
wo7py9aljg3t,19
dc02o87bvpcs,4
dc02o87bvpcs,21
s1gzezr7l4zd,10
s1gzezr7l4zd,14
9rqq3wgi3gcz,7
vcl8uw65wql1,24
vcl8uw65wql1,21
b2vn3f45js5a,4
b2vn3f45js5a,18
b2vn3f45js5a,15
9t32vaeynfwe,12
9t32vaeynfwe,26
9t32vaeynfwe,20
1hn1sgtfby2r,12
1hn1sgtfby2r,3
1hn1sgtfby2r,24
a6i9fxy56gw8,19
a6i9fxy56gw8,4
a6i9fxy56gw8,1
syw0lc55ku3k,4
syw0lc55ku3k,25
hi8m3jyc7r4l,21
hi8m3jyc7r4l,28
hi8m3jyc7r4l,18
7r96jt44x56x,12
7r96jt44x56x,13
7r96jt44x56x,10
wwbtke5kbwvv,22
d4uzmfsahl2k,8
31kgtaskb6b2,8
31kgtaskb6b2,21
oz4fq2ptuw9y,11
oz4fq2ptuw9y,3
k698dhhhl97n,1
k698dhhhl97n,13
4c1rnck2627i,16
4c1rnck2627i,15
4c1rnck2627i,28
9t0ak7jglt51,9
x1mzafzvedkz,26
x1mzafzvedkz,17
x1mzafzvedkz,27
d7undy1uigh1,21
d7undy1uigh1,10
d7undy1uigh1,18
o9b97ho0sqoc,23
tnt22w03qbtd,8
tnt22w03qbtd,29
z3km8rpwoy7z,7
7512oj2l3r3g,17
7512oj2l3r3g,4
pip7nh60bxl2,7
pip7nh60bxl2,4
w2z01nlunyff,4
w2z01nlunyff,29
epiu487wifdk,25
aps0eieq0mlm,14
aps0eieq0mlm,13
aps0eieq0mlm,28
3h9kis5sbt9r,19
3h9kis5sbt9r,20
3h9kis5sbt9r,2
eoxbkb9jsis9,17
5a4wiku6j8nf,20
71qpzasoqubn,26
71qpzasoqubn,23
yvxmwrsxtx70,5
yvxmwrsxtx70,17
my4e5ncb0u95,5
lg7w5iwwa5qb,16
lg7w5iwwa5qb,5
lg7w5iwwa5qb,2
ds1c4k662yxo,23
ds1c4k662yxo,26
ds1c4k662yxo,22
cp323rf42ngk,8
cp323rf42ngk,22
yadjbk7t5csd,12
mb6oluyvd76j,15
mb6oluyvd76j,25
mb6oluyvd76j,9
dlid3z29o2d9,22
dlid3z29o2d9,12
dlid3z29o2d9,1
cwr5l44kaye1,14
o8w99znxkmps,14
fo2f6rmv6efl,4
fo2f6rmv6efl,21
a6c0en9ld8b4,8
a6c0en9ld8b4,16
j8939x5jonxn,19
gim1x0p5b5vm,14
uqcryck4g65s,7
uqcryck4g65s,25
uqcryck4g65s,9
by5bx1bzre2f,13
pw196mkhde8b,24
pw196mkhde8b,11
xq6hzlm116f5,7
nj5ktdp4y333,8
nj5ktdp4y333,13
2ar8o8dziz7z,18
2ar8o8dziz7z,19
c0ppq6e8mssr,29
c0ppq6e8mssr,9
mz3b9a6qwod7,19
mz3b9a6qwod7,17
cxtwsibnfmux,11
cxtwsibnfmux,5
dgcpsrp9bbcj,26
vvfnupbislci,24
ycydw1lbp9me,5
cffpoakw2h0t,23
gkvtfhhj71bw,15
gkvtfhhj71bw,25
uagsc9p2xgya,14
uagsc9p2xgya,2
w0eq9a1dbd20,27
w0eq9a1dbd20,5
22ypwj6qp5me,1
bmku4izgrvry,22
bmku4izgrvry,24
bmku4izgrvry,4
rnfvq40nulfp,27
5cdg84x6jv90,21
5cdg84x6jv90,13
5cdg84x6jv90,20
38ssaob1gv3n,26
6m70wvf0f8th,20
6m70wvf0f8th,1
6m70wvf0f8th,6
gq2sq5wowubm,1
ldqir3aaonhu,8
ldqir3aaonhu,29
o6mhbh37ieg3,22
o6mhbh37ieg3,13
7ft8drutcdrj,24
7ft8drutcdrj,11
7ft8drutcdrj,27
pl3fpi7w1ey5,14
46kpvww72dvk,14
46kpvww72dvk,21
46kpvww72dvk,18
s3usektbo3hu,10
s3usektbo3hu,22
s3usektbo3hu,16
gow6yi4p4ym3,23
gow6yi4p4ym3,2
0qbhjfocmfhw,13
vm6dgzlmpfm3,29
vm6dgzlmpfm3,20
vm6dgzlmpfm3,13
e06i26kzh3ow,2
c4tjbccslkbu,25
c4tjbccslkbu,9
mjdudfcasu61,5
mjdudfcasu61,24
mjdudfcasu61,28
mx90ajj5n7kf,7
mx90ajj5n7kf,24
yy7dya9fps44,23
yy7dya9fps44,14
g4zeq9bcz9dn,9
fokzzu8pvh3h,12
fokzzu8pvh3h,6
512dzlddbkzc,15
512dzlddbkzc,22
48tkmzkseorh,21
48tkmzkseorh,2
48tkmzkseorh,27
pu74krqwqtr1,5
pu74krqwqtr1,24
f7wk2gfnnum0,16
f7wk2gfnnum0,2
br52dk9sib58,16
fa2a0zci32om,3
fa2a0zci32om,27
fa2a0zci32om,8
a0c94ebpk25v,14
mg8phx83zivt,27
mg8phx83zivt,18
mg8phx83zivt,11
t499hoqf6xav,27
t499hoqf6xav,28
t499hoqf6xav,16
nknnyscsrasb,10
zhfgfyzi01cp,23
zhfgfyzi01cp,16
oczb33uckowv,26
oczb33uckowv,7
7knoick0lc74,7
urexh2g7u96k,6
0tfhgpf85rnb,13
0tfhgpf85rnb,25
bgwli17gehh9,27
i8oyz6dfrbg7,1
i8oyz6dfrbg7,21
ev71ilj709l7,28
ev71ilj709l7,7
8igapazkiiwg,6
v1301xraeivy,12
v1301xraeivy,4
uw6v2j27ad2k,18
70a8337u3ty4,8
70a8337u3ty4,25
70a8337u3ty4,16
8ogcytv6phrp,1
8ogcytv6phrp,14
8ogcytv6phrp,10
musj2hs6d7ra,24
musj2hs6d7ra,23
b1c4lh0f9xgo,8
b1c4lh0f9xgo,16
mw1phnk91ge6,12
mw1phnk91ge6,3
mw1phnk91ge6,29
i6xid0nj3oig,11
i6xid0nj3oig,5
eim24030k7ta,26
eim24030k7ta,17
23bd3fntikzl,28
23bd3fntikzl,5
sypxgt24hy36,29
sypxgt24hy36,28
9pbd2hr10jje,14
8aua3qm52nlo,9
8aua3qm52nlo,18
8aua3qm52nlo,2
rvotzupyr7jx,1
8489snsfjate,27
3poustrghec1,23
3poustrghec1,4
3poustrghec1,21
yz2tq70dg3s8,17
yz2tq70dg3s8,24
yz2tq70dg3s8,4
hgntydacx6n9,23
hgntydacx6n9,20
0xoj72lra6ut,15
0xoj72lra6ut,14
0xoj72lra6ut,10
p6n758yjz36i,29
p6n758yjz36i,14
p6n758yjz36i,24
955kc8nvqnxi,14
bo2bk4og21xq,20
bo2bk4og21xq,16
bo2bk4og21xq,3
qrnjtrb3vgz6,7
qrnjtrb3vgz6,25
lzyg1cuxh4s6,10
lzyg1cuxh4s6,23
elh8jw3o1btq,22
elh8jw3o1btq,9
5zqnf5gdnmt0,7
db1vglvt9gzj,26
9q7wx5mk3y6u,7
9q7wx5mk3y6u,26
9q7wx5mk3y6u,12
8y7tq52paewr,5
n8fm8xu8i5b6,10
n8fm8xu8i5b6,16
n8fm8xu8i5b6,1
rra8mhrputsx,28
rra8mhrputsx,3
rra8mhrputsx,21
07pmruq4kog9,9
07pmruq4kog9,19
h8e4yjnch8ag,8
h8e4yjnch8ag,22
vb88367jwoqs,10
vb88367jwoqs,23
qakn2xwgxes0,2
qakn2xwgxes0,21
qakn2xwgxes0,28
9ve8hxjsph9r,2
9ve8hxjsph9r,12
9ve8hxjsph9r,28
n6jke97xuj7n,8
8tn3bb51cfom,12
8tn3bb51cfom,3
yfh4hswh7vhp,26
yfh4hswh7vhp,6
yfh4hswh7vhp,23
4o8syi294ifl,2
85knsww5rlfz,18
85knsww5rlfz,26
85knsww5rlfz,10
c1jfaw92afa9,11
c1jfaw92afa9,24
bgbbj0xhlzdp,10
bgbbj0xhlzdp,6
0d4msydp6k1l,14
0d4msydp6k1l,28
2qq71myilbkj,1
2qq71myilbkj,6
2qq71myilbkj,24
6hfkfndcpvgq,5
dmo93h5ygjtl,8
dmo93h5ygjtl,7
dmo93h5ygjtl,20
c5e6rqm9t5ol,19
c5e6rqm9t5ol,13
c5e6rqm9t5ol,7
v0yo2yqjcgm7,2
v0yo2yqjcgm7,3
oxqu0ntkpc4g,22
oxqu0ntkpc4g,19
9u5mw5upsa57,6
9u5mw5upsa57,19
pzhgkpji4au4,21
pzhgkpji4au4,8
pzhgkpji4au4,14
1v6su2ab493u,2
1v6su2ab493u,3
1v6su2ab493u,6
pnnt8372ocsk,29
pnnt8372ocsk,25
rhjq4y11awy2,20
rhjq4y11awy2,4
57xhqqd7dxx9,22
57xhqqd7dxx9,21
d8ftdjs34l36,9
d8ftdjs34l36,27
bxiq2dxd3wyt,25
bxiq2dxd3wyt,21
bxiq2dxd3wyt,2
2ysaez2l72ea,16
3jt2j5s53i1r,10
mycs0gg7z891,28
mycs0gg7z891,29
mycs0gg7z891,12
a8nj4gnc29pt,20
a8nj4gnc29pt,5
a8nj4gnc29pt,1
sxiio37mtwp3,24
sxiio37mtwp3,23
sxiio37mtwp3,15
4lgqk08uzdlh,27
4lgqk08uzdlh,22
4lgqk08uzdlh,21
dsmqk7dvl2hr,5
dsmqk7dvl2hr,24
dsmqk7dvl2hr,19
jga3vv3bwhjx,10
7yhfgg2vfpiz,11
7yhfgg2vfpiz,1
7yhfgg2vfpiz,6
1galv8lbupmr,2
wimevigydn0s,11
wimevigydn0s,27
wimevigydn0s,29
prbwuyxma0io,18
prbwuyxma0io,25
prbwuyxma0io,9
uxxgbmfu95mj,18
uxxgbmfu95mj,2
i2yzalmb8fij,15
4yp1i27zur3d,3
4yp1i27zur3d,1
4yp1i27zur3d,5
7f0dwum4w5mi,12
6pdft45scjix,22
6pdft45scjix,3
qf8woijswalc,25
qf8woijswalc,12
92jicmcprw4k,3
siw02w0ffyzg,13
siw02w0ffyzg,9
3cvalmgsod6n,11
3cvalmgsod6n,9
zqualwmrsj04,5
zqualwmrsj04,23
zqualwmrsj04,27
9dwkevp8oza5,24
9dwkevp8oza5,25
2aj03ps3afyu,5
2aj03ps3afyu,13
rc5xczuywudl,28
nf6qwsx7yguh,12
29iqw0tgjnaz,12
29iqw0tgjnaz,22
uyjlcgcfu0yo,15
uyjlcgcfu0yo,27
uyjlcgcfu0yo,3
n05flmt895zq,16
x9cykbl9ev0f,11
9mgzo2r5ch96,21
npha411kjjsi,6
npha411kjjsi,23
npha411kjjsi,15
kawbqi8vhy0j,17
kawbqi8vhy0j,28
rg1sd35z34e5,23
rg1sd35z34e5,18
rg1sd35z34e5,11
eur44epo2cna,20
dvh2vjh5kr8a,16
dvh2vjh5kr8a,3
dvh2vjh5kr8a,13
58kbhwz2xvnc,4
31c0ih9adn7b,20
hf205rhavozx,7
egg09rdqmmg4,21
egg09rdqmmg4,7
egg09rdqmmg4,18
ugiur3laukby,29
kjy9le5tcgou,6
kjy9le5tcgou,28
kjy9le5tcgou,21
xo06efdfz85k,5
xo06efdfz85k,14
xpxufrm2jf5v,6
xpxufrm2jf5v,5
xpxufrm2jf5v,7
xbkc23owvnxv,20
z3bihkb3mppl,6
xyjb6y14a71p,26
xyjb6y14a71p,2
xyjb6y14a71p,25
zlf45df2fqlp,19
zlf45df2fqlp,27
rnujq1f11by6,25
rnujq1f11by6,29
rnujq1f11by6,9
lgt7vykh7ny7,9
lgt7vykh7ny7,25
lgt7vykh7ny7,28
4ebvrjgdjlq9,5
nt9mrwfa0ow6,4
nt9mrwfa0ow6,27
am8fodsgv86c,11
txj9x6d0ouj4,25
txj9x6d0ouj4,19
fee7ld5uq3kc,26
fee7ld5uq3kc,20
vywknj9pqap4,11
vywknj9pqap4,21
vywknj9pqap4,25
ub0fz14cf0xf,9
am1iopidevlh,27
am1iopidevlh,17
g43qnnfmrmym,11
g43qnnfmrmym,8
dm9p94cps2of,11
l17m4rjvy0af,24
l17m4rjvy0af,25
l17m4rjvy0af,22
i89nrq91nql6,8
i89nrq91nql6,29
eyeq85eibzqx,7
eyeq85eibzqx,6
eyeq85eibzqx,14
0vxfsy7jygx1,6
0vxfsy7jygx1,14
wxr05mnrrcub,28
wxr05mnrrcub,13
ddtvwn87r5u3,12
obz5k7qxyvpr,12
i3l1ksi9fmq8,15
i3l1ksi9fmq8,29
i3l1ksi9fmq8,18
5t5pi7ktxszq,7
4fslukshozja,21
yks6b60ej910,21
yks6b60ej910,15
yks6b60ej910,17
8hffmd98lroh,27
8hffmd98lroh,21
8hffmd98lroh,26
24qfrm019jw7,20
24qfrm019jw7,17
24qfrm019jw7,14
2wmnt9v846k2,16
2wmnt9v846k2,15
2wmnt9v846k2,8
8s0bud5thokq,22
trpa66q8m73q,13
trpa66q8m73q,22
c5dktawn4wa7,26
c5dktawn4wa7,9
c5dktawn4wa7,17
u5pu17yyber5,2
u5pu17yyber5,1
uup4241uj429,12
uup4241uj429,28
uup4241uj429,7
s700fnu4hehh,14
s700fnu4hehh,8
m76ahpxfjets,9
7jvr8ixg7fen,14
7jvr8ixg7fen,8
0umpabavyfrk,14
0umpabavyfrk,26
kfolbh8i7p60,7
vpf7qejwinjz,24
vpf7qejwinjz,6
vpf7qejwinjz,7
az1go7u5xm9l,1
az1go7u5xm9l,2
az1go7u5xm9l,23
0qac7pt4mq56,6
0qac7pt4mq56,27
ojw0lsr5ykp4,5
h936p6bd9e3t,29
qdh22jaz9us6,21
qdh22jaz9us6,9
0stdy8pq9zeh,12
0stdy8pq9zeh,25
mh7gtelsir6c,2
iy9by98pnpy8,2
iy9by98pnpy8,14
iy9by98pnpy8,28
033nh4sa358q,12
033nh4sa358q,14
033nh4sa358q,1
dgml9a97lp8e,7
dgml9a97lp8e,9
thd8ilqnhptw,16
thd8ilqnhptw,27
thd8ilqnhptw,10
0cnt9enoq89x,18
0cnt9enoq89x,19
mu6nuraifi7q,20
0vjkqho5s1gy,13
0vjkqho5s1gy,21
dkfxgverjjgz,28
dkfxgverjjgz,8
nju9wlmtwfv9,21
nju9wlmtwfv9,4
nju9wlmtwfv9,1
zjb7a9hx4b3e,5
zjb7a9hx4b3e,14
i7kwrau2fvth,10
hac3cx11yc0t,27
33beq4rh1ohc,12
33beq4rh1ohc,22
33beq4rh1ohc,16
ogpvtxc5s2zd,16
ogpvtxc5s2zd,28
tdzkyyj0716z,5
4gktrm9kzonw,11
4gktrm9kzonw,10
nil8k9nflzoo,28
pvjbtronhwpg,20
pvjbtronhwpg,22
pvjbtronhwpg,23
ak6q98ycypzg,1
ak6q98ycypzg,7
ozxxe8eivy31,12
ozxxe8eivy31,2
f3orwqh3zale,11
ism90m3q87cd,16
ism90m3q87cd,2
l1we3pcw6bx2,25
l1we3pcw6bx2,13
mg6f4s1e2kld,18
oawzb9xmyg22,10
2c0qtmyotuis,12
2c0qtmyotuis,25
3chzh0ir1eoy,22
u701zgfyattk,26
iqr3znujpyjx,1
iqr3znujpyjx,16
iqr3znujpyjx,10
pdy7yullejdv,20
6v8mnan7zfu1,29
6v8mnan7zfu1,2
dnz502p2h1lg,17
7vkg34ztm2b9,11
7vkg34ztm2b9,10
7vkg34ztm2b9,17
uafxc1m3dvva,12
uafxc1m3dvva,22
tj7xsr2dqan9,16
tj7xsr2dqan9,26
tj7xsr2dqan9,21
p5da1erh94cp,4
6w0h2hrmh84o,21
aq2yg078sxun,7
aq2yg078sxun,29
lhu7w0gtfhwt,16
a3fgf9sspuqk,29
a3fgf9sspuqk,4
a3fgf9sspuqk,13
td32jgwmb2sy,12
td32jgwmb2sy,15
pr0m8cehgy4n,14
pr0m8cehgy4n,17
0eyv6lfieqba,7
k9i9shg1frft,9
k9i9shg1frft,24
k9i9shg1frft,22
56pz5cnz2xoa,22
56pz5cnz2xoa,28
tpp0uru8rw3e,20
p04fznf7u4x6,2
phtxj1hjx01u,24
ec5s922g3rhn,29
ec5s922g3rhn,13
ec5s922g3rhn,24
48zox69j9wb1,21
06rvkdi7ipfz,24
06rvkdi7ipfz,1
06rvkdi7ipfz,21
408n1z527rx0,25
408n1z527rx0,29
408n1z527rx0,9
z2jhccjak6wj,23
38gk2szau1nl,28
unufgep6t4gk,4
m1rha3ur5ui0,29
m1rha3ur5ui0,22
m1rha3ur5ui0,9
31lpagimbxa0,14
31lpagimbxa0,7
31lpagimbxa0,10
atuahjh79t7v,5
atuahjh79t7v,10
53nh4viieeua,26
53nh4viieeua,6
53nh4viieeua,10
7z9n6k5slcr2,19
7z9n6k5slcr2,23
ewvyfd7p3dss,13
ewvyfd7p3dss,24
ewvyfd7p3dss,6
pyiu4u8gxgu6,24
pyiu4u8gxgu6,4
znx3f0pntt6q,29
znx3f0pntt6q,9
0yclk7ulp6cr,24
0yclk7ulp6cr,11
vwh33bxifxkp,3
vwh33bxifxkp,15
vwh33bxifxkp,12
enz1zpjlj67l,8
enz1zpjlj67l,18
2vxcu2gqvf2o,3
2vxcu2gqvf2o,5
zwg6kvjv848r,15
g2r7aprsyjyk,3
g2r7aprsyjyk,13
d3s8ki89ju2k,6
kib0luxfy2xp,21
kib0luxfy2xp,14
kib0luxfy2xp,12
0wsmk0f2o5hs,26
0wsmk0f2o5hs,5
0wsmk0f2o5hs,13
q2lbbs154cao,18
q2lbbs154cao,2
q2lbbs154cao,1
jh96mrf5ktw7,4
u27dw4vcddos,11
yybyiaqanpmh,14
yybyiaqanpmh,11
pznppodax4ja,6
pznppodax4ja,21
nyqnatla7pvu,25
nyqnatla7pvu,29
nyqnatla7pvu,7
dvc2ck70dy5c,24
dvc2ck70dy5c,12
dvc2ck70dy5c,19
i7665qccz3x5,23
i7665qccz3x5,14
rbg323v4akze,21
rbg323v4akze,23
rbg323v4akze,7
ziz1ymnhbdvf,2
ziz1ymnhbdvf,20
5mgdjsz8l64v,24
5mgdjsz8l64v,1
gdsogax1id9m,19
6s74myte8d0n,7
u0paxr77jh7h,17
u0paxr77jh7h,24
ou676d9kqfl0,6
6v2ih4ude00e,14
2txm6zpm9qhr,15
04tnnwmzjd5i,24
04tnnwmzjd5i,11
04tnnwmzjd5i,10
gyh4me7urjv6,17
i63zq9egtp1m,4
i63zq9egtp1m,1
i63zq9egtp1m,7
ic35r8yxlqtc,29
ic35r8yxlqtc,27
ccpckifsx6e2,14
p1fy7vjeqdld,17
hmjx1j1y8paw,18
mj4a6c5wq1rs,25
mj4a6c5wq1rs,3
r84in45mekqs,1
r84in45mekqs,21
v9t83lzops1e,6
m15n0i612kvu,16
m15n0i612kvu,19
m15n0i612kvu,8
rshrg9rwhcgu,13
rshrg9rwhcgu,9
rshrg9rwhcgu,22
n66zfngyod3o,3
grhywfzj08mu,22
grhywfzj08mu,12
g3izkwh8ko1g,26
g3izkwh8ko1g,29
5l0g6bdt0vtp,7
807u5dcjwjoi,15
807u5dcjwjoi,2
807u5dcjwjoi,9
ycbdyps0lq34,6
ycbdyps0lq34,25
ycbdyps0lq34,19
3n826eibvsuw,15
3n826eibvsuw,2
3n826eibvsuw,29
5hicm7c7uu22,14
5hicm7c7uu22,8
ryjsisymoovp,13
ryjsisymoovp,15
xisxvk4iwkts,23
xisxvk4iwkts,7
xisxvk4iwkts,10
oc73k01zsiex,16
oc73k01zsiex,4
uc4a0dlv6uho,16
crwpq4kzur1i,17
crwpq4kzur1i,2
bywdxdqcf0jz,18
bywdxdqcf0jz,20
hoy6r3ofvzuk,14
hoy6r3ofvzuk,18
hoy6r3ofvzuk,6
ul4sf1o75naq,19
ul4sf1o75naq,9
ul4sf1o75naq,17
a3hozms94za1,28
j6r2xs1edr8y,8
j6r2xs1edr8y,22
j6r2xs1edr8y,28
x8v6gnm9ted2,7
x8v6gnm9ted2,20
zanen5ctd1c2,5
41u0r69qdtn0,25
41u0r69qdtn0,1
57pl1qrqtrbe,11
57pl1qrqtrbe,3
57pl1qrqtrbe,19
l2th0mvz2fej,14
l2th0mvz2fej,20
l2th0mvz2fej,15
atvd3jr9syu3,7
fij02ye21kmi,25
ogtii3qy6p6j,9
nqlrrztdd3km,6
nqlrrztdd3km,18
nqlrrztdd3km,17
8izh6uy25y1a,5
8izh6uy25y1a,24
8izh6uy25y1a,16
ebxbr6czd1vn,24
ebxbr6czd1vn,17
8l9skcp7q74g,29
nperbvsn6uav,14
yc0a46kib2r1,12
jctzyegsumf7,11
jctzyegsumf7,1
jctzyegsumf7,16
xlkmzbljhqvs,14
xlkmzbljhqvs,12
xlkmzbljhqvs,19
56ngel48ib7c,24
56ngel48ib7c,10
56ngel48ib7c,29
63trmkp9ycmh,18
63trmkp9ycmh,11
ey0wx1y7yb42,20
ey0wx1y7yb42,18
7twx3ny0hk7r,3
t2pw34l9omcn,5
t2pw34l9omcn,20
brcz6rxi2mmk,18
brcz6rxi2mmk,1
brcz6rxi2mmk,24
wbukqrqfm30u,29
wbukqrqfm30u,11
wbukqrqfm30u,16
ji4gnkr6z5kb,22
uylb930sr275,20
uylb930sr275,21
uylb930sr275,29
72qp3xe0z78s,14
72qp3xe0z78s,8
72qp3xe0z78s,22
6c41j577oz5n,13
6c41j577oz5n,9
6c41j577oz5n,7
gxy8cpx40z6x,9
gxy8cpx40z6x,29
o3xygpcrtlzm,14
2v1b4oikb1to,10
2v1b4oikb1to,20
2v1b4oikb1to,27
jq4ju039dgg5,20
jq4ju039dgg5,8
jq4ju039dgg5,15
xoqwxnm0e73p,23
xoqwxnm0e73p,25
1wm8rv34ppzw,24
1wm8rv34ppzw,10
1wm8rv34ppzw,6
5dmiset4qyg2,9
5dmiset4qyg2,12
5dmiset4qyg2,8
bcylvuek206v,13
bcylvuek206v,6
bcylvuek206v,7
vsvqgqt21rea,16
vsvqgqt21rea,29
vsvqgqt21rea,25
lb9m0uo0wadj,8
sfuuvvq8jlcy,13
sfuuvvq8jlcy,9
r99by1nknc73,18
5zi1kiysi9di,20
5zi1kiysi9di,19
5zi1kiysi9di,4
nmjv1gzo3tp8,10
tj4dm499dbrv,24
tj4dm499dbrv,21
tj4dm499dbrv,27
fjdgfdcipwcz,23
fjdgfdcipwcz,15
fjdgfdcipwcz,3
47wmzzco064b,2
47wmzzco064b,13
xix31dtvbkcb,8
xix31dtvbkcb,15
xix31dtvbkcb,6
u42rd2vrwyex,13
qzjcr0r0nac3,18
qzjcr0r0nac3,22
qzjcr0r0nac3,14
kk3d2ks0d2wv,18
kk3d2ks0d2wv,21
gqy0qew8nq2o,18
pc8fof368gly,5
y7f31eoivkmp,21
y7f31eoivkmp,9
y7f31eoivkmp,27
qt0fybi0n65y,3
qt0fybi0n65y,6
qt0fybi0n65y,26
x8uknm2tc28y,12
b3j8bxgi3arq,20
b3j8bxgi3arq,19
b3j8bxgi3arq,7
yhdmbdwcsau9,21
yhdmbdwcsau9,14
yhdmbdwcsau9,15
si394ju3ftgd,21
si394ju3ftgd,17
n1rot374xeke,24
k5l67uj9wv2t,7
0prmxrg49lck,19
0prmxrg49lck,25
0prmxrg49lck,29
w0wm8t9vk046,24
w0wm8t9vk046,8
w0wm8t9vk046,28
c9dkiomowakt,12
c9dkiomowakt,27
ndo76326nk2w,29
ndo76326nk2w,13
tbfox16is984,23
tbfox16is984,3
9xnn124uyl42,4
fvexyjle1b12,19
fvexyjle1b12,4
8vy6q7jq0xme,26
uz5amafap7xh,19
uz5amafap7xh,22
e23dk4wqpyw5,7
gcodivkoikn5,23
ueapnf40kyib,27
ueapnf40kyib,21
bsll9acrey18,5
k03ccsq3xbfi,9
lrffgp6j4l2w,22
4nhziqvxeh0i,21
4nhziqvxeh0i,12
xbimser7l3dx,16
xbimser7l3dx,27
xbimser7l3dx,22
nwkvu6sf45hb,26
cezje7rfcr6p,4
cezje7rfcr6p,9
401fkrahydrj,28
avdk5tfih4a2,29
avdk5tfih4a2,1
9gsvrd24tx62,12
1p7b1997q3ok,16
1p7b1997q3ok,8
1p7b1997q3ok,10
kuadmaw6ewjc,22
kuadmaw6ewjc,24
kuadmaw6ewjc,23
cvzunr9yxy96,3
cvzunr9yxy96,14
vzz5nk5d7y91,28
fd8hopgjtbvk,17
fd8hopgjtbvk,1
fd8hopgjtbvk,27
ikxw5mbex8ei,18
6ra8e86ufnfk,26
6ra8e86ufnfk,7
6ra8e86ufnfk,9
d368ikanyxn4,25
d368ikanyxn4,3
d368ikanyxn4,16
790nznd4x9a9,16
790nznd4x9a9,2
790nznd4x9a9,9
k6w9htcj2fqx,11
697f6ongxmob,3
697f6ongxmob,19
iua3pu88rn7b,13
iua3pu88rn7b,14
hes6p6p1s4am,15
hes6p6p1s4am,8
w1qrjbsz3qph,18
w1qrjbsz3qph,22
7qlvznu5p8mq,1
7qlvznu5p8mq,8
7qlvznu5p8mq,13
by1y7fny6ziz,28
by1y7fny6ziz,25
yywmw4i8o2z1,4
yywmw4i8o2z1,13
yywmw4i8o2z1,17
iukdf3c049t2,29
iukdf3c049t2,16
aw1spc43784j,27
aw1spc43784j,26
aw1spc43784j,8
3dfu76m56pvu,3
owf8jkzhew29,15
i9ocxgrmptym,7
uegteq9exxo6,1
uegteq9exxo6,14
uegteq9exxo6,10
ga19k2wod3ki,11
06evek0mjhy3,20
06evek0mjhy3,19
p25jnv2ugzxt,8
7x19n6ejr0hi,13
7x19n6ejr0hi,18
7x19n6ejr0hi,3
rsq4a7x0na20,14
rsq4a7x0na20,4
rsq4a7x0na20,21
evv916eqr2jq,29
evv916eqr2jq,6
eu93e8o906sp,9
eu93e8o906sp,10
nyzkvd2ma7w9,23
3zo4arn6k53w,1
j9cld5xxgvlm,7
j9cld5xxgvlm,3
j9cld5xxgvlm,26
1chpi4mcwead,13
1chpi4mcwead,11
px4ydckld8fs,19
8ae8l81ohnc3,18
8ae8l81ohnc3,28
8ae8l81ohnc3,7
p4uatox0dt1t,8
p4uatox0dt1t,14
hw64slgq81d3,16
hw64slgq81d3,19
jxderjlqxnrh,27
hctzwk7oqmno,2
hctzwk7oqmno,25
z4r0dp99szmq,12
dtcvtz4c1qhs,18
dtcvtz4c1qhs,17
635ebm3wcj5h,8
635ebm3wcj5h,11
635ebm3wcj5h,5
vrj3fvq4d02h,11
vig59fbpaod9,2
xfhxr7z6nncw,20
xfhxr7z6nncw,13
pdow6dewsfes,18
pdow6dewsfes,5
pdow6dewsfes,1
i9m21w42svfx,18
i9m21w42svfx,15
h8ytrizgsd04,27
h8ytrizgsd04,23
nzm3sq0fsnxh,9
nzm3sq0fsnxh,3
nzm3sq0fsnxh,24
7zsum31s3mvo,8
7zsum31s3mvo,24
7zsum31s3mvo,27
n4g9s0dh833x,6
75v329mr687e,21
bha0vwzmd3do,29
bha0vwzmd3do,3
66a1ym8w3v3k,26
5r4amf9a8mv3,22
5r4amf9a8mv3,6
wk0ak3aomzkw,10
wk0ak3aomzkw,4
97dbmpkm9kfc,13
myn2f1oqclcw,27
myn2f1oqclcw,4
365r1nycx2h0,17
7g5c2184oa7l,26
8l6l9smy7j0g,27
8l6l9smy7j0g,8
w0n8glbenph8,16
w0n8glbenph8,29
bsbcolesof8l,2
bsbcolesof8l,16
bsbcolesof8l,7
p6se3ndfcyay,20
p6se3ndfcyay,17
zas7njmqkekj,10
zas7njmqkekj,7
zas7njmqkekj,20
n7clcjztx9zb,22
n7clcjztx9zb,24
n7clcjztx9zb,4
7h2uba61bhiq,1
7h2uba61bhiq,25
l9jpoz4v88in,9
l9jpoz4v88in,18
t52flu42m3sw,14
t52flu42m3sw,25
xew2wwhn6x65,22
xew2wwhn6x65,27
71o8odvayx3y,6
71o8odvayx3y,11
f3w17pj7rt2i,23
f3w17pj7rt2i,25
f3w17pj7rt2i,18
m3e9q5gwgjn1,13
m3e9q5gwgjn1,23
m3e9q5gwgjn1,22
8qije6bl4olo,28
8qije6bl4olo,23
8qije6bl4olo,11
cswc3qbwyvw3,3
sb39tdf4d49s,4
epk283zf850q,10
epk283zf850q,9
epk283zf850q,21
zn39kvl079d0,13
k6cxp79ebnd3,8
2c04z0cq2cut,29
h9ll8vh9hlpt,24
h9ll8vh9hlpt,29
h9ll8vh9hlpt,20
kfzoog5nq0df,1
kfzoog5nq0df,11
fsqaaykqyp3e,25
fsqaaykqyp3e,29
klmyx98guitz,12
tq6penfzk0zh,29
edycyrim472n,5
edycyrim472n,12
5nwcumgr731e,19
5nwcumgr731e,3
5b1bjoni8qiv,19
vn16a1ijlawo,21
vn16a1ijlawo,14
vn16a1ijlawo,27
muzvs3aswv7a,28
muzvs3aswv7a,9
muzvs3aswv7a,8
hfsxqotj0qpi,24
hfsxqotj0qpi,7
hfsxqotj0qpi,14
tv9893fulnt0,9
tv9893fulnt0,13
tv9893fulnt0,22
3b4dnml7zewg,13
3b4dnml7zewg,7
vlp9y3wy06ay,26
vlp9y3wy06ay,7
vlp9y3wy06ay,14
murffcnyoanw,26
murffcnyoanw,17
j6m1aohbwe0d,8
j6m1aohbwe0d,20
5hfqc1nzye0z,25
5hfqc1nzye0z,29
eaj3brmybg04,27
eaj3brmybg04,11
03qci0ig2dz1,22
03qci0ig2dz1,20
l93xurp9se32,17
ep3xel3gxoub,17
ur48gb1gsroz,7
hkhw8fxu73tx,16
6juk8de1q3px,1
6juk8de1q3px,10
6juk8de1q3px,11
e6rc1tazqq8d,12
ww5r7gfu2n69,26
ww5r7gfu2n69,14
q294rpb77y1z,24
q294rpb77y1z,23
q294rpb77y1z,18
mqn3c89a91if,27
mqn3c89a91if,28
mqn3c89a91if,25
j6dfmv4u3knv,22
j6dfmv4u3knv,4
oiv84ezm4j8j,5
oiv84ezm4j8j,18
kc4g9dplhr4z,29
kc4g9dplhr4z,26
u8lrenhqr0wt,25
u8lrenhqr0wt,27
0ci9hh0swkl5,22
0ci9hh0swkl5,29
t59b5njhoy29,10
t59b5njhoy29,19
yg35tcgjd5qi,4
yg35tcgjd5qi,20
vqgqq1hq8sct,5
vqgqq1hq8sct,19
hc8mcseqpaa7,8
phuyl1pjsn5v,27
3t1oapp1m3u2,25
4i0ynnvg4634,29
4i0ynnvg4634,20
viqya0qw015k,28
gz81nh4zkorh,25
gz81nh4zkorh,14
gz81nh4zkorh,10
09nj737mrsrq,17
gs0wmm4ncyqy,21
gs0wmm4ncyqy,10
gs0wmm4ncyqy,29
gdu5ebf772si,7
gdu5ebf772si,18
gdu5ebf772si,17
tdyjx7psd2ym,4
tdyjx7psd2ym,10
tdyjx7psd2ym,1
l8xy47is26t9,15
lw0q7drr60n6,1
lw0q7drr60n6,20
lw0q7drr60n6,23
hsmljc6api30,21
6s9mxoemn488,17
7dwywnpvlpvv,19
7dwywnpvlpvv,29
kmlijr461847,12
kmlijr461847,22
kmlijr461847,14
juu8nlpodro9,6
juu8nlpodro9,20
830rmmitov9r,27
uabzyk23be9i,19
d7oqxw57l1w1,17
d7oqxw57l1w1,2
bucyi3mnn2bp,5
bucyi3mnn2bp,15
bucyi3mnn2bp,16
v5915y5hmj2d,13
v5915y5hmj2d,22
lstte4fi5bdv,19
imydcey1whm4,7
imydcey1whm4,16
jc1kfdu4vs3l,18
jc1kfdu4vs3l,13
jc1kfdu4vs3l,1
83rq3lrgyotg,28
iuhzjb37qybw,27
g7wn9lf4zzws,14
g7wn9lf4zzws,27
buw4rin6xrvl,24
buw4rin6xrvl,3
buw4rin6xrvl,19
p2prse33dqoi,14
p2prse33dqoi,9
p2prse33dqoi,1
gk9t7v5753j2,11
gk9t7v5753j2,24
mqdhgjb7i0vf,5
mqdhgjb7i0vf,27
mqdhgjb7i0vf,25
tqztfmldun52,10
69vgqpp7p1f6,20
69vgqpp7p1f6,25
ffziodleb5yi,21
ffziodleb5yi,24
8huv24ekz4jl,21
8huv24ekz4jl,25
z02jd33aoy5y,11
z02jd33aoy5y,20
z02jd33aoy5y,14
p287mq3k7v2d,28
joysx6gzuuow,27
rryxmp0nra55,27
rryxmp0nra55,10
rryxmp0nra55,9
sdz9jz87uius,9
hgbzo42eo035,29
gfi81ra5ni3n,2
gfi81ra5ni3n,24
mzsn010wgr65,29
xu49hae11fgy,22
yehqbfs2f3hu,28
yehqbfs2f3hu,9
yehqbfs2f3hu,24
z5yl7fy06ijt,1
z5yl7fy06ijt,12
z5yl7fy06ijt,5
h429ycqgtlnq,24
h429ycqgtlnq,17
h429ycqgtlnq,26
kqiaysltnmdi,10
tsdludigzd7g,27
tsdludigzd7g,21
jhe3aulzn998,11
nmh0t3t76rg6,14
nmh0t3t76rg6,27
iojplmmm71jm,22
iojplmmm71jm,19
9097vtd87243,8
9097vtd87243,18
9097vtd87243,24
389krtab1okx,17
jsvhcy09wyc5,19
jsvhcy09wyc5,1
x3zm2z80ay3j,3
x3zm2z80ay3j,19
siphkwsn56v9,10
siphkwsn56v9,25
siphkwsn56v9,11
jni9cpudnrjf,28
o0e1tc4wqn14,3
o0e1tc4wqn14,26
o0e1tc4wqn14,15
3itsdv36svmu,28
3itsdv36svmu,14
3itsdv36svmu,16
bc1hl496odme,24
poi2gae0tsfr,16
a7apa48todn8,19
a7apa48todn8,15
a7apa48todn8,23
ewchfk15b7gs,19
ewchfk15b7gs,16
02bab0tdvki7,9
02bab0tdvki7,22
qpf1xkltc7x8,16
qpf1xkltc7x8,6
qpf1xkltc7x8,24
mewptqag7sjz,25
mewptqag7sjz,29
mewptqag7sjz,6
rt8luudjrzcp,5
rt8luudjrzcp,13
rt8luudjrzcp,10
d9ujzt96mtx8,17
d9ujzt96mtx8,19
d9ujzt96mtx8,5
x33njnjiz4ot,25
x33njnjiz4ot,19
x33njnjiz4ot,5
hxgfomrxln9w,21
hxgfomrxln9w,14
6khfa8hn7j6o,24
76xxxtp15r3u,27
76xxxtp15r3u,5
76xxxtp15r3u,21
gdz67u4zcyv5,28
gdz67u4zcyv5,18
ar3fce82qo7l,10
ar3fce82qo7l,11
9lept9ar6m7g,19
mppzhhuhy2ry,18
mppzhhuhy2ry,6
6kph31cxrv61,5
wx9m0nntcw29,17
62sq5sm1xflq,25
62sq5sm1xflq,9
62sq5sm1xflq,26
rylh7la7klj8,28
sr3aufja7ki5,14
kp37zd7wnd6n,24
kp37zd7wnd6n,10
zi6hnyyp06jm,1
ft6t9hg5wy4x,19
ft6t9hg5wy4x,1
p1hazkrpgxus,29
p1hazkrpgxus,23
f3pvayq65meu,25
m4z187c9yks8,4
2ioy6gi9l201,25
2ioy6gi9l201,6
67lpjhx4smda,19
67lpjhx4smda,9
67lpjhx4smda,22
fp5jrqqcgowh,11
fp5jrqqcgowh,25
fp5jrqqcgowh,19
3uof48dlnnty,20
3uof48dlnnty,25
qqgs09zoqa4e,5
8xqmakxnlieu,5
8xqmakxnlieu,7
8xqmakxnlieu,3
qlfnf6ycb00s,13
1kt3nb0dy5je,11
2kx1zedib1fl,6
ibshdog5taa6,19
ibshdog5taa6,7
135i5tc1argf,6
135i5tc1argf,4
v0x21ivl0qwp,3
vzkxie1j1wk7,4
vzkxie1j1wk7,10
uyr9rfntzn7b,1
uyr9rfntzn7b,25
jbprh7xji9s8,27
jbprh7xji9s8,28
jbprh7xji9s8,23
8v1vg1fqinxr,24
8v1vg1fqinxr,2
bzs6hof3y6zq,8
lxno5sg384mr,21
lxno5sg384mr,5
lxno5sg384mr,18
td0kn1gcmi26,19
vhyl3e3so1nj,28
6skd3x1ywsx3,15
ucrf28ht723b,4
ucrf28ht723b,9
ucrf28ht723b,10
vaw3oluyb891,20
vaw3oluyb891,11
vaw3oluyb891,7
dmy69t8rzcuy,18
8le11tlvazp2,23
8le11tlvazp2,29
v7egnz8gx22j,24
6wk7sw9e48ww,19
6wk7sw9e48ww,12
txdd818y1ufb,24
txdd818y1ufb,20
txdd818y1ufb,1
rirpy1awl8ov,17
3tzpgovvck9l,3
3tzpgovvck9l,22
3tzpgovvck9l,19
uqvfz9y7ggwc,9
uqvfz9y7ggwc,3
uqvfz9y7ggwc,20
jnp5vj20d58w,15
jnp5vj20d58w,26
jnp5vj20d58w,10
mnxc19cm9s5s,13
o5huohmammhg,16
o5huohmammhg,26
o5huohmammhg,21
c8ulz8ambpnd,28
j0jxicz28d38,23
j0jxicz28d38,15
cj6p1cp08m13,19
mu927f8ekbv9,27
mu927f8ekbv9,2
mu927f8ekbv9,7
99xc74lgj66c,7
99xc74lgj66c,22
99xc74lgj66c,23
9dldukd76atj,2
9dldukd76atj,13
otrf5ubdit2e,29
otrf5ubdit2e,9
otrf5ubdit2e,19
mirexxbdqxmu,13
mirexxbdqxmu,22
lqlpp1jlgu81,2
juw9xfa082zq,15
juw9xfa082zq,28
juw9xfa082zq,13
6tbe8fqqehky,17
6tbe8fqqehky,8
mndbwfffvqny,15
4ts53w0waqnq,20
4ts53w0waqnq,25
0b8be8g010kn,25
fouq4qpelcz0,12
fouq4qpelcz0,13
fouq4qpelcz0,10
vkh8svtrdczm,9
vkh8svtrdczm,3
k5w2c2j3mpny,2
k5w2c2j3mpny,14
k5w2c2j3mpny,7
csi7uvun22t4,15
megysi716ejo,16
opitf66sv2ib,12
frz4nhpqjlvp,14
frz4nhpqjlvp,2
219hk17gfioe,13
219hk17gfioe,3
k1c1pftxoaqf,22
k1c1pftxoaqf,6
8cpxvrl0fziw,4
8cpxvrl0fziw,7
r6a1s0cg2qdi,23
r6a1s0cg2qdi,9
r6a1s0cg2qdi,28
e54r0hwjds7s,16
e54r0hwjds7s,22
304sud6mg8d5,7
1d1zfcbimxf0,24
1d1zfcbimxf0,21
fem746d05tuh,20
fem746d05tuh,1
fem746d05tuh,15
y88cxnb9u12c,12
shcroy4prg22,2
shcroy4prg22,20
du40g1lgxwgi,10
vyx1zep5do32,24
5g06rqs81u1t,11
5reqv66syf87,3
5reqv66syf87,10
5r9h2v8tcy1f,27
tsazbeki5rt6,28
tsazbeki5rt6,24
tsazbeki5rt6,21
ssr74xwytax1,13
bnzacssvbpue,29
bnzacssvbpue,25
bnzacssvbpue,1
ofqe0csw5gbr,4
s5ehrceuo4h4,14
s5ehrceuo4h4,10
s5ehrceuo4h4,7
tp08yrflbjgs,25
tdistnj2o5zt,27
pyitlds3xvsp,5
zi95pquot69u,11
a2mnxhfqm6lc,24
a2mnxhfqm6lc,3
a2mnxhfqm6lc,1
mhakmhoqkrz4,27
mhakmhoqkrz4,24
mhakmhoqkrz4,1
8ugw1iqqhy3g,17
8ugw1iqqhy3g,9
bxg8ficf80vj,15
bxg8ficf80vj,4
dqqgbmxpfqan,5
dqqgbmxpfqan,12
dqqgbmxpfqan,13
k9aihgjdlflb,2
z1fpi9k45frk,11
ld6sc2kxloe7,3
r58g2qacgo82,16
5himavxsmjqh,20
5himavxsmjqh,25
h5qjang91dz7,26
ze0shqlu115l,9
g23f3w39p5jx,7
g23f3w39p5jx,22
g23f3w39p5jx,15
skxohy0bnk32,13
skxohy0bnk32,9
skxohy0bnk32,4
iw3u7rhng9er,2
iw3u7rhng9er,5
m3s2r2h15pwf,2
lz4qcv71pmiy,25
lz4qcv71pmiy,13
u3xsdbdgz81r,4
u3xsdbdgz81r,12
n4mkpprfawhg,24
n4mkpprfawhg,8
u3bewtoa8sgi,10
u3bewtoa8sgi,6
i2vyu98ni2to,6
i2vyu98ni2to,7
z1lr2figb3yy,11
z1lr2figb3yy,24
btlvmr252ahe,18
2u0bl8oma4wq,15
2u0bl8oma4wq,25
a5b7dxwfr5pd,14
a5b7dxwfr5pd,15
a5b7dxwfr5pd,6
yblgwf7uo75r,10
yblgwf7uo75r,9
scmvgw2blds9,8
scmvgw2blds9,16
scmvgw2blds9,6
726allkzy2pd,21
mnev0bfmep9y,5
al1gqwgdk3y3,19
al1gqwgdk3y3,13
hohrogx70cqq,12
ghnckhb279ja,17
ghnckhb279ja,22
6va4kbtctw4d,23
6va4kbtctw4d,28
6va4kbtctw4d,17
qxi2pjkq351s,8
ykc2cge00z02,5
ykc2cge00z02,15
ykc2cge00z02,12
8pcgul0z335m,13
8pcgul0z335m,16
8pcgul0z335m,24
tcriptglbzr5,11
tcriptglbzr5,22
47xvb0nxzkyw,20
e6ss8r6q1tbx,18
e6ss8r6q1tbx,12
gomli4jtb422,17
gomli4jtb422,11
gomli4jtb422,25
45te8fqlay4b,4
45te8fqlay4b,29
drx7kgxdg9qr,3
drx7kgxdg9qr,11
drx7kgxdg9qr,19
woa1tb0l02dp,9
woa1tb0l02dp,4
hinmap8z1na8,10
hinmap8z1na8,19
hinmap8z1na8,23
3w4qbsiw81ht,5
3w4qbsiw81ht,24
kj7ljyw3jmpf,10
kj7ljyw3jmpf,5
wdstgee3gij0,18
wdstgee3gij0,4
wdstgee3gij0,3
hglmg8uwkee4,19
3j9yl8clztmw,18
7pcj8jkf9p5z,8
7pcj8jkf9p5z,18
7pcj8jkf9p5z,13
2tl9lz3q4lq9,13
2tl9lz3q4lq9,15
54u3cgebp220,6
54u3cgebp220,11
54u3cgebp220,16
ds8rcyytu3k3,29
ds8rcyytu3k3,18
ds8rcyytu3k3,15
xs9t1722txtc,29
xs9t1722txtc,16
jy3wzv29j9t2,19
jy3wzv29j9t2,5
jy3wzv29j9t2,26
od8l3vrc5yst,11
od8l3vrc5yst,18
od8l3vrc5yst,28
t5fa00cdj6w9,17
t5fa00cdj6w9,25
lssbhk5gvp87,6
lssbhk5gvp87,26
e3eui0wd2b2c,19
e3eui0wd2b2c,9
3dnw4nvmpfg4,4
3dnw4nvmpfg4,9
iuh63jz4vich,6
iuh63jz4vich,28
iuh63jz4vich,24
oogcjvsymhr2,10
oogcjvsymhr2,16
oogcjvsymhr2,25
9njp9kiv2ayj,10
9njp9kiv2ayj,28
9njp9kiv2ayj,16
y8ewziq50n4x,7
y8ewziq50n4x,25
dvthxk5xnaes,24
dvthxk5xnaes,23
dvthxk5xnaes,27
ikxb213n3hrp,20
ikxb213n3hrp,21
fxtgqergvwi3,24
fxtgqergvwi3,20
a0bcrii88fbo,17
rncjta7c0t8h,4
rncjta7c0t8h,25
rncjta7c0t8h,7
5ipgb88goxxa,20
xrnkr8mmqw5z,18
xrnkr8mmqw5z,6
xrnkr8mmqw5z,17
h7nreysym21m,10
h7nreysym21m,28
h7nreysym21m,25
5rg0v5ibwmkt,11
5rg0v5ibwmkt,7
5rg0v5ibwmkt,13
f5vk625c7mbk,11
0ri9uof69mn1,26
0ri9uof69mn1,24
0ri9uof69mn1,23
0f6yj8eawjss,27
0f6yj8eawjss,18
0f6yj8eawjss,13
flri8gmo15sd,20
mdx0oxkak4tj,4
10q89d2yn9h0,18
jnu7zlkkpys5,27
jnu7zlkkpys5,13
jnu7zlkkpys5,5
ii50qtuabgnu,14
rb8umub5mnbj,7
fvjkuyt1md78,3
fvjkuyt1md78,4
fvjkuyt1md78,9
8ou50gush88h,29
8ou50gush88h,5
d0qbz85w9uk4,16
d0qbz85w9uk4,1
16jmy59cctnk,6
33a1klhkeznz,18
33a1klhkeznz,29
hzofcqc9jycj,20
qmb14h00rq49,8
qmb14h00rq49,6
gkdl7gns0qsf,5
gkdl7gns0qsf,4
410a3sfgt3j6,29
410a3sfgt3j6,11
kp22c9m97bbp,6
kp22c9m97bbp,21
kp22c9m97bbp,22
d43jw9ssvmlk,18
d43jw9ssvmlk,23
6fxfsbc1rgdj,23
6fxfsbc1rgdj,14
xu9qfafsw0ri,18
xu9qfafsw0ri,1
bkgdytzgarag,20
bxrtdaokqfep,9
eihpaa8zx698,19
eihpaa8zx698,27
kojqya2odgnz,8
kojqya2odgnz,21
u50pnlesq1y8,10
u50pnlesq1y8,11
g9jilwvdh44p,12
g9jilwvdh44p,10
qw93mpdgkmxn,12
qw93mpdgkmxn,16
qw93mpdgkmxn,25
zhk97q1jzbw8,7
gjkkockaujnm,4
gjkkockaujnm,27
x8m54xeznypo,7
x8m54xeznypo,10
g40mtoc0ls9x,4
g40mtoc0ls9x,22
g40mtoc0ls9x,29
dlg0wqa9m9xk,25
dlg0wqa9m9xk,8
jgkr3bwf1jpc,12
5hc0nn3o2pla,27
8epzty13p86t,18
y0ahrav25p60,21
2g7yw1mffv9a,18
ggjsg4prui4q,28
q0gbdw38524w,4
q0gbdw38524w,18
q0gbdw38524w,1
g9r6ard5ustt,24
g9r6ard5ustt,25
pjx8nw6ec6hl,28
pjx8nw6ec6hl,21
40e7afl35cu7,7
40e7afl35cu7,1
40e7afl35cu7,27
13ihw3ytedd1,11
5f9khos3un4g,4
5f9khos3un4g,27
uk3nfxx6smjc,11
uk3nfxx6smjc,7
uk3nfxx6smjc,26
73ykz5hk34cn,16
73ykz5hk34cn,18
73ykz5hk34cn,23
x0jdtitilq6d,19
x0jdtitilq6d,27
goo6iody0f7n,28
goo6iody0f7n,9
goo6iody0f7n,6
deuikk3lklm9,19
deuikk3lklm9,2
deuikk3lklm9,21
w3tom103x0u1,9
qiwuozeksc9k,6
qiwuozeksc9k,23
gm79lu2b8jwx,21
gm79lu2b8jwx,3
ocsmuw3i76dy,25
9g2x5d0ewu6m,19
9g2x5d0ewu6m,22
9g2x5d0ewu6m,17
wvm6w4juhyzc,4
wvm6w4juhyzc,20
wvm6w4juhyzc,5
lg3i55egp1g5,19
lg3i55egp1g5,15
lg3i55egp1g5,29
ck1u6efvyr24,2
ck1u6efvyr24,22
ck1u6efvyr24,25
g9bvy52ib116,28
wldartz78o9y,2
wldartz78o9y,10
wldartz78o9y,6
8d6kewtvvlp2,18
8d6kewtvvlp2,28
8d6kewtvvlp2,17
fbip3rai4m4v,3
fbip3rai4m4v,29
g3kyunbkal5i,6
g3kyunbkal5i,20
g3kyunbkal5i,23
klzffz5530ko,24
klzffz5530ko,27
ebmgzlxls9pb,2
ebmgzlxls9pb,8
ebmgzlxls9pb,5
ye3q2a9mb3uk,17
ye3q2a9mb3uk,7
ye3q2a9mb3uk,25
6828hr2hdt7k,2
6828hr2hdt7k,14
tgqsy6oomnty,29
tgqsy6oomnty,14
k33mv5ra1ozu,10
k33mv5ra1ozu,25
k33mv5ra1ozu,2
9al5cwmo1gd1,6
9al5cwmo1gd1,10
k5k6tiorezwc,6
q5t3ciamqtj4,20
q5t3ciamqtj4,25
q5t3ciamqtj4,6
zpdkdoigtnfl,3
zpdkdoigtnfl,15
zpdkdoigtnfl,24
xbc8omcad3o2,21
fff1493qm381,24
z69wej5ovtj4,10
27rlmr84z754,16
27rlmr84z754,22
27rlmr84z754,11
bu89fmp5rv7l,11
bu89fmp5rv7l,24
cayoyuos0gl7,12
cayoyuos0gl7,1
gumfl59nc7n8,9
gumfl59nc7n8,20
gumfl59nc7n8,16
qjiwgo90qsiv,14
qjiwgo90qsiv,19
qjiwgo90qsiv,23
1u5g543uievy,12
vkmctndzwzkn,29
vkmctndzwzkn,26
vkmctndzwzkn,27
buqtw19pn3mv,14
n4gf45lndc3j,16
n4gf45lndc3j,6
3c6usqmz1ve6,6
3c6usqmz1ve6,9
rdw4577dg5dh,7
rdw4577dg5dh,24
rdw4577dg5dh,18
oxq3o5nc0jby,6
ic56ym312j8m,25
ic56ym312j8m,5
s1qyqxdjcmeq,15
s1qyqxdjcmeq,7
s1qyqxdjcmeq,20
i11obzd4owh3,24
i11obzd4owh3,14
i11obzd4owh3,10
kp3fkpm2l3di,17
kp3fkpm2l3di,22
d6t5g3yjwowb,22
ozhxqyq3pxsn,20
ozhxqyq3pxsn,19
ozhxqyq3pxsn,24
6rja775yq1qu,12
uzyog0abhbv2,17
uzyog0abhbv2,11
pwriuz15w16y,17
pwriuz15w16y,13
pwriuz15w16y,4
noemdl04bsnw,27
us6mbhq5hh5p,12
us6mbhq5hh5p,15
49qtvxi66dag,11
49qtvxi66dag,22
0eef75sluc0q,19
0eef75sluc0q,3
uey0illo0k3n,2
ltabqzs0q0pl,21
ltabqzs0q0pl,6
ltabqzs0q0pl,5
6j33olshbk7o,5
dmcp1fxt68fw,21
dmcp1fxt68fw,12
dmcp1fxt68fw,7
w2146ulwvhoa,29
l0fcmcrcausv,25
l0fcmcrcausv,6
l0fcmcrcausv,23
2qre0ezfof6f,21
2qre0ezfof6f,9
llfz8lbnwbfe,23
llfz8lbnwbfe,14
8pzao3o7mzzu,3
8pzao3o7mzzu,26
8pzao3o7mzzu,29
0je1p0lmjmsu,21
0je1p0lmjmsu,12
0je1p0lmjmsu,14
hr5dmd5pyg4s,16
hr5dmd5pyg4s,17
hr5dmd5pyg4s,14
e3t8f61dx4m6,20
paqft4aphxyw,25
paqft4aphxyw,6
paqft4aphxyw,14
smm69bru1pi9,17
ofqg6zaeokw5,25
ofqg6zaeokw5,24
ofqg6zaeokw5,17
yv5av3y1j9qv,11
yv5av3y1j9qv,17
yv5av3y1j9qv,3
1wvqj75evlbe,19
mnm2exidelez,9
mnm2exidelez,10
mnm2exidelez,23
p03ag3vwz3y5,22
p03ag3vwz3y5,27
c7yt214i65wg,5
c7yt214i65wg,10
3zbl3fjnsrvj,3
3zbl3fjnsrvj,12
17bvmftu6de0,27
x54tqrvd4c7s,9
lfzay0bxo9ym,21
lfzay0bxo9ym,3
1w4s3hwbx7u7,17
b5y3f8nm1n4u,8
b5y3f8nm1n4u,4
b5y3f8nm1n4u,28
j0c00erempip,6
j0c00erempip,7
j0c00erempip,5
90e61j7glgmd,16
rggrzz0jbyn2,17
lwlngy8yekp0,24
lwlngy8yekp0,15
lwlngy8yekp0,29
e54hgloqt8g5,18
zswzali3ebod,25
zswzali3ebod,16
81khjr3w6eu8,16
odz32faf7roq,28
odz32faf7roq,19
odz32faf7roq,4
7kphy5l6irq4,21
4rnp3xaa8mc8,27
4rnp3xaa8mc8,22
4rnp3xaa8mc8,2
n41fpmkgqxka,1
n41fpmkgqxka,5
n41fpmkgqxka,7
aiqeu9ntxi7v,12
q6o3g98ig834,11
b0v910an3yeq,6
tblvvmocutm2,22
tblvvmocutm2,9
tblvvmocutm2,14
zxobkxizwkjr,26
zxobkxizwkjr,10
zxobkxizwkjr,7
tp4sskrccdor,27
4hvj57j9gxbq,17
4hvj57j9gxbq,11
3zksd41io34u,19
3zksd41io34u,12
2i2kz6q2xbzo,17
2i2kz6q2xbzo,25
2i2kz6q2xbzo,9
yekxc6xoqdnu,20
yekxc6xoqdnu,17
ymxbxn0lylps,19
ymxbxn0lylps,1
ymxbxn0lylps,29
m9ou4pmvneau,18
m9ou4pmvneau,21
c4c6v4chla4t,19
c4c6v4chla4t,5
5xgczpiyh58e,14
5xgczpiyh58e,12
arhnlza6vsob,16
h2rb4lmx5rwz,24
h2rb4lmx5rwz,19
h2rb4lmx5rwz,6
6u84ldpp911j,19
hvolcj6k2nbi,5
hvolcj6k2nbi,23
au6qptv3z8lm,28
qpgow92eaxdt,22
9zdv0moeuz23,19
9zdv0moeuz23,12
no1lnbdd5zz3,20
no1lnbdd5zz3,3
no1lnbdd5zz3,8
swud9nob2cfu,13
swud9nob2cfu,16
876isk7l0ldy,6
876isk7l0ldy,26
876isk7l0ldy,13
6pwm56gk6fbi,16
6pwm56gk6fbi,9
13ma10dwzokw,26
13ma10dwzokw,27
oiqsqs91nhix,14
oiqsqs91nhix,2
oiqsqs91nhix,3
nyr66mjylk85,3
nyr66mjylk85,9
nyr66mjylk85,8
mac72lsps5tn,12
tbzosgx9uox4,12
utufcgon5clx,1
utufcgon5clx,28
utufcgon5clx,17
qsgca9px7zmd,10
qsgca9px7zmd,12
8s6nnuaw8hol,3
8s6nnuaw8hol,6
8s6nnuaw8hol,2
y3nmcdsu0o5d,27
s4d3z4bvujf2,23
ukf7r0wg0h8z,12
ejyuav2xrv9j,5
ejyuav2xrv9j,25
ejyuav2xrv9j,2
37ekr8ep0qa6,29
37ekr8ep0qa6,24
37ekr8ep0qa6,25
q4tonbgd399w,29
q4tonbgd399w,4
eb5nh0yvfh6l,24
da6buksvysc2,9
2mumfeqedj7f,19
2mumfeqedj7f,17
2qp17en8a2w6,18
2qp17en8a2w6,26
2qp17en8a2w6,3
djm4xrmdx7vt,28
djm4xrmdx7vt,24
25ja26qnmjw4,11
25ja26qnmjw4,18
25ja26qnmjw4,5
c8vc8zvfa894,19
di6c1t3ylzfq,11
uk3fjsb8kre0,5
uk3fjsb8kre0,15
uk3fjsb8kre0,2
y1p4304t1s1l,29
y1p4304t1s1l,2
x2xewsbxvabs,4
r984aaa5dihb,4
33kwxwoj58ti,2
llcmp6g9eiqp,24
llcmp6g9eiqp,1
llcmp6g9eiqp,14
qlksufi2j83d,13
qlksufi2j83d,15
qlksufi2j83d,5
avvdsdmr1wws,27
avvdsdmr1wws,19
iuctshgc52iq,24
iuctshgc52iq,14
iuctshgc52iq,16
xsr18jbtj8gj,2
xsr18jbtj8gj,27
xsr18jbtj8gj,12
uvykn99vr2yj,29
uvykn99vr2yj,19
uvykn99vr2yj,27
9b3g1qjz45tw,26
9b3g1qjz45tw,13
d3kt8pm36d4w,15
93cwwe9io6hm,22
67oqydb6v1ao,20
t5pfbabc6068,9
kjxeuukkp1ym,16
kjxeuukkp1ym,18
kjxeuukkp1ym,24
m585of9ehm9u,29
nz2sz1adba10,11
nz2sz1adba10,29
nz2sz1adba10,5
xi55nqtrkqaz,27
xi55nqtrkqaz,8
xi55nqtrkqaz,21
6anv6y8i0jiq,3
6anv6y8i0jiq,8
6anv6y8i0jiq,24
qy9g4satiabu,21
qy9g4satiabu,24
5h8vfsqgppx8,4
5h8vfsqgppx8,9
5h8vfsqgppx8,24
w4n38iad9yx5,8
nbuwa3eaa9oc,21
nbuwa3eaa9oc,18
nbuwa3eaa9oc,23
d8i62c0gogmg,8
d8i62c0gogmg,11
d8i62c0gogmg,17
9mjq23lb3zkr,13
9mjq23lb3zkr,12
9mjq23lb3zkr,22
i49l8ucelg1p,10
i49l8ucelg1p,11
gej9igxbsiln,19
gej9igxbsiln,28
c4sy10fsnlgx,5
c4sy10fsnlgx,7
c4sy10fsnlgx,8
4dv2ifmnqjro,10
4dv2ifmnqjro,13
tq8t977zzbwo,17
bcl95f65wwva,3
bcl95f65wwva,7
2ggtb96fzuc3,2
2ggtb96fzuc3,27
agcvmdiq2joc,6
agcvmdiq2joc,23
agcvmdiq2joc,8
t2wmmlmafyb7,14
t2wmmlmafyb7,12
kb7h9ax123rc,14
5vl8ugek54t0,13
92fowlc9kg7f,9
92fowlc9kg7f,28
jeh5x3c0jxxx,15
jeh5x3c0jxxx,29
jeh5x3c0jxxx,17
5wcqqgr54ejb,12
5wcqqgr54ejb,16
5wcqqgr54ejb,29
pdtopcdr70ij,12
pdtopcdr70ij,5
itp6yzuyylii,23
itp6yzuyylii,22
itp6yzuyylii,7
6syv0kvrdno8,27
6syv0kvrdno8,16
ocgdwd68j5xu,10
8d1dbq225yud,13
8d1dbq225yud,9
dr4x675v6bb9,16
tzwgqh4q91ij,27
tzwgqh4q91ij,3
o6sg8udoil9l,10
o6sg8udoil9l,24
o6sg8udoil9l,3
2sg4lnth44i6,10
mejveba7r6r9,16
mejveba7r6r9,23
buqa9ieoey8i,18
buqa9ieoey8i,23
buqa9ieoey8i,15
5s2rura2bmqn,16
5s2rura2bmqn,5
5s2rura2bmqn,6
m4mahwjn16h8,13
m4mahwjn16h8,25
ra3m3f7uj9u9,21
snu745hkvhn4,16
snu745hkvhn4,25
snu745hkvhn4,11
qmildx42p3sw,11
qmildx42p3sw,27
u3oq0aw7ag1p,7
u3oq0aw7ag1p,19
2dnqokkoghbi,27
2dnqokkoghbi,7
2dnqokkoghbi,5
svh4ktv27yy0,5
svh4ktv27yy0,23
svh4ktv27yy0,10
mza269exksig,2
9owhfwtntuum,26
b7p52cpcdg6b,27
b7p52cpcdg6b,4
4engkawvq40t,29
4engkawvq40t,4
4engkawvq40t,23
n293muiujydn,13
n293muiujydn,21
n293muiujydn,28
lti4mdsqr6op,3
0c5wec0d1j6s,6
6xuhblb9unhu,22
6xuhblb9unhu,19
6xuhblb9unhu,27
yqvameofv663,7
0j6tl49mlynt,5
0j6tl49mlynt,8
wl53euadetbl,29
wl53euadetbl,25
8xud4shfxofu,7
8xud4shfxofu,13
8xud4shfxofu,9
5lhx5lw2uuzz,6
5lhx5lw2uuzz,17
7hjfcqwaw402,18
w9i4c70mgs9g,5
03b9sgihz703,29
03b9sgihz703,20
ij0oc5ee72rl,5
ij0oc5ee72rl,2
ij0oc5ee72rl,10
p2axjoywanwh,23
p2axjoywanwh,16
08o44blyq3t3,12
02jej5n5u84f,25
nyfgqaas3efm,16
nyfgqaas3efm,4
o72klx31sxlt,2
bfpr4pb7nfe3,21
bfpr4pb7nfe3,3
q32s04bafmio,10
q32s04bafmio,20
q32s04bafmio,7
42h9ll96anwj,6
9bngbsop7tof,9
5ku75r67i4vo,17
5ku75r67i4vo,10
en5y7rqhr7f3,5
en5y7rqhr7f3,14
en5y7rqhr7f3,2
3yc0pxjho45s,16
3yc0pxjho45s,15
3yc0pxjho45s,28
rxk54fd423cf,9
rxk54fd423cf,23
rxk54fd423cf,25
rkrslhz0j0n5,22
rkrslhz0j0n5,23
1mk4f5jfxxc6,27
1kuv4741zghm,3
1kuv4741zghm,5
1kuv4741zghm,7
mug7yo2ud7xi,9
cwjbxl9yeheu,14
cwjbxl9yeheu,3
cwjbxl9yeheu,9
m9cyqwtqhhgq,2
m9cyqwtqhhgq,25
m9cyqwtqhhgq,24
hvqbozb0hogf,13
hvqbozb0hogf,28
xqsg8yrncmk9,29
xqsg8yrncmk9,19
56lqugfhvwjk,17
56lqugfhvwjk,13
nu4uilhkkmyn,26
nu4uilhkkmyn,5
1r92naqwn5by,4
1r92naqwn5by,25
ddvpb1b51m3n,20
ddvpb1b51m3n,11
ddvpb1b51m3n,3
23x345uunnpr,5
23x345uunnpr,9
23x345uunnpr,20
1f0mdit40hrj,18
9m8zc7egrbga,16
04iwf2vu1gfy,3
04iwf2vu1gfy,9
vstdgi7w3585,8
vstdgi7w3585,19
vstdgi7w3585,2
tqqc4rx0ie0w,12
tqqc4rx0ie0w,15
dy472jz9nfna,22
dy472jz9nfna,28
ntkvxny4ft8m,18
gy4w1ac789n8,28
gy4w1ac789n8,7
q307nxfrasbe,10
5h4vqlh35cz0,5
5h4vqlh35cz0,28
c25ckjdleb4m,24
9ft1l4is003q,12
9ft1l4is003q,1
wmaw2o9ar2h2,16
wmaw2o9ar2h2,17
wmaw2o9ar2h2,3
585jzfakb82r,10
aaxc0u11x5tb,6
ktpnydaz6mdm,1
ktpnydaz6mdm,7
ktpnydaz6mdm,29
l7w4d74q201j,21
l7w4d74q201j,5
doptgco2r8q1,12
k4n1jdy1nucw,11
xsmr00kmv0mr,16
xsmr00kmv0mr,22
xfvv2rywrl5f,3
8zxupdjap0jz,18
8zxupdjap0jz,15
8zxupdjap0jz,19
qjzkl86x79ry,2
qjzkl86x79ry,12
tt94urul0eqc,11
g619liwitt9w,15
g619liwitt9w,19
c9l4t3mihdjv,12
c9l4t3mihdjv,16
plu20sdysg82,7
plu20sdysg82,8
plu20sdysg82,27
eie89j2iq4no,25
5qmuz0c62val,8
s9225rxrgz3t,19
s9225rxrgz3t,25
z10ftkxogocy,6
z10ftkxogocy,15
z10ftkxogocy,25
riscv0arcg0e,11
pgc82sxdm7gv,14
pgc82sxdm7gv,10
jea0bysplhpy,19
jea0bysplhpy,23
py0cszkbzz3s,2
py0cszkbzz3s,16
py0cszkbzz3s,13
4sso0q8pvz6u,27
4sso0q8pvz6u,20
4sso0q8pvz6u,16
z5izu3t7b9k0,15
z5izu3t7b9k0,26
xzxyqarvjl5i,29
jf60ezzrnri7,21
jf60ezzrnri7,11
jf60ezzrnri7,13
6uafi1o2psiu,6
fpnimdjckuso,13
fpnimdjckuso,11
fpnimdjckuso,21
f3egia2ic0fu,22
lzraz19mqtxt,16
lzraz19mqtxt,21
mtuubdlgc9zv,27
mtuubdlgc9zv,6
mtuubdlgc9zv,8
gnry8jg32t0i,6
gnry8jg32t0i,16
gnry8jg32t0i,1
hj9050vdmxmt,13
1h2585t14eyq,24
1h2585t14eyq,2
1h2585t14eyq,12
u3c0rk83b1yw,11
u3c0rk83b1yw,19
u3c0rk83b1yw,5
x2xjkwtu5w8c,3
ca1g38w90f7k,5
ca1g38w90f7k,19
ca1g38w90f7k,3
7hhwdqratew6,24
7hhwdqratew6,17
7hhwdqratew6,21
4tvcdflkfgt7,5
4tvcdflkfgt7,10
4tvcdflkfgt7,6
jj76jtdicas8,13
jj76jtdicas8,22
jj76jtdicas8,29
elt6271iepds,13
elt6271iepds,4
l3qs5cdz7kse,21
l3qs5cdz7kse,29
y4yrgdz60vha,2
y4yrgdz60vha,14
y4yrgdz60vha,12
hm441jnnqho1,9
h0zh9lz6wnrm,28
h0zh9lz6wnrm,1
h0zh9lz6wnrm,3
87dzq6ap8o87,15
87dzq6ap8o87,14
g9attdwagta1,3
g9attdwagta1,17
lmea06z3krvj,14
lmea06z3krvj,13
lmea06z3krvj,9
0o0ty8peunj2,28
0o0ty8peunj2,5
0gcvdte4fz1m,24
6l6yzdkr15tm,11
6l6yzdkr15tm,25
6l6yzdkr15tm,29
5m49c4fkzy2n,29
0a1dv7vyzja6,3
cyk0o4ufsuip,26
cyk0o4ufsuip,2
8r4xzec9s5wf,21
dqn41kwy1qpl,10
dqn41kwy1qpl,23
p5kl29xezzx5,8
p5kl29xezzx5,29
tr10ewmcefjc,5
tr10ewmcefjc,27
dto1xkopmpdv,17
so5vur6dnfw5,29
6wmwnqyyt388,25
6wmwnqyyt388,21
d88iq3g1p13b,6
czgej313rr1u,20
czgej313rr1u,18
byt3f9xu6rrp,18
33krslf7satc,7
33krslf7satc,24
33krslf7satc,8
ri9eqocpkjud,10
ri9eqocpkjud,27
qioa88r42uq0,5
qioa88r42uq0,17
qioa88r42uq0,20
3wrr5osp1d7v,26
vmvgqju8dv7a,23
sy717hkpxrjl,23
sy717hkpxrjl,25
sy717hkpxrjl,24
bd2cmz137y5t,29
eqk0s08m2gp9,15
vtenfs2jhrrf,20
vtenfs2jhrrf,18
vtenfs2jhrrf,7
m69h1irjhq7e,11
m69h1irjhq7e,5
arohcfxk866l,2
arohcfxk866l,22
arohcfxk866l,19
o8lskv26shec,29
o8lskv26shec,7
o8lskv26shec,4
folsc6irtsqh,12
5i613u6ono6w,14
yx0lmism51w0,26
yx0lmism51w0,19
yx0lmism51w0,13
9t75wfetid4d,18
9t75wfetid4d,1
f5rsjewcpkx6,19
f5rsjewcpkx6,16
f5rsjewcpkx6,4
k0z613uxh8be,17
82g69x7qcdsw,23
82g69x7qcdsw,9
gw6fk63zagud,8
zyzz9alxplgz,11
6h17gjh0s5h0,5
6h17gjh0s5h0,19
6h17gjh0s5h0,3
ibplejyg89sh,1
ibplejyg89sh,18
ibplejyg89sh,16
cz0a6524rl2a,23
65yotf1h8a2p,3
i0j71rlv4b2y,26
i0j71rlv4b2y,11
i0j71rlv4b2y,25
n171e6b3zmeu,2
aef7bde2wzgc,19
0gtstbizs867,1
qtwwn79nzzgc,2
qtwwn79nzzgc,20
i68ryumt2fea,13
vri167t1jtwy,14
vri167t1jtwy,18
dfmfd696bhdj,6
dfmfd696bhdj,3
qu4qtcqvoh85,4
6knakm50vi9d,26
6knakm50vi9d,6
9p77du7jevm2,27
9p77du7jevm2,11
9p77du7jevm2,3
rm27bgmow7hx,7
9vx3u5jrnmk9,29
9vx3u5jrnmk9,4
gdjaeb6gqysl,2
467eno5bzydv,9
x1cbnrticofq,20
uki6li563116,16
uki6li563116,20
u2jj0lakk1k1,21
0ngy8m83mr3j,15
0ngy8m83mr3j,3
i4c8vdcgr8e3,5
i4c8vdcgr8e3,14
i4c8vdcgr8e3,27
ad95or1x743y,1
4u8i9cdygsqd,22
4u8i9cdygsqd,7
4u8i9cdygsqd,15
zmgevymm6rdg,24
wss3xgs5txqe,15
018vaobc4gz9,18
018vaobc4gz9,6
018vaobc4gz9,23
o9f8dyqnz5gz,28
o9f8dyqnz5gz,21
o9f8dyqnz5gz,26
ecumbczlyiyo,27
ecumbczlyiyo,1
ecumbczlyiyo,3
sw6kyxka2ohl,6
9mhr1n5glny5,28
9mhr1n5glny5,23
yu4jh8zsluhw,2
bdragmu1a0yl,17
bdragmu1a0yl,15
lo2lg5xetqsy,9
maeb5rp2ta0x,2
1e0uphfzu1lg,28
1e0uphfzu1lg,26
efz3qrf6zxmk,3
efz3qrf6zxmk,16
efz3qrf6zxmk,25
hqxptofpofeg,26
hqxptofpofeg,9
hl50hlrygpl4,1
hl50hlrygpl4,9
hl50hlrygpl4,10
2zbsgtboki3n,21
2zbsgtboki3n,26
2zbsgtboki3n,5
7saevlm1esvc,26
7saevlm1esvc,21
7saevlm1esvc,18
lbf9kkszehzf,4
lbf9kkszehzf,11
lbf9kkszehzf,9
6ygfsx672ewj,1
6ygfsx672ewj,3
se0usvpvhndw,5
ico83tj0cqae,26
ico83tj0cqae,17
ico83tj0cqae,29
et4x1a43k3gs,19
et4x1a43k3gs,17
8uw8iw40l7wk,22
8uw8iw40l7wk,6
8uw8iw40l7wk,2
fxxwdct025lv,18
fxxwdct025lv,4
fxxwdct025lv,8
pgupzq62fqtp,9
pgupzq62fqtp,25
pgupzq62fqtp,22
o4p7lk56zolp,18
o4p7lk56zolp,27
o4p7lk56zolp,5
kbkmw8914dnp,28
qbzyzcewp49p,4
qbzyzcewp49p,8
q02f43g6nclf,22
q02f43g6nclf,14
q02f43g6nclf,23
j2q7jyooqjzx,6
j2q7jyooqjzx,7
j2q7jyooqjzx,28
wetws34fqq38,13
rcwrixc4ssvk,25
rcwrixc4ssvk,7
wdd2svl9zpsm,14
xdkujj3anhit,21
xdkujj3anhit,5
xdkujj3anhit,26
xdaljnt3d4ao,16
4w7js9v1xof8,12
4w7js9v1xof8,29
4w7js9v1xof8,27
bytjww6x7k94,20
bytjww6x7k94,21
bytjww6x7k94,24
kbfw0ft43m2l,9
l6qcjket90yr,3
iraz6nneiem1,12
9h671jsxmfm0,11
0v405j8qv4am,6
0v405j8qv4am,10
0v405j8qv4am,5
tzz314ayupf0,9
tzz314ayupf0,5
tzz314ayupf0,21
3e0lo5c5rfox,15
3e0lo5c5rfox,2
roi2q0runsc8,7
roi2q0runsc8,13
roi2q0runsc8,19
xydcxo3hvqn4,11
xydcxo3hvqn4,5
xydcxo3hvqn4,13
oqw7htj6v634,23
o2jhoe37352s,27
o2jhoe37352s,13
o2jhoe37352s,1
3z7hyge0fftp,24
aljgbc7825st,26
aljgbc7825st,27
aljgbc7825st,6
5mtxw27ut7tp,15
5mtxw27ut7tp,2
mp11jwv32fek,24
dabgm6c6n8ih,24
dabgm6c6n8ih,12
zrwyri0tca14,1
zrwyri0tca14,10
palbmx137u64,27
11l0c1tbvpgq,12
11l0c1tbvpgq,2
11l0c1tbvpgq,24
v2qbbslp5ir4,5
v2qbbslp5ir4,28
kp18v8gjh4yc,26
kp18v8gjh4yc,6
kp18v8gjh4yc,17
qtx7zkbqwbd7,9
jgi3soj3bes1,3
jgi3soj3bes1,22
2m2kge5zcven,16
2m2kge5zcven,19
rs4vlpv2trj0,25
rs4vlpv2trj0,1
4l05k01yf0m7,26
4l05k01yf0m7,2
zqaqpitg7w9r,25
zqaqpitg7w9r,5
zqaqpitg7w9r,26
klkvt9ylvaus,25
klkvt9ylvaus,9
klkvt9ylvaus,17
z1y96cb7u16d,2
u6xrvko1sbjb,5
u6xrvko1sbjb,12
u6xrvko1sbjb,28
6hblg2km13jm,8
6hblg2km13jm,9
6hblg2km13jm,23
tne7s3o4l4wd,11
tne7s3o4l4wd,17
tne7s3o4l4wd,29
il1rwr3wo9uw,10
il1rwr3wo9uw,20
xf9517tkmmao,7
rnk5jqh82u0w,5
u81n8t3ihhvm,22
u81n8t3ihhvm,2
ynft1j4azb92,14
ynft1j4azb92,29
ynft1j4azb92,10
k21fujxympdw,4
1ic66vwrxvjh,28
1ic66vwrxvjh,6
rtwiw33qh60l,21
rtwiw33qh60l,8
rtwiw33qh60l,26
g07c7fmnqpsr,10
g07c7fmnqpsr,4
g07c7fmnqpsr,5
dm40iqtoazdd,5
dm40iqtoazdd,12
dm40iqtoazdd,1
afjrt4brsmou,28
afjrt4brsmou,15
afjrt4brsmou,8
32q4ifoj5p7b,29
jvbrfnulf7qw,7
jvbrfnulf7qw,25
cibua3oxewhf,24
cibua3oxewhf,5
6gja0vemq17f,4
6gja0vemq17f,27
x3befvn053qn,16
4u0724rt6otb,25
unwpsq82mvm2,1
unwpsq82mvm2,15
unwpsq82mvm2,10
26m0ihjey1lo,4
26m0ihjey1lo,13
26m0ihjey1lo,2
0ng31l1dlmij,26
z4ibxb2i24qk,19
b1r71q8nriun,12
502gu36pr114,20
502gu36pr114,17
502gu36pr114,22
25bpxiawcij4,11
7qpjod4l5ui7,10
7qpjod4l5ui7,5
1hyjqvd6jkp0,6
1hyjqvd6jkp0,15
c8tmbd8qjgq2,21
48yq2q49peaz,3
rqm4wqzh678c,7
rqm4wqzh678c,2
bk2s9zaea6l8,16
t8ahuq51sy0y,25
t8ahuq51sy0y,17
t8ahuq51sy0y,16
gpb43vcuwej3,22
bgjovrb985ec,25
bgjovrb985ec,12
eodda2epjf9p,13
eodda2epjf9p,17
qtne6lmxjj0h,24
b7t05ak94p67,21
b7t05ak94p67,23
b7t05ak94p67,16
6y2hyefa40ll,26
2c3jxnmfyby7,11
2c3jxnmfyby7,10
2c3jxnmfyby7,28
54t8zwba1uj4,11
54t8zwba1uj4,6
54t8zwba1uj4,2
fs72byco9olr,10
c8prseyhoj42,27
c8prseyhoj42,10
v1avf0bg1o2a,29
v1avf0bg1o2a,26
v1avf0bg1o2a,7
o4gtxo9oeu25,2
o4gtxo9oeu25,16
o4gtxo9oeu25,1
pp5egk1o9n66,24
pp5egk1o9n66,25
pp5egk1o9n66,8
d09180ekke2w,8
d09180ekke2w,29
d09180ekke2w,26
86o0rj4qbmyg,27
86o0rj4qbmyg,25
ou2xbt8jc8s9,22
ou2xbt8jc8s9,5
dchhicsidc6z,26
dchhicsidc6z,22
dchhicsidc6z,12
tju0gaqezoys,9
tju0gaqezoys,7
xhu047z0kzvh,11
eara7l2bsysd,28
eara7l2bsysd,23
eara7l2bsysd,9
e4jzd7y10ott,13
up5dii9znvid,24
up5dii9znvid,8
snkyklxvgc84,26
snkyklxvgc84,2
snkyklxvgc84,24
igehszq81mgw,22
igehszq81mgw,6
igehszq81mgw,27
1frwu32zwhdy,8
7hac7vubh3tr,5
7hac7vubh3tr,22
jw5vybuzpa7s,4
jw5vybuzpa7s,16
jw5vybuzpa7s,25
zf5lq1wqdo8w,15
zf5lq1wqdo8w,8
n7sumyme828y,17
n7sumyme828y,29
t7uap1pdrhup,12
t7uap1pdrhup,11
sxgrka93x97o,5
sxgrka93x97o,23
4028jikdmdn1,20
4028jikdmdn1,13
ikvgj28ukd32,15
ikvgj28ukd32,6
xuus7nalxg68,12
xuus7nalxg68,2
8leyamlw9c72,13
uifaf8az2ckw,11
ovoq9003n8re,29
dxpzup207xgq,4
dxpzup207xgq,29
dxpzup207xgq,23
g4hnyga99jco,11
g4hnyga99jco,21
g4hnyga99jco,18
c5ewsa4hjupw,25
0xcxn8nhs8np,18
0xcxn8nhs8np,23
mumoxws6o2ep,8
mumoxws6o2ep,1
cofp4wnd1ev6,28
cofp4wnd1ev6,27
cofp4wnd1ev6,2
evb4el0klrh3,7
evb4el0klrh3,13
cdzjohi81vno,23
cdzjohi81vno,5
cdzjohi81vno,9
5epwmmm2rjw1,20
vmyuv6q1wzbq,6
7uk81vvhtbk9,12
7uk81vvhtbk9,2
dwlm7553zzsh,28
dwlm7553zzsh,19
vyh45vx8ahm3,1
vyh45vx8ahm3,10
2uy1tc8j00x6,1
2uy1tc8j00x6,24
22fa4whs8g5x,25
22fa4whs8g5x,8
tal81hgvypki,21
tal81hgvypki,17
ojldckgkty8g,23
ojldckgkty8g,11
flxx01deqki1,21
flxx01deqki1,6
flxx01deqki1,15
d2tluzo1x0aq,7
d2tluzo1x0aq,19
d2tluzo1x0aq,28
u8c1jla97jw6,17
rmxuvx4chgej,4
rmxuvx4chgej,3
xl4lwf2hqgwm,3
xl4lwf2hqgwm,28
xl4lwf2hqgwm,25
7onmpphz9xx3,22
0bcwlybc5fer,13
0bcwlybc5fer,20
0bcwlybc5fer,27
73ar57ww4g4q,10
rmj3ifuod83q,18
rmj3ifuod83q,29
msqu9f51lvr5,24
msqu9f51lvr5,14
msqu9f51lvr5,4
k2spr8ebw8id,6
k2spr8ebw8id,14
k2spr8ebw8id,17
nur56dasa7kj,19
jxkaqfj52nyf,13
jxkaqfj52nyf,11
q3wdpob6qd0i,7
q3wdpob6qd0i,17
q3wdpob6qd0i,9
4x3awvzx0zjg,2
4x3awvzx0zjg,22
4x3awvzx0zjg,3
hqulek92l6pn,3
hqulek92l6pn,23
hqulek92l6pn,18
h5jb2ll4hckj,2
h5jb2ll4hckj,25
8xl28ktd2g01,15
8xl28ktd2g01,21
mxkcitiyzp1m,13
mxkcitiyzp1m,3
p985vcj5cl1n,17
q0060wunest1,29
q0060wunest1,18
wh28lctkwgm2,13
wjjatcyjyv0k,17
klxhy92bm8yh,11
klxhy92bm8yh,1
klxhy92bm8yh,24
6ptemuuglak8,26
6ptemuuglak8,10
6ptemuuglak8,6
otms6wlnciey,21
otms6wlnciey,25
dr5j8vnbv0ba,10
gx77vg4o8f87,16
gx77vg4o8f87,6
q9bj16cfbyxk,21
1ihlkknlp4gx,29
wuafujqul59e,10
wuafujqul59e,13
epbtw8ygpk8v,23
epbtw8ygpk8v,27
epbtw8ygpk8v,15
yvmahlo22dj4,14
y9m1brc6hcfs,8
h3bwi6z41kuw,14
eg1kxtjjz8oy,15
aw1u9in2kv1b,8
rqcr8559yfbc,10
rqcr8559yfbc,7
rqcr8559yfbc,2
al1hm1itnwoi,2
al1hm1itnwoi,22
al1hm1itnwoi,5
iyjag9mqhyew,11
iyjag9mqhyew,17
nv0cinv2shjy,22
nv0cinv2shjy,11
nv0cinv2shjy,13
dc9bwfcyk4zc,23
lms22iiiego6,7
lms22iiiego6,21
lms22iiiego6,19
otove62l0su2,26
4xpnremypx16,18
4xpnremypx16,1
ef5afofego3q,3
ef5afofego3q,7
ef5afofego3q,19
r4wab4si8lp1,4
r4wab4si8lp1,15
r4wab4si8lp1,6
a2ai1bdkrf5o,3
a2ai1bdkrf5o,8
g4vet3o7aafi,13
d4pimalcfpl7,29
d4pimalcfpl7,22
k2sphd989hse,16
k2sphd989hse,1
k2sphd989hse,10
fgi0c0nlz9bb,4
fgi0c0nlz9bb,2
f0zh7d2du0av,1
f0zh7d2du0av,2
f0zh7d2du0av,29
qgxztmodng6c,29
fmbszz92v17x,15
c33aqz2at94p,20
c33aqz2at94p,9
cbzs1de8s04u,17
cbzs1de8s04u,19
cbzs1de8s04u,6
86a89w8sxemc,29
86a89w8sxemc,28
al84hmpg95k6,23
rhragc1uzff7,7
rhragc1uzff7,10
rhragc1uzff7,28
uwubtlijvvwy,26
8avtfzorh46p,23
dcbhrsf6slxj,6
dcbhrsf6slxj,5
dcbhrsf6slxj,29
4tgorthz4b4g,3
4tgorthz4b4g,23
otrvokqxvqpz,10
nxv8zb84ghfj,12
tmi126qgo9gg,7
tmi126qgo9gg,15
zsgh0ahkcrpo,1
zsgh0ahkcrpo,19
zsgh0ahkcrpo,15
ie8au5snmw7u,25
2buvjpoibfvq,29
s470ok7hizhu,26
s470ok7hizhu,29
s470ok7hizhu,22
616h4iv59snl,18
616h4iv59snl,6
616h4iv59snl,22
c0o33r5jtsxu,16
6q78aamz00l7,9
jjcnueixkuls,12
jjcnueixkuls,28
7eb8t9bvomkz,18
ueb8v0ss8kw0,27
ueb8v0ss8kw0,9
djoo0qrrqcdv,1
6kwl2tq36mrt,9
ib9m0v8dtndw,19
516tuqx80kse,22
516tuqx80kse,4
j4j4j86uxf3v,24
j4j4j86uxf3v,25
pdidvh5un4ok,14
tq2motag8nwz,6
tq2motag8nwz,8
tq2motag8nwz,20
58goff1ltyqm,13
l9fsywiuj83i,16
l9fsywiuj83i,12
vyultb6wve1v,5
vyultb6wve1v,29
ozt8ttgxgsgg,21
ozt8ttgxgsgg,5
89k1gxlny0xr,11
89k1gxlny0xr,29
89k1gxlny0xr,3
ly3qky276zte,13
tiz07f8593aj,13
tiz07f8593aj,21
tiz07f8593aj,28
eqiy3jralnni,10
bvwpmy24vx30,3
weeauqb83ftb,16
weeauqb83ftb,21
weeauqb83ftb,26
6ggncvzl2r2a,17
6ggncvzl2r2a,22
zeop8q4esqfu,15
zeop8q4esqfu,27
zeop8q4esqfu,13
rk57kyj61kdc,3
rk57kyj61kdc,2
rk57kyj61kdc,10
02zflo9xsq0n,9
3fyjkzr2ln3j,5
3fyjkzr2ln3j,7
3fyjkzr2ln3j,3
baad3uunkyzc,2
baad3uunkyzc,10
baad3uunkyzc,6
mrvy604pee9l,22
mrvy604pee9l,15
zvj4ja8bp4xx,27
90wke9dbfm82,14
90wke9dbfm82,9
gnm4at8p9l0s,29
gnm4at8p9l0s,7
gnm4at8p9l0s,17
utkzs6e0k0pe,23
utkzs6e0k0pe,22
utkzs6e0k0pe,12
hfijnlyl8njw,28
hfijnlyl8njw,15
9rkmg9ue5qmw,24
9rkmg9ue5qmw,3
nji5gfpcmccc,8
hzy87a124q8m,24
w0xi4xfzbn64,21
w0xi4xfzbn64,12
w0xi4xfzbn64,4
c7j5hsywa7ad,25
zi0rv3kf3rvf,29
9txin0ro3zcj,4
9txin0ro3zcj,20
9txin0ro3zcj,21
pimu5v6fm3xr,2
pimu5v6fm3xr,28
fipvcvqr5pvv,24
fipvcvqr5pvv,21
fipvcvqr5pvv,14
0gm5nzmqll7h,5
0gm5nzmqll7h,7
0gm5nzmqll7h,14
vq843cx6zwr7,12
amtxw1hjt99q,7
amtxw1hjt99q,10
qse99mk5pc9b,21
qse99mk5pc9b,2
qse99mk5pc9b,19
z1wbtydeqkt4,28
76i9j8sdor67,9
76i9j8sdor67,1
xc81uzadr32g,20
jk7jwlzw851k,22
18jt75liplgh,28
18jt75liplgh,10
18jt75liplgh,22
7h3942qga235,4
7h3942qga235,27
i9y0znlj1wvk,28
i9y0znlj1wvk,7
pj7kgi6dj3aa,4
7miobj1gitet,9
7miobj1gitet,19
fq9f5oqectj5,4
dz8uhky0c9hf,9
dz8uhky0c9hf,24
2ntyraaptjfi,23
2ntyraaptjfi,3
obvzogccc72r,25
obvzogccc72r,11
f4or10i0pjap,21
f4or10i0pjap,24
qklx2fy9ze4u,3
34zndykjt41q,8
34zndykjt41q,23
34zndykjt41q,4
zl7is9264co3,3
hv9pg1ls5876,16
t4bat86ivz2p,19
t4bat86ivz2p,9
t4bat86ivz2p,27
v0k2add9y1cd,4
v0k2add9y1cd,6
uxbvwvpqfdjz,29
qrd8bfkdl6wb,28
4xxlx270ia8f,16
4xxlx270ia8f,19
8uwhgcesf8v4,14
eb4b2u0lpqzn,27
eb4b2u0lpqzn,22
hxm86n051aib,2
zzan2x9vprno,13
zzan2x9vprno,18
zzan2x9vprno,16
e7z8pvmxz5lk,14
e7z8pvmxz5lk,19
e7z8pvmxz5lk,10
q30ss8v1crp8,26
q30ss8v1crp8,29
8qx0tmt573up,6
yzdov03e3wjo,16
yzdov03e3wjo,14
yzdov03e3wjo,12
qx1e51isjnpu,13
7wmx9eqjjtxi,14
lhe8tptq9x72,17
lhe8tptq9x72,9
lhe8tptq9x72,2
r4qbg7ga43ne,22
r4qbg7ga43ne,4
r4qbg7ga43ne,2
603lc32fqk41,10
603lc32fqk41,25
603lc32fqk41,8
3j76ej896bi3,11
3j76ej896bi3,24
rrmcxgsl4f0m,27
rrmcxgsl4f0m,1
5x0112k3giqp,15
g8j1gbz5drkn,11
g8j1gbz5drkn,14
g8j1gbz5drkn,20
rgd6k3csdom1,20
rgd6k3csdom1,10
o8geire8ei76,8
o8geire8ei76,28
kdk03exqtrjf,19
kdk03exqtrjf,24
kdk03exqtrjf,26
kehs8i1xoumr,17
kehs8i1xoumr,21
kehs8i1xoumr,7
xz74eucq13s3,5
xz74eucq13s3,2
xz74eucq13s3,14
bekzcapug0o0,21
bekzcapug0o0,24
bekzcapug0o0,13
qgzkmn6gh31d,28
qgzkmn6gh31d,25
qgzkmn6gh31d,11
m7u4h5qf4n5e,3
vnaba0ro3slq,10
vnaba0ro3slq,2
vnaba0ro3slq,27
upfz9q5gsgxo,1
upfz9q5gsgxo,24
71bq1npc4f13,3
mcd5ndxlfv5i,3
mcd5ndxlfv5i,25
w78xot0njfcu,15
e3vb9zybo0nr,20
e3vb9zybo0nr,29
5umiic77onjj,12
appvgnpzvkwk,25
appvgnpzvkwk,3
appvgnpzvkwk,27
ss6f5r7l79pa,6
ss6f5r7l79pa,12
kswh9z9pgwk6,29
kswh9z9pgwk6,16
kswh9z9pgwk6,2
w6z89zvz84av,13
rnxcnonqqfde,24
rnxcnonqqfde,5
i7siovb0ivfx,23
sux46ojbw0gj,22
sux46ojbw0gj,8
1wwg5633tfnz,22
1wwg5633tfnz,16
34o32hjhtc94,1
rtqktcmzwizo,5
rtqktcmzwizo,2
i9gdszgmtkop,9
i9gdszgmtkop,27
i9gdszgmtkop,2
98y3gb24bh71,22
98y3gb24bh71,13
98y3gb24bh71,9
vy52gkw6b3am,11
vy52gkw6b3am,29
3nbc4gon3i1c,9
u08dij1vdjyu,19
u08dij1vdjyu,12
u08dij1vdjyu,11
n4uejjnj9f97,15
bia1fvwtw8dn,2
t0b5eh480vmg,2
nanuipgpugtu,17
nanuipgpugtu,20
nanuipgpugtu,7
rckb3a37fzq6,26
t4vvsn9x00a9,15
mvxotbqmtzya,22
2dvs5oi2s3cq,8
2dvs5oi2s3cq,24
fjlnmb1dt31g,22
qmitc19t9l3c,3
tobrtx3gucsn,1
tobrtx3gucsn,15
tobrtx3gucsn,8
9o99cry9bw3p,28
9o99cry9bw3p,3
9o99cry9bw3p,2
9ndmxl5qo5ec,9
9ndmxl5qo5ec,13
cek64x2ngwra,6
cek64x2ngwra,16
cek64x2ngwra,3
6z7zn60394mk,19
6z7zn60394mk,29
6z7zn60394mk,18
rumhiah9pz84,1
rumhiah9pz84,15
p6cp4mwfwqp7,23
p6cp4mwfwqp7,3
ubmqbqs56xo9,24
ubmqbqs56xo9,19
mb6qh9rpqw6n,28
owpv6rtorgwo,1
owpv6rtorgwo,14
fojtz4nfvi4r,17
fojtz4nfvi4r,26
oun17pj1ms0a,10
oun17pj1ms0a,16
2vn3atdmfm29,13
voyfukmnjw6i,21
voyfukmnjw6i,20
kguwxh3hbzlh,20
8jhc5y6jqd0t,18
8jhc5y6jqd0t,19
fan67xjqwuzj,20
j3pehdin5ntz,10
j3pehdin5ntz,24
rntzf1hqo7vw,11
rntzf1hqo7vw,24
rntzf1hqo7vw,6
cfrswd9vcva5,10
cfrswd9vcva5,11
iaayow9f769w,1
iaayow9f769w,8
iaayow9f769w,26
spgsf94tqh81,21
mbg98gjnrp3w,16
mbg98gjnrp3w,4
q03mju486zbn,17
gtfr9523k1l5,23
gtfr9523k1l5,4
gtfr9523k1l5,3
bx9halz3sw7t,28
bx9halz3sw7t,9
bx9halz3sw7t,24
6jbpb9fbakid,26
6jbpb9fbakid,22
xngg82474vxd,28
xngg82474vxd,21
ln7vibu3mluz,20
d6ju4kz17r5b,5
71nehdraq7ap,26
p2nap9keci9t,29
p2nap9keci9t,17
p2nap9keci9t,15
5os8gynpg0h3,27
6dtj6whhleoz,12
l7skb5rg8qkd,28
jvd0yd5zbt1s,3
jvd0yd5zbt1s,14
jvd0yd5zbt1s,5
8oh3tlv3r3x7,1
tub43jk8wcw9,26
tub43jk8wcw9,3
4vrbafz9pdhd,28
4vrbafz9pdhd,7
0vxr9nhh5sj4,26
0vxr9nhh5sj4,28
smo8mj08c3wi,4
smo8mj08c3wi,27
3nkhrmz654j2,26
3nkhrmz654j2,28
7m3mfwpn0tn1,1
7m3mfwpn0tn1,21
vod04qzi2hf8,14
gncd66e41mtx,1
s0328do9l7ha,24
s0328do9l7ha,6
s0328do9l7ha,17
0slz3ezx3do4,18
0slz3ezx3do4,15
0slz3ezx3do4,24
ano72g6tguuu,26
ano72g6tguuu,8
ano72g6tguuu,10
qt7byku055j9,10
qt7byku055j9,6
hnka1ilpons8,22
2huv52vzjefx,12
2huv52vzjefx,27
9u3utwk03uy8,3
9u3utwk03uy8,19
9u3utwk03uy8,5
saj2f2k4fytp,7
saj2f2k4fytp,25
b576rqgkasgm,14
k6elgpsfxo0u,22
k6elgpsfxo0u,8
k6elgpsfxo0u,2
xg1gx4ekmwgf,1
xg1gx4ekmwgf,2
xg1gx4ekmwgf,4
90skm0fn93ia,18
90skm0fn93ia,7
x9xxup1aki5p,1
x9xxup1aki5p,18
x9xxup1aki5p,24
o244yzs8j5hl,13
o244yzs8j5hl,18
o244yzs8j5hl,8
bw18cuaazyma,27
bw18cuaazyma,15
bw18cuaazyma,21
19xutn1pkpc6,26
mw6y3mfyvsh7,18
mw6y3mfyvsh7,1
cywz15yd8kli,15
cywz15yd8kli,21
cywz15yd8kli,28
8cyhgv8j6k3u,6
8cyhgv8j6k3u,29
8cyhgv8j6k3u,20
yxw1j2tdic2p,6
yxw1j2tdic2p,13
yxw1j2tdic2p,21
pc1y8adoxjj7,25
nb161hi9dufy,4
p06dbtaoh0kk,15
wmbh861wq77g,28
nuoq2luh32sf,11
3j6ug4mrxm64,27
3j6ug4mrxm64,15
3j6ug4mrxm64,23
xarobf8jfh9b,7
fyvbppeu2i5g,12
fyvbppeu2i5g,29
bubf5m9jrl56,8
bubf5m9jrl56,11
bubf5m9jrl56,18
uak7e6ict8kd,21
uak7e6ict8kd,13
nmao5xlxs98b,9
nmao5xlxs98b,11
meow1wk2vlt0,28
meow1wk2vlt0,5
phiwd1ts7g0p,25
phiwd1ts7g0p,15
9g4f13zehjne,9
9g4f13zehjne,7
1vjbu8f1bwur,10
lv6zl32dba3i,1
62wjqitd5277,13
s7he1pegyi4x,11
s7he1pegyi4x,22
s7he1pegyi4x,4
y8sh4xs4v1kh,20
y8sh4xs4v1kh,1
y8sh4xs4v1kh,29
moxii03jj8rs,23
moxii03jj8rs,1
bou4ga3eanpr,13
bou4ga3eanpr,4
dxv7k994xcjc,23
dxv7k994xcjc,10
aqtsjpl34dq6,3
aqtsjpl34dq6,28
pb9u556ghujy,14
qqqniah2qeft,28
qqqniah2qeft,4
qqqniah2qeft,18
ej2hwsu0exvg,2
b0l29jcshb9r,28
b0l29jcshb9r,17
tpy9n9qb58ry,8
tpy9n9qb58ry,19
tdvbs3fe4zkq,11
veo3zamwavsi,29
veo3zamwavsi,25
n4psuw31hvho,14
n4psuw31hvho,19
ccb6sk4l041q,11
ccb6sk4l041q,8
ccb6sk4l041q,12
jvcv8w3t6zzn,14
jvcv8w3t6zzn,20
ticza7ya3dos,20
ticza7ya3dos,6
hvkrzprudbzu,24
hvkrzprudbzu,19
cbcpokv90ohn,1
ayss09tx1csc,4
ayss09tx1csc,16
47a5jfyxqbhi,13
47a5jfyxqbhi,12
47a5jfyxqbhi,26
xdtygnuyci69,26
xdtygnuyci69,1
ds7gj944bb52,2
ds7gj944bb52,22
ds7gj944bb52,3
b2fijfkyq37a,15
b2fijfkyq37a,13
b2fijfkyq37a,11
ur990oim3ia7,27
ur990oim3ia7,5
ur990oim3ia7,16
jklp6530asdk,11
bl3mmdoymy91,14
bl3mmdoymy91,18
bl3mmdoymy91,24
lomod6rso651,4
lomod6rso651,16
lomod6rso651,18
r3b3zij0acy2,26
r3b3zij0acy2,21
eot4i031ukw7,24
eot4i031ukw7,7
db6zsznlovsy,16
db6zsznlovsy,20
db6zsznlovsy,5
rec396e6c5ik,24
rec396e6c5ik,7
rec396e6c5ik,14
xn3ip18cc9df,19
xn3ip18cc9df,8
xn3ip18cc9df,23
4yoi2jtgnufd,29
4yoi2jtgnufd,20
0pk4menmptx7,4
0pk4menmptx7,20
0pk4menmptx7,12
mh461xndzzq8,16
mh461xndzzq8,25
mh461xndzzq8,4
5qm8ij7od25e,14
5qm8ij7od25e,27
5qm8ij7od25e,17
q6jdcvyxmh1i,8
q6jdcvyxmh1i,12
q6jdcvyxmh1i,22
mtpfiec3whp4,8
mtpfiec3whp4,11
ern0wkjobmlz,14
ern0wkjobmlz,20
ern0wkjobmlz,22
xcyu5furnsjk,11
zmwbsxq39w4h,2
zmwbsxq39w4h,19
w1q6slkrselb,2
w1q6slkrselb,21
91lnkxzgwejf,19
91lnkxzgwejf,22
2do84tsp8hie,18
2do84tsp8hie,20
ixojwk1q1mxr,10
f80chrlia703,17
p6fjdlpdfa2f,19
w6u19pbgu13u,1
9lie9epr61nj,5
9lie9epr61nj,25
9lie9epr61nj,27
y45ifz8rhguq,1
y45ifz8rhguq,12
y45ifz8rhguq,7
hrxd8xsnfg7r,17
hrxd8xsnfg7r,4
7oibu1ewyphj,2
7oibu1ewyphj,26
a3ztklkgmkgg,23
a3ztklkgmkgg,19
a3ztklkgmkgg,17
odo9bdkam4mx,25
lo9mfdtyifiw,19
lo9mfdtyifiw,7
okbun7uc8ggu,16
o3gcgf7q7e88,6
dlef2s3z2rij,15
dlef2s3z2rij,16
dlef2s3z2rij,4
re3myo3t3uhs,10
dqwwg5bb7rxg,29
dqwwg5bb7rxg,24
dqwwg5bb7rxg,13
enxpf73hb007,14
enxpf73hb007,18
enxpf73hb007,15
vvacudz36vn0,1
vvacudz36vn0,11
p47bonqr7ill,3
p47bonqr7ill,16
p47bonqr7ill,26
lvgatt8s7nte,29
lvgatt8s7nte,8
tspf7gu0kun8,27
licsjvzfxj31,27
licsjvzfxj31,14
licsjvzfxj31,24
khldhy7kh99u,21
4zt01b69meec,27
4zt01b69meec,29
emxjfoehu3um,5
2bcaus14arto,20
pg4sbaej7jog,1
pg4sbaej7jog,26
pg4sbaej7jog,8
j0h58ped7x3k,6
j0h58ped7x3k,17
j0h58ped7x3k,20
nzu4qwv5b8ia,16
nzu4qwv5b8ia,22
fya5snygvrj0,26
fya5snygvrj0,14
v9oa40goehrw,15
v9oa40goehrw,7
v9oa40goehrw,17
wcdresviuj1c,9
wcdresviuj1c,24
wcdresviuj1c,8
onfutzc5j27o,25
onfutzc5j27o,29
onfutzc5j27o,9
suellphofw4t,10
suellphofw4t,29
suellphofw4t,17
991xsaj5bqgq,23
991xsaj5bqgq,27
415c999hd2xf,24
63txbhfv165c,13
63txbhfv165c,10
63txbhfv165c,16
axidvd0ttnr6,14
1ygiav2fmjj8,21
1ygiav2fmjj8,5
lmbzuhvzyhgq,28
lmbzuhvzyhgq,8
wt9m51l1u6i9,4
wt9m51l1u6i9,11
sg3f4crepg51,16
sg3f4crepg51,26
sg3f4crepg51,29
bgl6evr4cs59,17
4nr1aoqpvrss,17
pil3y1slnz1p,29
pil3y1slnz1p,1
0amlhbwg2g6l,21
xq7vm4d9vuy4,8
n611kkjvae0e,1
n611kkjvae0e,29
vxoldw7yk2od,28
0op26rrznu1q,24
0op26rrznu1q,29
0op26rrznu1q,25
zb1rhex7nyaz,20
zb1rhex7nyaz,11
6yvebha2et1z,16
6yvebha2et1z,6
h3jnixlzjrvb,28
srn7b4dhc6g7,15
rmhx41se63fu,3
rmhx41se63fu,13
rmhx41se63fu,12
0bmsr64brhku,16
0bmsr64brhku,18
0bmsr64brhku,19
0pw0ln6h0i64,9
0pw0ln6h0i64,28
qqu9rguvea66,10
qqu9rguvea66,16
qqu9rguvea66,12
12561oyrxtl0,14
12561oyrxtl0,22
12561oyrxtl0,23
7zzjss687g89,26
7zzjss687g89,9
7zzjss687g89,17
rxms9v1bhejk,21
rxms9v1bhejk,18
rcb883j5t0w6,1
rcb883j5t0w6,2
rcb883j5t0w6,15
lv0ktr081t6q,22
lv0ktr081t6q,6
lv0ktr081t6q,29
h9r2eok57va0,9
h9r2eok57va0,14
wag5v6yjc4un,17
9zajk2z0h3dw,2
9zajk2z0h3dw,12
i2w0vyxvfzps,22
i2w0vyxvfzps,17
90r4cgs3jjjs,23
90r4cgs3jjjs,10
ak48fa32gwx2,12
ak48fa32gwx2,28
ak48fa32gwx2,27
hsfv1c2o2ezc,22
9bzj11twpfkx,18
9bzj11twpfkx,5
m57whafatkgb,21
cskdpadr0b9m,20
cskdpadr0b9m,9
cskdpadr0b9m,18
4njuuedu0tu9,10
4njuuedu0tu9,12
4njuuedu0tu9,8
4i46b9qxuci6,14
1lgy7i2t75kd,7
lofijo12108h,26
lofijo12108h,1
n8l64j4t1nwb,14
n8l64j4t1nwb,7
65has8r8p46d,6
65has8r8p46d,24
65has8r8p46d,13
o9w3jwf78z2h,1
v1kbwdnofpf2,23
v1kbwdnofpf2,27
v1kbwdnofpf2,13
pqzra16sa23l,8
pqzra16sa23l,3
mmk6qtjwczxr,26
mmk6qtjwczxr,25
v3xvk5z016sv,25
hu82rqw6i1v8,27
hu82rqw6i1v8,2
hu82rqw6i1v8,19
r7whbtbia4vr,24
q3kz0h6cdavd,12
tvz0hbp5y0tx,6
tvz0hbp5y0tx,25
aine8t2mez8p,16
aine8t2mez8p,1
aine8t2mez8p,21
m09hf015dd64,24
v4ed4lyq3nru,24
v4ed4lyq3nru,19
zz3fk1iuz3a3,21
zz3fk1iuz3a3,17
zz3fk1iuz3a3,10
5wqzap4mtbun,14
5wqzap4mtbun,20
5wqzap4mtbun,5
vbhaj6wupi10,18
vbhaj6wupi10,8
awy0j833heaa,20
5ngw7t0puwdh,8
5ngw7t0puwdh,3
w9y6lympejec,3
ii2wtmu8wvj3,21
ff7cy3kmhonb,7
ff7cy3kmhonb,5
ff7cy3kmhonb,11
dhasde9qdwhn,4
dhasde9qdwhn,8
dhasde9qdwhn,16
rjy93bxyqncu,21
rjy93bxyqncu,27
rjy93bxyqncu,23
axrocuwcnozn,7
axrocuwcnozn,13
axrocuwcnozn,27
wdpp38mklxll,22
wdpp38mklxll,12
wdpp38mklxll,21
9zeeu3viufjb,16
9zeeu3viufjb,6
9zeeu3viufjb,7
aduf9fm4v101,28
n3lwsnsitavk,21
lzus4x76v6z5,13
su26vgk52sis,8
su26vgk52sis,11
vj50ef2edker,29
vj50ef2edker,11
vj50ef2edker,4
tf9n85u1y1f9,3
tf9n85u1y1f9,13
zl96icwetx4t,17
av090ax331oi,28
av090ax331oi,19
av090ax331oi,25
k57rngryntpo,16
k57rngryntpo,23
k57rngryntpo,26
x9ssjvsrwnap,20
x9ssjvsrwnap,25
tq3gskwy7jha,6
tq3gskwy7jha,21
tq3gskwy7jha,19
jbnmk552ng6p,22
jbnmk552ng6p,11
jbnmk552ng6p,27
9dqjr0y6nsc6,16
9dqjr0y6nsc6,6
o4qa4cpwupg3,10
ly08opcgm75o,25
ly08opcgm75o,11
6otrgbhpidmu,24
6otrgbhpidmu,23
6otrgbhpidmu,26
qehlu3sbxgs3,12
qehlu3sbxgs3,15
qehlu3sbxgs3,5
4690ydb3x68x,13
4690ydb3x68x,28
4690ydb3x68x,12
diuqzq54lcjw,6
ikvvuiby9xvc,14
5oxruef9d8p5,8
5oxruef9d8p5,17
nqam4yce83h1,22
nqam4yce83h1,23
nqam4yce83h1,25
xqgksml496mw,16
xqgksml496mw,22
9sdpn3p93e9t,11
9sdpn3p93e9t,8
zzpwzzwupl6p,18
zzpwzzwupl6p,17
6vvezzkumhzn,19
6vvezzkumhzn,15
6vvezzkumhzn,24
xuea5oic04nn,23
oomrenrf4t26,16
oomrenrf4t26,22
oomrenrf4t26,20
r1jld6aawdom,24
r1jld6aawdom,14
ab6imgdyv3i5,13
ab6imgdyv3i5,19
adv0nilduoer,24
adv0nilduoer,12
adv0nilduoer,19
98xr7qjiv6ss,10
n471xhu8ai9r,12
n471xhu8ai9r,11
5tuknknltypf,16
5tuknknltypf,5
5tuknknltypf,6
mpdh7oc5vitq,7
u6zsbj7x25nf,11
u6zsbj7x25nf,15
u6zsbj7x25nf,21
8p3w2cw4pwil,19
8p3w2cw4pwil,14
oxh7alu2cle1,28
oxh7alu2cle1,25
wwge74bcpcn9,7
wwge74bcpcn9,20
vi9ua91zjtp0,16
vi9ua91zjtp0,9
fokohub3uzih,5
fokohub3uzih,3
fokohub3uzih,1
nntgwdwxgk9y,12
nntgwdwxgk9y,6
wltwas09daea,3
sgnzfghaaeqk,20
jegsae731ln7,13
wtyxc4x3kw6t,25
06xbdl43w0xh,15
06xbdl43w0xh,6
06xbdl43w0xh,22
6gxw5zleukqy,16
uz69rqv33m7g,21
edr1ev6wglrb,28
qf4ieus26f8t,13
qf4ieus26f8t,22
qf4ieus26f8t,9
92v0rs54860x,23
92v0rs54860x,14
92v0rs54860x,8
1ttqylh2qvgq,22
1ttqylh2qvgq,14
rbcujy8xnuyn,15
kld7nwjhbrt9,6
kld7nwjhbrt9,19
0z9huiwc5zsd,16
m04ssrhfs8gz,9
dajk48e00iul,8
1gpidz75pp8g,23
1gpidz75pp8g,29
8sxb4i43uaou,16
8sxb4i43uaou,22
8sxb4i43uaou,9
95m3t26kmiyu,11
95m3t26kmiyu,9
95m3t26kmiyu,27
cihee1fuwpux,10
vldayoy51w21,4
vldayoy51w21,12
vldayoy51w21,8
oiszojqm6qnn,29
oiszojqm6qnn,21
1m70ld42toc8,7
o5v7qth1i6pe,9
o5v7qth1i6pe,15
o5v7qth1i6pe,6
dt9a6rk8145l,1
dt9a6rk8145l,26
dt9a6rk8145l,19
nxnb29f5d9y8,19
nxnb29f5d9y8,4
l9le2bn19n6k,19
l9le2bn19n6k,18
flml852aqhmr,5
ljjthey0765e,3
ljjthey0765e,8
kipugru5e2a5,29
kipugru5e2a5,13
kipugru5e2a5,20
6a4g9grqpwff,17
56vq8v21fqef,15
qk31qfr01j2p,6
qk31qfr01j2p,11
qk31qfr01j2p,13
pqgujw36ecu7,18
pqgujw36ecu7,20
zpf0msi5j9ki,14
zpf0msi5j9ki,8
xi2x4av1jkv2,21
xi2x4av1jkv2,23
9obpv5vup90q,7
ui2pubakup4z,15
18c4ypw529uc,2
18c4ypw529uc,12
kzrrwgj5pz01,28
qir5srjyf9dv,19
qir5srjyf9dv,27
5a7x8w4y285k,12
5a7x8w4y285k,20
5a7x8w4y285k,26
x3a4l9lh5m75,12
xvsxjx9utsu0,14
o9ugh87ieehg,20
o9ugh87ieehg,7
o9ugh87ieehg,8
si3f457bmjng,18
t5dfgzxc3h69,22
t5dfgzxc3h69,21
alvy9hopd9o4,6
alvy9hopd9o4,27
alvy9hopd9o4,24
ssdg4j7pwe2j,15
ssdg4j7pwe2j,20
ssdg4j7pwe2j,17
5neta3cknz9z,23
5neta3cknz9z,29
5neta3cknz9z,26
ni5fb1e93prs,6
mgv7p46wzpek,24
zj1q4i3d5g14,29
zj1q4i3d5g14,7
5xrh0qhq8x8m,20
5xrh0qhq8x8m,11
iervsdbrcbmo,14
uxb9zz70831v,21
uxb9zz70831v,19
uxb9zz70831v,28
lu9xhk3ce1kw,9
lu9xhk3ce1kw,8
0jhdvkugyvxj,3
yx3cqv66mm5i,5
yx3cqv66mm5i,17
yx3cqv66mm5i,6
kfsngo7lbu9j,9
wsucf4r6aa3n,6
ue7tsmjdm4qc,15
ue7tsmjdm4qc,21
ue7tsmjdm4qc,19
6kg21homcgpt,19
swt4wtkxfa61,18
swt4wtkxfa61,1
ooaq7i8mdper,14
ooaq7i8mdper,18
ooaq7i8mdper,8
xh67tkx3ppye,26
5s7gkrwixydh,12
ys3wgtyippi4,6
ys3wgtyippi4,28
s6illlq4vvky,18
tr841ohdxllc,19
tr841ohdxllc,14
tr841ohdxllc,2
0cbmremy4t7w,1
zdyv85fzr7hq,29
zdyv85fzr7hq,20
zdyv85fzr7hq,5
3r190dbr63lu,12
p3vja2e6kwyp,3
p3vja2e6kwyp,29
p3vja2e6kwyp,28
iyqhcvb94ai2,10
iyqhcvb94ai2,14
iyqhcvb94ai2,24
t8pk92by2ta8,13
t8pk92by2ta8,11
1l4ohvi1wxgr,9
1l4ohvi1wxgr,6
1l4ohvi1wxgr,11
o6elvu6j5v6a,1
o6elvu6j5v6a,12
o6elvu6j5v6a,15
1we3o55iqdhm,12
1we3o55iqdhm,24
gwiqofq7g5t2,11
gfl2tv92kknj,17
t39m6zf47spj,9
t39m6zf47spj,13
rua5um94z9lt,18
rua5um94z9lt,9
h1i06bleb7s6,14
t4kmmklm54ct,8
t4kmmklm54ct,12
t4kmmklm54ct,25
pkvupcfbmg2v,13
pkvupcfbmg2v,26
8dpo23b3mwud,27
8dpo23b3mwud,13
8dpo23b3mwud,22
0yzxgzgypb5u,29
0yzxgzgypb5u,11
01iutl376uoz,1
01iutl376uoz,18
nzo5d9mcqt5a,15
9lhgekwx3snl,17
9lhgekwx3snl,16
hnno6lzg88gp,9
hnno6lzg88gp,12
hnno6lzg88gp,13
vv3hsgx8a4bl,4
vv3hsgx8a4bl,18
vv3hsgx8a4bl,6
woma4lu7n5h9,10
woma4lu7n5h9,21
t9eia8zrlo9q,13
hzzigzusibyb,13
3g0q8bq59mcv,3
3g0q8bq59mcv,24
8f3xkgb5y8bb,14
8f3xkgb5y8bb,16
8f3xkgb5y8bb,18
36iz8ln06lfa,26
36iz8ln06lfa,10
36iz8ln06lfa,2
qvshot8emqzt,18
qvshot8emqzt,4
qvshot8emqzt,24
e74x0bo39f0u,28
e74x0bo39f0u,1
e74x0bo39f0u,16
rmzol5y60rw0,5
rmzol5y60rw0,13
rmzol5y60rw0,14
mf3n3hrb29sb,10
cna3uyj7wt8j,18
cna3uyj7wt8j,21
rp8bqj3kf8ac,4
rp8bqj3kf8ac,17
8ixciat40jh4,7
371pjxuhqt15,14
371pjxuhqt15,12
3kralwsiuky2,12
hrhzjp24xe5h,8
hrhzjp24xe5h,5
hrhzjp24xe5h,22
ektn89kofbtg,23
6kr62noox7mw,27
6kr62noox7mw,13
6kr62noox7mw,10
0fn6q1tfylih,19
u7dsujbu46qq,26
u7dsujbu46qq,21
u7dsujbu46qq,11
ncletq2mu24l,10
ncletq2mu24l,8
6sr2aro1jroe,26
6sr2aro1jroe,4
6sr2aro1jroe,8
6vwovr9jj7aq,29
6vwovr9jj7aq,7
i5domze25nvl,8
i5domze25nvl,16
7dse40i6de3v,29
nixdtev4vg8a,19
nixdtev4vg8a,10
nixdtev4vg8a,20
qnwnr2molk94,9
qnwnr2molk94,28
qnwnr2molk94,1
i9vpe1jerhua,2
tg4pd6reh4js,13
tg4pd6reh4js,28
ongnw2qnws4j,4
ongnw2qnws4j,8
nayaxrbke6kd,25
nayaxrbke6kd,14
nyslcmtep5l3,7
nyslcmtep5l3,12
nyslcmtep5l3,22
xtbjapigfw60,6
dk80xuyym7et,15
dk80xuyym7et,17
uumfzo0glnmf,4
uumfzo0glnmf,29
92gf1zwf8ae6,21
92gf1zwf8ae6,1
fjyuvcmh7638,11
fjyuvcmh7638,20
fjyuvcmh7638,1
wybb3judq2yv,12
wybb3judq2yv,29
wybb3judq2yv,27
h603v5q4yxyd,2
tb6h03kqtuez,15
tb6h03kqtuez,17
spn27tu3p4g0,10
spn27tu3p4g0,27
spn27tu3p4g0,3
nrg0fyozvyw2,20
nrg0fyozvyw2,16
yrl51ghd8hxd,29
yrl51ghd8hxd,10
8xk1wny0rb96,19
87m9kmjjuiqo,21
j823hxceuxk4,7
j823hxceuxk4,26
j823hxceuxk4,13
86ydore2pbob,26
06tw5xakwy0x,12
06tw5xakwy0x,4
9mkcfci847t4,10
9mkcfci847t4,26
9mkcfci847t4,23
9i1vahs7iyyw,14
4rkkghqbdh6f,29
4rkkghqbdh6f,5
4rkkghqbdh6f,11
ebtskrt173mf,23
ebtskrt173mf,7
22jt6dvu378n,6
22jt6dvu378n,17
k2tcc20375kk,5
k2tcc20375kk,29
rnguwcq6ughd,25
rnguwcq6ughd,5
rnguwcq6ughd,23
1dd56hqrsgv8,7
1dd56hqrsgv8,29
1dd56hqrsgv8,12
ubargw6tb937,11
4jey27je2x3r,15
4jey27je2x3r,29
bibqaa7ksqc6,29
tssrpx85trgd,20
1x2b6lknzotk,28
zwbcayr2vdv7,16
ekdukqvtwqje,22
e0ofy59yxb8p,24
e0ofy59yxb8p,17
e0ofy59yxb8p,21
3p9dcx90b1c9,1
ja06r8tg0vmf,29
8ctwbe9d5ufn,29
8ctwbe9d5ufn,9
0ctodb8x60l6,24
drom7h8qbpfr,5
cqa27d7dfgvl,19
kfg76r82walx,4
kfg76r82walx,16
kfg76r82walx,22
bd10cglbe6aj,5
bd10cglbe6aj,14
bd10cglbe6aj,27
rao8ptb1xbgz,25
rao8ptb1xbgz,21
00ulvl58zft4,9
00ulvl58zft4,1
wsse413uz3hi,10
wsse413uz3hi,2
wsse413uz3hi,22
uqrwokblfulo,3
7wxx8xld0g9b,26
ipog89y2sxn1,10
d2b1eodco9dh,11
d2b1eodco9dh,1
mjvuan369hzm,6
mjvuan369hzm,18
mjvuan369hzm,8
3culw71ydgof,15
wardg0rzmayb,27
za6trlk12gpy,1
12q3skglxb60,3
kqhz5iz7bwik,18
kqhz5iz7bwik,25
kqhz5iz7bwik,19
vhcvt1a8k9jl,9
s4znb44l8pzw,26
469qd56jklxp,4
469qd56jklxp,7
54jxcseafrcq,18
54jxcseafrcq,8
mx4howxda4on,23
mx4howxda4on,21
mx4howxda4on,8
j338o9w08d6k,13
s0i9icjd9rl8,7
s0i9icjd9rl8,2
7q45q9en9sty,2
7q45q9en9sty,1
7q45q9en9sty,13
a9kyid4oxrvu,8
a9kyid4oxrvu,6
a9kyid4oxrvu,16
nle51qhlfduv,6
nle51qhlfduv,15
nle51qhlfduv,17
yhj45h9ahyk9,8
yhj45h9ahyk9,12
4rv7kdplp1q6,24
4rv7kdplp1q6,16
lisovyzm6ckg,20
kvnd7mh23ojc,27
s0z28ami6gub,15
fvp48qlvi96t,3
fvp48qlvi96t,29
ps6zu1tm7vnt,28
ps6zu1tm7vnt,21
ps6zu1tm7vnt,27
629zv1ia62u5,3
629zv1ia62u5,29
629zv1ia62u5,5
2l7wkn96k40j,24
2l7wkn96k40j,10
6jzgsakdx26h,16
p8ow591afdgi,29
ko4w8gt7n6dm,3
ko4w8gt7n6dm,2
wtvaern0sznf,23
wtvaern0sznf,21
btlzygegu98a,14
btlzygegu98a,25
1q54h08kweqg,4
1q54h08kweqg,9
1q54h08kweqg,29
29etmsvfcem8,22
29etmsvfcem8,3
lt1lllvywp7p,9
b08e0pljqox5,1
b08e0pljqox5,3
iqmz3govpogs,3
lr6sili1xrx0,4
lr6sili1xrx0,11
lr6sili1xrx0,24
34gza0xcm6cz,25
34gza0xcm6cz,10
34gza0xcm6cz,15
4c24ibs5gvtb,23
ktgtw9btaq7s,27
ktgtw9btaq7s,4
yfxomzreq4a7,26
yfxomzreq4a7,12
yfxomzreq4a7,22
wftfhlspux0l,28
wftfhlspux0l,4
wftfhlspux0l,5
1tgb6ufvlq5i,16
1tgb6ufvlq5i,11
1tgb6ufvlq5i,5
1n1ckq1na9sr,1
1n1ckq1na9sr,20
1n1ckq1na9sr,26
0tcnr6oiqit6,16
0tcnr6oiqit6,19
0tcnr6oiqit6,5
0l4bynxuowwc,10
0l4bynxuowwc,8
8unk3fojlmmb,1
z180lexjzlza,18
14ijp89s2ymd,2
c0d244u8ezf6,27
c0d244u8ezf6,4
bx6xtsk1pmpu,24
bbf8nib49k1t,15
ss1ubn58q56i,12
ss1ubn58q56i,26
ss1ubn58q56i,10
ngzimh6wrzqt,29
ngzimh6wrzqt,26
ngzimh6wrzqt,13
hj23e31lqfvq,24
dzt5a507syd0,22
dzt5a507syd0,2
szxt04rq1q0n,24
rt5nyaofd881,2
rt5nyaofd881,27
mis2uo0ge41q,16
u5clr5g0jmjy,25
u5clr5g0jmjy,12
u5clr5g0jmjy,16
x4vsqoaq1a95,16
x4vsqoaq1a95,2
njyr0lmlwyih,15
njyr0lmlwyih,27
njyr0lmlwyih,13
b3tt0u1t8vfc,28
b3tt0u1t8vfc,3
b3tt0u1t8vfc,21
h7bdlby9s7wa,23
dm92cj621wwc,19
dm92cj621wwc,1
68v7oohwt9mu,26
68v7oohwt9mu,3
68v7oohwt9mu,16
co6je3ro41ca,28
co6je3ro41ca,6
u7laowt2snv5,6
u7laowt2snv5,25
u7laowt2snv5,9
z1nv3ccx7oh3,12
gcqleztp903k,19
v70xorhe940n,22
v70xorhe940n,6
v70xorhe940n,18
lz84kfesr3b0,24
lz84kfesr3b0,22
20nixssowm72,29
20nixssowm72,19
20nixssowm72,20
nf0598yy63ab,19
nf0598yy63ab,26
eebog8zyo6jd,29
eebog8zyo6jd,5
eebog8zyo6jd,26
4nj1i9npypqq,11
4nj1i9npypqq,23
4nj1i9npypqq,20
f2tx6mag5g7s,15
17622026wuqi,8
17622026wuqi,7
40g6wwvhu1du,20
yg9j6mbjpc9b,18
yg9j6mbjpc9b,5
0tooixasueok,8
0tooixasueok,17
twd1tgdbbk3b,20
twd1tgdbbk3b,14
twd1tgdbbk3b,28
e9c83vkjm10x,21
m011t73u1tbb,18
67dm39n7r10o,27
pf9ar45mp121,26
wvxn3ea7fbib,12
wvxn3ea7fbib,27
wvxn3ea7fbib,29
sunbivy2b3sq,10
sunbivy2b3sq,15
xuifu78w0pzy,24
klskzkgpe8q6,17
i8tpsgux46en,11
i8tpsgux46en,24
gxnzf6m9v4ej,22
gxnzf6m9v4ej,25
wxvqjb58gd5v,16
rqd62nbcvdre,25
rqd62nbcvdre,13
e6e77o3rol8r,8
e6e77o3rol8r,26
bqml2pvfs2ou,13
bqml2pvfs2ou,25
bqml2pvfs2ou,28
cc2maamxo2l7,29
cc2maamxo2l7,22
cc2maamxo2l7,25
o9942zbrr3nf,12
o9942zbrr3nf,21
o9942zbrr3nf,5
bu5hj3a4ir50,3
bu5hj3a4ir50,13
bu5hj3a4ir50,25
6i46ibag452f,3
zj714103yx10,7
zj714103yx10,26
jjcfphrcytik,14
jjcfphrcytik,10
jjcfphrcytik,16
ss4bd3uc8wfi,29
xgz8er4y0zwk,3
xgz8er4y0zwk,19
il6qubsly6wu,5
il6qubsly6wu,19
il6qubsly6wu,18
idawq5m6rm0g,3
0abrr5q9l7di,11
r3okdwc30mid,24
r3okdwc30mid,17
ofnatlei9078,11
3qkwecbn79i8,1
3qkwecbn79i8,15
5uzkr2q8p7ce,16
3gu6k65llqdw,4
3gu6k65llqdw,25
u5ltj9s3lpu2,2
u5ltj9s3lpu2,6
u5ltj9s3lpu2,14
44k8p8c8k39j,3
44k8p8c8k39j,24
vuixlzsd9qb4,13
vuixlzsd9qb4,9
bp2jwwbg5ql1,12
bp2jwwbg5ql1,5
vqg3mlxz53md,24
vqg3mlxz53md,29
g53m2jc76at2,12
g53m2jc76at2,11
g53m2jc76at2,7
jc7nnr2hme5j,19
bdrz55d873bk,26
bdrz55d873bk,18
pm3r07dfxmpu,17
pm3r07dfxmpu,28
pm3r07dfxmpu,21
ggjp1fvubkx8,18
g6rw3nw00zl9,4
o1arvkohjep3,22
vg5qvz1ort1q,11
vg5qvz1ort1q,22
vg5qvz1ort1q,26
ahi6fa1mdr96,21
ahi6fa1mdr96,16
ahi6fa1mdr96,11
co46ceg79362,6
co46ceg79362,2
c7wy4rj7albh,25
c7wy4rj7albh,16
2h3b8r20dcxc,4
2h3b8r20dcxc,16
86x4w8j6z9sk,20
86x4w8j6z9sk,7
86x4w8j6z9sk,18
u0do57ax9l6p,21
0n6uj950rnk5,16
nv4y4o6bl976,17
97xww1zajcgb,6
97xww1zajcgb,26
97xww1zajcgb,21
hxoklnk673g9,12
hxoklnk673g9,25
5il6yls1evit,14
5il6yls1evit,16
5il6yls1evit,8
m3xlilrdyhko,12
oj1e1070vtx6,9
oj1e1070vtx6,22
oj1e1070vtx6,27
vxz9gg7x8kic,6
9jcq2rx0i8h9,21
9jcq2rx0i8h9,10
9jcq2rx0i8h9,25
0vfpmhv6lbwf,24
0vfpmhv6lbwf,20
28e5oc64atdz,6
ucbt8b6u0rs0,13
ucbt8b6u0rs0,20
ucbt8b6u0rs0,23
iujup4gdtsqb,25
nehz8y1dgv1x,18
lx50tyodyt6m,4
lx50tyodyt6m,28
jq2uhnk1k9x3,25
jq2uhnk1k9x3,24
jq2uhnk1k9x3,9
8479tc04j4db,15
8479tc04j4db,24
gt46zxu0ee08,29
gt46zxu0ee08,14
gt46zxu0ee08,17
zw67f9gyrcys,24
08lvns8r507p,28
08lvns8r507p,5
08lvns8r507p,12
3skddvrs1gn0,27
3skddvrs1gn0,11
ldehgv95rxd5,21
bdizn5dmmwqw,21
90npj7mb4h1m,10
90npj7mb4h1m,2
j4vlktz444px,21
i2fcvrvwlc4e,23
6br4gv7eo3rs,22
2gq6i2rqw2qc,22
265yo2arb1ir,23
265yo2arb1ir,14
265yo2arb1ir,6
md1wd13h2zzb,8
md1wd13h2zzb,24
i3okbf14iilu,21
i3okbf14iilu,28
oyecmpkimwmz,8
oyecmpkimwmz,10
wmejqn24urk2,2
wmejqn24urk2,9
etxp0yduilaz,17
etxp0yduilaz,5
etxp0yduilaz,3
bdduq9440eaz,23
bdduq9440eaz,25
gjzhqe9sptvg,20
umvk2dxwdr2m,9
umvk2dxwdr2m,24
h92oj2d2ylwr,9
h92oj2d2ylwr,16
6f1or0nas48r,17
7yvpr0486wkd,28
7yvpr0486wkd,21
pbth556ijmbx,7
pbth556ijmbx,6
kms76zwonkf4,26
kms76zwonkf4,7
kms76zwonkf4,22
zvd1wmuc8rfs,29
zvd1wmuc8rfs,6
zvd1wmuc8rfs,16
hw285tvtxgjc,20
hw285tvtxgjc,8
hw285tvtxgjc,19
5kwnge45phpa,26
vfvqqaie6le1,4
vfvqqaie6le1,26
vfvqqaie6le1,14
8n7zs5nnalwm,17
8n7zs5nnalwm,14
8n7zs5nnalwm,13
bqnb2p5x5vs0,21
bqnb2p5x5vs0,10
bqnb2p5x5vs0,26
42l2are9i8d9,12
42l2are9i8d9,25
3ljxxjocn6xu,10
3ljxxjocn6xu,17
ahxqyy0nl5rc,7
wtyztg5oh526,8
viy05ev6b21x,18
viy05ev6b21x,14
viy05ev6b21x,25
8xvvhxrbfaim,9
6ueng4f379pe,15
9ysrg4cq9mjh,24
l1v18hmm5y2u,27
l1v18hmm5y2u,9
mgi6v5n1g9dm,19
mgi6v5n1g9dm,2
5dsuzit1ysnc,14
5dsuzit1ysnc,7
3rjaw0uoe7l3,25
3rjaw0uoe7l3,12
3rjaw0uoe7l3,26
kexgwp3640yv,28
7fd76gxuelef,21
7fd76gxuelef,23
6lx9o97d5j4r,13
6lx9o97d5j4r,17
yp0z9ayrpxyr,20
yp0z9ayrpxyr,16
xa8r57d9es3s,29
xa8r57d9es3s,21
jvm8plszi5xl,20
jvm8plszi5xl,4
jvm8plszi5xl,22
87scckfr2648,29
87scckfr2648,26
blhbtea019hz,11
blhbtea019hz,19
blhbtea019hz,9
hdxxojwbjdw1,10
qjxu3bkzau6o,7
a2r017tylxer,22
a2r017tylxer,5
euvr0r10wrj6,25
euvr0r10wrj6,24
ydzhhwpougni,24
wz0b14o54qji,21
wz0b14o54qji,14
sg0wfyzlum19,23
sg0wfyzlum19,16
sg0wfyzlum19,19
e6lq493ersrm,5
e6lq493ersrm,14
vpxs1mqocndy,4
vpxs1mqocndy,9
cd65aqs67yse,26
cd65aqs67yse,8
cd65aqs67yse,7
suv2gaiiikxh,9
suv2gaiiikxh,17
t0l6qbakwy4v,6
t0l6qbakwy4v,12
cd7lmnaxjc3f,27
cd7lmnaxjc3f,28
a5kd2tayc659,22
a5kd2tayc659,20
xas8sm2k46y0,7
xas8sm2k46y0,17
xas8sm2k46y0,3
8z2u8cvirdyv,11
8z2u8cvirdyv,7
8z2u8cvirdyv,27
0e3df7tliu6o,2
1japhsaqmz8m,4
1japhsaqmz8m,16
1japhsaqmz8m,25
tn486efev8vn,29
tn486efev8vn,13
tn486efev8vn,21
vv2odjvms9wq,13
vv2odjvms9wq,15
vv2odjvms9wq,16
1nhjfqlrodml,5
1nhjfqlrodml,26
srhfoewklfdh,28
srhfoewklfdh,19
srhfoewklfdh,7
3esu9kl6en52,18
3esu9kl6en52,25
3lih02a1xztf,2
3lih02a1xztf,11
3lih02a1xztf,6
89a48g3xjols,16
89a48g3xjols,8
89a48g3xjols,15
ytohojy7b1kt,25
ytohojy7b1kt,10
ytohojy7b1kt,23
ikm3oc675zcp,15
2meq8zhl3cku,14
3ow71hv42rmt,6
3ow71hv42rmt,4
3ow71hv42rmt,22
swgl9ozzdbwg,11
swgl9ozzdbwg,19
puufddhn4hb3,13
puufddhn4hb3,16
x8wpnshwfmom,1
fea7tu18rvvp,29
pnzprala260l,13
2rsmgc4k7w21,24
2rsmgc4k7w21,2
c4q8q6yi9hgw,5
c4q8q6yi9hgw,11
c4q8q6yi9hgw,18
86ftlf2ncu5u,24
86ftlf2ncu5u,23
lwr8zd4djbok,3
lwr8zd4djbok,27
lwr8zd4djbok,18
ux73gghs6e55,12
ux73gghs6e55,7
e9xhbiwat5js,4
eus0mk3bm67y,29
dmtjxnow706n,14
dmtjxnow706n,5
ngmkh5uhle0u,14
mtovuqt4zpk3,17
2guv9dkasvhd,2
qya9i96oi6vd,4
qya9i96oi6vd,17
nk05o9trqijy,24
h451cl0zz7gj,7
h451cl0zz7gj,23
illmfn38qo9k,20
illmfn38qo9k,18
illmfn38qo9k,13
5068s4eof1ob,24
5068s4eof1ob,29
5068s4eof1ob,12
ysgyvld19qxv,29
4surxo3kjh8r,21
4surxo3kjh8r,28
q1ap8lqt8355,15
q1ap8lqt8355,12
q1ap8lqt8355,13
klkgselj22ku,8
v45ve9fgfet5,21
v45ve9fgfet5,26
e25bbfq0p4xy,18
e25bbfq0p4xy,25
e25bbfq0p4xy,22
4vwv2e36r8xv,13
4vwv2e36r8xv,22
4vwv2e36r8xv,12
atk7729zdm3g,3
dgylkpacjmsd,25
ozw7dmte4w9q,7
ozw7dmte4w9q,20
ozw7dmte4w9q,2
a70nx430221y,8
a70nx430221y,17
lixeon4w8hks,17
eqwb6zm4pp90,14
eqwb6zm4pp90,24
eqwb6zm4pp90,28
zkkqts9s49sd,22
zkkqts9s49sd,24
i6xbt58psnfn,12
i6xbt58psnfn,16
7cm9mmy0vged,27
7cm9mmy0vged,9
i7f6p1rww88n,23
i7f6p1rww88n,1
52zv3q0v3t4z,2
52zv3q0v3t4z,5
52zv3q0v3t4z,15
ve8gnkie5gmq,3
ve8gnkie5gmq,6
ve8gnkie5gmq,21
nt19zi3zl7ks,4
nt19zi3zl7ks,20
oxh1m1owiqtt,10
oxh1m1owiqtt,7
8ykrjkxmwvyw,26
8ykrjkxmwvyw,4
xvviml4e7ukp,14
xvviml4e7ukp,18
gi007b8t7q1j,9
gi007b8t7q1j,10
y5n6fo7dfk9s,12
ax1fkycn7gmf,22
nhhofydk0p8z,17
nhhofydk0p8z,8
gh3gfippjvbo,19
gh3gfippjvbo,17
gh3gfippjvbo,26
btmalqk0zi1j,22
btmalqk0zi1j,9
btmalqk0zi1j,21
8lxyhqdiky5p,23
4gbd7dmeo9li,10
7rja4p3wtbgn,20
7rja4p3wtbgn,8
t7hqo5qdnqxu,25
t7hqo5qdnqxu,12
fitfniyax8di,12
ua3er5jw9fkt,9
ua3er5jw9fkt,14
ua3er5jw9fkt,16
95s9mg874x3a,12
95s9mg874x3a,22
95s9mg874x3a,18
332xi1tu3naz,1
332xi1tu3naz,15
yl69j9p09t80,12
yl69j9p09t80,14
5xgxpoa2xgll,2
5xgxpoa2xgll,29
5xgxpoa2xgll,5
bv555g5eaiyl,29
bv555g5eaiyl,23
qgwm9mqhdde8,12
qgwm9mqhdde8,8
1vjq3ea3z0t9,17
g5genocaiyja,3
qsffasp90htz,20
qsffasp90htz,27
3ucezohnebcv,15
3ucezohnebcv,7
85o9qf14ud55,28
85o9qf14ud55,7
85o9qf14ud55,4
nc0db6azvkit,28
nc0db6azvkit,16
3g172oxvavy2,23
4cw4dixtlkiv,3
4cw4dixtlkiv,17
rhzbon3pu2f5,1
rhzbon3pu2f5,10
t5f2x5x5n1e2,16
t5f2x5x5n1e2,9
t5f2x5x5n1e2,18
l7zp1x9nasc0,19
l7zp1x9nasc0,1
vh2adyp86hhl,21
vh2adyp86hhl,12
giwq7ai4qght,15
zj6vjbcjj9oy,3
zj6vjbcjj9oy,14
zj6vjbcjj9oy,5
2fds6eqc2f37,6
2fds6eqc2f37,8
2fds6eqc2f37,3
jbm8b5q8ek1t,23
jbm8b5q8ek1t,20
5lr5zu9forca,1
5lr5zu9forca,24
5lr5zu9forca,11
33dd8vr4rm7i,15
k5cjs12aj6sh,13
34bh9tpu6lz8,8
z6yg9p4b0lf8,5
nk8bptd2eih1,19
fkldt729unon,8
3nu9k04ie0t4,22
h76iemd3mkhk,4
h76iemd3mkhk,26
h76iemd3mkhk,16
ny896s2btwp7,29
wor9wwttlqf4,16
wor9wwttlqf4,7
gjtl28wljxhw,13
gjtl28wljxhw,23
52e12k8v3j67,8
52e12k8v3j67,29
52e12k8v3j67,14
a6kg1kacgftk,25
a6kg1kacgftk,4
accdrc8k4bkp,13
ono0u8732acy,4
ono0u8732acy,2
ono0u8732acy,9
tp04rnxr8br6,5
tp04rnxr8br6,1
tp04rnxr8br6,23
bmpsu0fm52xr,1
bmpsu0fm52xr,12
bmpsu0fm52xr,23
a43gajy8xj80,28
iniu7fstgbvq,21
iniu7fstgbvq,17
6yxw1oxgpxf7,8
ntm2o58ql4tl,28
ntm2o58ql4tl,6
p5l96trc8v03,21
p5l96trc8v03,1
p5l96trc8v03,25
a1t3m69jo2a2,4
21kbu40b05sd,17
21kbu40b05sd,18
h8efnuo2on40,27
5jpvpa6zdeap,25
t0j4pzkka1sg,29
t0j4pzkka1sg,18
4kp68yxsgez2,26
4kp68yxsgez2,3
tjsbm3aoc4ar,2
jmul4f45p0w0,3
jmul4f45p0w0,12
3djhc9ojz897,16
3djhc9ojz897,5
3djhc9ojz897,7
ro2tooitu9pn,3
ro2tooitu9pn,2
ro2tooitu9pn,24
gm4avtb525cn,14
gm4avtb525cn,26
gm4avtb525cn,21
dte9cywueqar,4
dte9cywueqar,21
dte9cywueqar,14
7n4zyu9ciliz,4
7n4zyu9ciliz,9
7n4zyu9ciliz,20
rd92bpy6beh3,22
t34oxwfxvioy,15
t34oxwfxvioy,5
t34oxwfxvioy,3
u1nc5r9vwoup,19
tgop0mlarcwy,22
tgop0mlarcwy,6
zz9pars0nqh1,9
zz9pars0nqh1,4
3kmkzzsyjx66,7
guhqlddoz9sf,7
guhqlddoz9sf,25
9pwjx8mue4z6,10
9pwjx8mue4z6,19
wap3nes454w6,19
wap3nes454w6,7
c4viyb6a1fh2,28
rgeyt3rr777d,13
rgeyt3rr777d,9
heetq2ncdfx4,26
tq873a75sjl5,13
tq873a75sjl5,27
3cfpzfj0xbcj,7
3cfpzfj0xbcj,15
3cfpzfj0xbcj,26
e9zw265f2qhj,4
1pr8x8el5ew7,12
lvhy512g1cv5,3
lvhy512g1cv5,1
lvhy512g1cv5,14
l94kjj8ow565,12
l94kjj8ow565,2
0n6u1kz6en51,2
d9kbcgdr4ti7,22
d9kbcgdr4ti7,12
zaqmashl5k18,17
mukxkmkdat2a,22
mukxkmkdat2a,12
mukxkmkdat2a,17
m5cyv73yvblo,27
m5cyv73yvblo,4
m5cyv73yvblo,18
lvozftki1jmq,17
lvozftki1jmq,15
lvozftki1jmq,27
i1j0gq3oretu,29
i1j0gq3oretu,14
i1j0gq3oretu,27
s7420sxn9e6i,19
s7420sxn9e6i,28
khxcez8g6mpj,11
khxcez8g6mpj,27
khxcez8g6mpj,20
mmmtqstqzahy,7
mmmtqstqzahy,10
m2crp3y7ewgo,21
m2crp3y7ewgo,15
ae40vtfvawtf,14
otx494ljekuy,17
otx494ljekuy,9
5nnz27y7bki8,3
5nnz27y7bki8,25
5nnz27y7bki8,18
e0j7wpow1m8t,14
xgbbt5i5waj7,25
xgbbt5i5waj7,3
9bdelynjfce2,28
9tbip7dv02z5,17
9tbip7dv02z5,28
lxnfff835xyo,4
z39afsx8whwt,26
z39afsx8whwt,16
oj2tdfkw0ni3,4
oj2tdfkw0ni3,27
oj2tdfkw0ni3,3
e9m1sa26v9aq,10
e9m1sa26v9aq,27
e9m1sa26v9aq,11
ualg2hp0y604,11
ualg2hp0y604,18
ualg2hp0y604,25
ldnqymins7f1,3
ldnqymins7f1,7
ldnqymins7f1,17
addwqhkgkmna,4
y5f2t8hobg3m,21
hcffzocnrpuh,26
0mnxeomnrltp,11
0mnxeomnrltp,3
k19zt83mezt9,5
k19zt83mezt9,29
1ta7z3f4rgy6,16
1ta7z3f4rgy6,27
zmyycpu0el3s,9
zmyycpu0el3s,18
gux2upcwgneq,22
gux2upcwgneq,16
gux2upcwgneq,4
m6o8l0oxi2kd,1
uw0phwbdb83b,15
uw0phwbdb83b,10
32mpvq0pe0ba,2
32mpvq0pe0ba,18
1uhtybbddber,7
1uhtybbddber,16
i9vo2pwxmcj6,24
i9vo2pwxmcj6,27
i9vo2pwxmcj6,19
4as5amjxvel3,8
4as5amjxvel3,2
4as5amjxvel3,5
yadovzgoeeoj,5
33zrdgptctg1,10
upx7xlcmfiqg,11
mybqvwr8d5ko,20
mybqvwr8d5ko,17
tw3wz7x850kq,4
tw3wz7x850kq,2
tw3wz7x850kq,19
tlm2jiekqoh2,17
tlm2jiekqoh2,23
tlm2jiekqoh2,18
xujfpttqjksb,7
a6elc9hyzj93,25
a6elc9hyzj93,12
a6elc9hyzj93,6
8xmfgyx6pccm,10
zjooe6kl9ulv,20
zjooe6kl9ulv,17
vcx4pccxtll6,19
vcx4pccxtll6,17
vcx4pccxtll6,3
qno8yjarg6vk,24
qno8yjarg6vk,10
d790iq4ddhk8,14
d790iq4ddhk8,9
d790iq4ddhk8,13
30p5e2wkjy7j,28
30p5e2wkjy7j,6
aaaq3cg32bwe,1
kxfer3hrb9x1,26
kxfer3hrb9x1,7
kxfer3hrb9x1,16
ctcuycwyxpx8,3
ctcuycwyxpx8,16
ctcuycwyxpx8,13
14i699oraqpz,5
14i699oraqpz,14
14i699oraqpz,9
qqy4x53kjm39,28
m3znc29dxyos,6
m3znc29dxyos,4
zg0tggq4w4g3,25
zg0tggq4w4g3,21
zg0tggq4w4g3,16
jamhsqx1iaoj,17
jamhsqx1iaoj,14
jamhsqx1iaoj,18
tabea3ek3whd,12
tabea3ek3whd,23
axi2tmcus5fx,10
slvl8xazhezw,19
slvl8xazhezw,16
y8paf46z7mb2,25
y8paf46z7mb2,19
lfh9cmmwhklq,22
t7nu12x0m05w,28
vxhjdk3111fn,3
vxhjdk3111fn,20
vxhjdk3111fn,10
9zg644a9xssf,15
9zg644a9xssf,21
qnt4dt1809wb,26
qnt4dt1809wb,17
qnt4dt1809wb,27
so3jlo67hmwo,18
so3jlo67hmwo,4
x71zyi1uy7x9,28
x71zyi1uy7x9,14
0j6qfbwgb1vp,16
0j6qfbwgb1vp,10
dt4ixwc1e62g,16
dt4ixwc1e62g,18
dt4ixwc1e62g,3
2ahepc0w4fg2,6
2ahepc0w4fg2,11
kuyjqayim63z,9
2n2tp5ql58z3,19
2n2tp5ql58z3,20
spaobvyqkqxn,5
9xmr17sscwc8,2
etxy9he9ii0m,15
etxy9he9ii0m,4
1wke7j2ks7ui,10
1wke7j2ks7ui,19
m5g4mnnrk41t,25
m5g4mnnrk41t,7
vzaa2hjlccc3,2
8q154duwqc6u,5
wsl3cjgloeja,4
wsl3cjgloeja,23
wsl3cjgloeja,3
tfh6r3gbs9qu,28
tfh6r3gbs9qu,21
tfh6r3gbs9qu,29
8gmd6y8qs13u,14
8gmd6y8qs13u,25
rtbj433lgnnt,29
rtbj433lgnnt,21
gqodvr4nnbff,1
rh4vxrxjt4x9,22
3rvjlff9d9fv,1
3rvjlff9d9fv,26
4blzcmh0dzak,20
vohlvukbri4x,17
2emxmgr2pqdn,18
2emxmgr2pqdn,1
zh724ey2q9fz,1
zh724ey2q9fz,23
zh724ey2q9fz,22
fyffig0mys6k,22
vgpkj0mfvwkl,10
s3fgqive6ob8,3
s3fgqive6ob8,17
s3fgqive6ob8,19
ju1f4cexz7mx,24
gy9r9z2nu24g,3
gy9r9z2nu24g,18
gy9r9z2nu24g,12
c1vnlzi5cdtt,11
c1vnlzi5cdtt,27
c1vnlzi5cdtt,1
y3iolv9xdely,5
y3iolv9xdely,26
buez45ftd9b0,18
k9krrqvoytz0,29
k9krrqvoytz0,15
ni7rb8qrp37m,3
ni7rb8qrp37m,19
ni7rb8qrp37m,21
wkk2t33jknoq,8
psuy927pr1ut,16
ibmzk7ldjw47,28
ibmzk7ldjw47,7
ibmzk7ldjw47,13
yp4pebag3pa2,22
03gqkhd2ebdg,17
5n161ir5hhhr,18
5n161ir5hhhr,21
5n161ir5hhhr,7
fznfk249xrb4,29
fznfk249xrb4,14
aoc637olliy6,12
aoc637olliy6,25
dsci879gec1f,9
dsci879gec1f,8
dsci879gec1f,19
f3zl002nsv0t,27
f3zl002nsv0t,28
s7iw0r3b73o2,4
s7iw0r3b73o2,14
s7iw0r3b73o2,28
zhwwsisyd0vs,22
zhwwsisyd0vs,9
oypn4vrikj2t,18
oypn4vrikj2t,3
oypn4vrikj2t,28
52yum7uni8ym,18
qm9wgw52fkd4,20
qm9wgw52fkd4,24
gsacrh9sg7t7,18
g2y1fuw69om3,19
2svqzbi2fqtu,25
2svqzbi2fqtu,11
14s2wib1xdnt,25
14s2wib1xdnt,22
14s2wib1xdnt,3
71xqdn2v1viy,18
71xqdn2v1viy,23
it94mr8ctivf,7
zsz3osu1cxsv,2
dli7j93y9tot,22
vxj98q7eqpea,22
vxj98q7eqpea,25
oha7nwo4g8dz,14
oha7nwo4g8dz,20
a68ufrpquat7,28
a68ufrpquat7,24
a68ufrpquat7,15
1bmcf7a4x91y,13
1bmcf7a4x91y,9
1bmcf7a4x91y,23
usg4rveiagfg,12
l9o6ox6tbis4,24
l9o6ox6tbis4,14
xdnpjzr4rbrr,15
xdnpjzr4rbrr,7
z6qtnq3vb75y,16
z6qtnq3vb75y,5
z6qtnq3vb75y,21
yrakju03krql,5
8coucn3vida0,15
fclv4oenw1d9,18
fclv4oenw1d9,26
ok1g5wu791va,16
ok1g5wu791va,17
ok1g5wu791va,9
j7z7sdsdcw54,20
wlshkd0xk053,2
wlshkd0xk053,25
wlshkd0xk053,18
vi3eylukv532,29
vi3eylukv532,4
vi3eylukv532,6
3ixw6y2try70,13
3ixw6y2try70,9
3ixw6y2try70,14
tute69gs4sp3,24
gry7gjiwu3dd,29
ub0f8mn2znuo,1
ub0f8mn2znuo,22
vwrb1buui1dc,8
vwrb1buui1dc,11
am7efmq2skan,7
7h6dycg54oho,5
wjerfype8x1h,23
wjerfype8x1h,11
wjerfype8x1h,27
0dgotzzl5etu,6
idv3enm2s3mv,2
idv3enm2s3mv,6
idv3enm2s3mv,24
r2jnfpemx5va,27
ytmngbr59k13,24
ytmngbr59k13,21
ytmngbr59k13,14
oea8e3zu5sky,27
oea8e3zu5sky,21
acb4p2wlg44l,28
acb4p2wlg44l,12
cl8lgox1wvdb,1
cl8lgox1wvdb,23
cl8lgox1wvdb,3
1mm91qwgtp75,22
1mm91qwgtp75,16
1mm91qwgtp75,9
w9l6q9l93rmv,4
w9l6q9l93rmv,12
w9l6q9l93rmv,29
h7pnkgt024nb,8
h7pnkgt024nb,10
qay9prefjfrk,10
qay9prefjfrk,4
qay9prefjfrk,23
9w1ggxws1bl6,12
lx8swwo93pqo,25
lx8swwo93pqo,8
na5bvoh12fnb,4
na5bvoh12fnb,1
na5bvoh12fnb,22
xnz68poitdtd,1
xnz68poitdtd,23
xnz68poitdtd,27
w7b5096r3h4i,5
w7b5096r3h4i,17
y4a98rhnp7s4,22
y4a98rhnp7s4,20
pu0pxhs36urh,13
pu0pxhs36urh,7
pu0pxhs36urh,15
ei68x9tfac2m,18
9dutqsmz7dxh,28
1sxnss1gogvm,23
1sxnss1gogvm,15
1sxnss1gogvm,26
rb5chps3xcrz,6
rb5chps3xcrz,16
rb5chps3xcrz,23
55hw1gk2z2n9,21
55hw1gk2z2n9,18
55hw1gk2z2n9,9
fmyfvalc7ur8,7
fmyfvalc7ur8,10
fmyfvalc7ur8,16
y5kobz9x1i1a,7
y5kobz9x1i1a,8
i3d0fj4jrkmh,7
3ffnsgd3uzxp,23
luarih8oj1rw,12
luarih8oj1rw,13
v3l7ee76kn0t,21
v3l7ee76kn0t,23
v3l7ee76kn0t,14
yx4uhjogxshp,9
yx4uhjogxshp,2
yx4uhjogxshp,6
aob6b02gctce,20
aob6b02gctce,29
aob6b02gctce,24
iv13zm42hock,17
pqytcwcqfr56,13
mrz34jzsmhp3,4
mrz34jzsmhp3,10
mrz34jzsmhp3,15
d22uyz5hj34e,15
0nu00oi0vgvo,20
0nu00oi0vgvo,29
0nu00oi0vgvo,2
1v2be8x0h68f,24
1v2be8x0h68f,9
1v2be8x0h68f,6
lbid07hpfj11,17
lbid07hpfj11,26
9qbuc8nj4squ,29
gp7tqtj06zhl,16
gp7tqtj06zhl,23
a1kiwl618kzy,23
a1kiwl618kzy,29
bvsb6k1kh24y,17
ojhb4hax9dq2,9
ojhb4hax9dq2,19
6qvnjiu7cnl3,11
rancq1k94rlp,26
rancq1k94rlp,27
rancq1k94rlp,13
r7qg2vehdlej,13
r7qg2vehdlej,20
r7qg2vehdlej,7
u4y9gfmd60eq,5
9ep7ozm5ini4,1
9ep7ozm5ini4,8
i2osfw7qjfgv,15
i2osfw7qjfgv,1
ytxm23l53wtu,3
9f8s5qzipjey,2
9f8s5qzipjey,7
bt2e5aefr0yb,10
jrgjy0n9odda,20
jrgjy0n9odda,21
gh7g3qs4cbyo,15
gh7g3qs4cbyo,14
gh7g3qs4cbyo,18
qxsmyyxy5se7,8
qxsmyyxy5se7,4
qxsmyyxy5se7,17
wri9m7gls0v7,19
wri9m7gls0v7,16
6m3bgx6v386l,11
6m3bgx6v386l,24
6m3bgx6v386l,4
8y45mcjmjd9y,28
8y45mcjmjd9y,27
pbcn165pjs9z,22
jpafi0t3bege,4
jpafi0t3bege,28
l98bi76qiqmn,18
wx7yn5jtrevh,8
wx7yn5jtrevh,28
wx7yn5jtrevh,23
vabw7qb7uo0u,20
vabw7qb7uo0u,29
vabw7qb7uo0u,5
076gycirxxvp,4
076gycirxxvp,2
dywhttwv9nq4,1
3b0sc1kiy4rs,25
3b0sc1kiy4rs,5
8q4ow39u8k75,3
8q4ow39u8k75,18
3o8zasr5do0h,4
x5j3l4b143l6,10
x5j3l4b143l6,6
x5j3l4b143l6,23
rrgjjx2xyjdm,7
rrgjjx2xyjdm,1
rrgjjx2xyjdm,28
4tyvcakli2vc,2
4tyvcakli2vc,9
4tyvcakli2vc,22
mm6nymdofyrt,22
mm6nymdofyrt,23
mm6nymdofyrt,6
2hpunu4r0dl8,23
2hpunu4r0dl8,8
2hpunu4r0dl8,9
5p69eubl4p26,6
b5gxjt9otjvs,24
b5gxjt9otjvs,4
g44g9e6ny5dz,21
g44g9e6ny5dz,8
4og1t8c0rfad,17
4og1t8c0rfad,25
4og1t8c0rfad,8
1eoofb00v42j,12
unbdb4tscynf,28
unbdb4tscynf,9
unbdb4tscynf,26
05jg6h0eyq9l,25
05jg6h0eyq9l,26
05jg6h0eyq9l,15
glj650udnvgx,25
4qyvx4r14q9s,29
u55cwprcdsmx,27
lva3alpsq4oh,14
lva3alpsq4oh,11
lva3alpsq4oh,1
5718wozulpk1,10
5718wozulpk1,20
5718wozulpk1,29
1bm80h59r434,17
71g13selgyrt,2
71g13selgyrt,29
mvix863rdp2s,3
mvix863rdp2s,18
t58mwvocr66p,23
t58mwvocr66p,12
t58mwvocr66p,16
h2zgofyuwd6p,16
h2zgofyuwd6p,29
h2zgofyuwd6p,12
58gvnpk2aron,29
58gvnpk2aron,14
58gvnpk2aron,27
so7n18thxayo,2
so7n18thxayo,24
j19g5e2sqqch,18
xoleafkkyot9,13
lgn0gemu9gk9,11
lgn0gemu9gk9,14
lgn0gemu9gk9,29
524m3ugo8fby,5
524m3ugo8fby,18
cu25simmf480,1
cu25simmf480,19
cu25simmf480,12
5l45dp38uysm,2
5l45dp38uysm,13
0hb9831ww8t4,18
0hb9831ww8t4,22
4rmdn07cwdcc,9
4rmdn07cwdcc,20
yj4hut7pniwr,23
59vr9obit6c7,7
59vr9obit6c7,14
59vr9obit6c7,4
ew7kdp65qb8h,2
ew7kdp65qb8h,11
z8ywyyqki305,24
z8ywyyqki305,11
j3bm6mgp7q7y,19
j3bm6mgp7q7y,24
xtcbhckk3eip,14
bmdeqhdfdhwp,26
bmdeqhdfdhwp,18
bmdeqhdfdhwp,7
qx4vkx2lf1jg,27
kerbtw07r59c,2
kerbtw07r59c,24
r73sod3jsei3,28
r73sod3jsei3,29
r73sod3jsei3,3
mpoqfaopzwr7,25
mpoqfaopzwr7,8
mpoqfaopzwr7,29
3bo2nru17uob,1
nuocvs3roya3,19
201nbv8budqt,4
mzfeph9rjtmk,17
edqoo9w77783,8
yhydsls035cf,15
0i0f0lsz94zt,2
0i0f0lsz94zt,8
hl53ssvl9soz,14
29qks10vnefi,23
29qks10vnefi,2
29qks10vnefi,12
ne1jpqrqlyoj,27
ne1jpqrqlyoj,1
mpckcxs00vna,26
mpckcxs00vna,28
mpckcxs00vna,19
kz766rgbre7q,17
kz766rgbre7q,23
kz766rgbre7q,28
pcz58iz2v7a3,22
pcz58iz2v7a3,23
1k7hw6znliev,17
zzkhe59qxu95,21
fc4p3mhggj2m,5
fc4p3mhggj2m,25
ef5nakr78ugo,22
ef5nakr78ugo,20
ef5nakr78ugo,8
v3oy76rfc27w,9
v3oy76rfc27w,16
dt7skeg3jjt0,17
dt7skeg3jjt0,2
5f2fki7fs2pm,2
ardli5je6cr2,15
ardli5je6cr2,17
ardli5je6cr2,1
sjbpla7y8mwm,5
sjbpla7y8mwm,27
sjbpla7y8mwm,28
ci0k35aqhwc5,7
ci0k35aqhwc5,25
ci0k35aqhwc5,14
ioz8x4aoku9b,1
ioz8x4aoku9b,3
onqrw5bqncz8,22
onqrw5bqncz8,7
stzbuz4pq2lz,8
stzbuz4pq2lz,16
nz5z9vscpkxb,23
nz5z9vscpkxb,2
nz5z9vscpkxb,28
i10hna0ohyc9,4
i10hna0ohyc9,12
s1rhc9akst7f,2
s1rhc9akst7f,3
s1rhc9akst7f,12
puif6ib4tg41,5
puif6ib4tg41,22
wy2zjzj4mtss,3
wy2zjzj4mtss,15
pkbiyljgi5uo,29
pkbiyljgi5uo,21
oy1f3q51w8h4,2
oy1f3q51w8h4,13
oy1f3q51w8h4,20
6zexmbsjb8kt,12
8sphilgfz0tj,13
h4r85v2pprkm,6
h4r85v2pprkm,19
4c4ajrdy4ouo,9
4c4ajrdy4ouo,20
4c4ajrdy4ouo,5
pkrez8g7bh0m,20
pkrez8g7bh0m,11
3iy22i18k7g8,15
hyah7ipivgv8,13
djggk5z4m5zm,23
djggk5z4m5zm,16
djggk5z4m5zm,1
5c9vqgql9fcc,29
pbt875jo7yh1,6
vzl2jkmthutk,1
vzl2jkmthutk,25
h3taaubvj1en,2
hxwszv1ptsib,7
upp838odkqxv,26
upp838odkqxv,19
o40im21dzqmg,11
o40im21dzqmg,29
bziol0c4rfsc,29
skqkivon663u,8
skqkivon663u,5
ts7pkueldr09,12
ts7pkueldr09,27
v47vbnbdgobx,16
v47vbnbdgobx,5
5agb68mdvz0g,20
5agb68mdvz0g,4
5agb68mdvz0g,11
ck0dbhpbq3ry,23
ck0dbhpbq3ry,1
ck0dbhpbq3ry,25
gmtgdye7rsr7,10
o842i339uspc,10
o842i339uspc,20
o842i339uspc,9
43voh56zgv5o,14
43voh56zgv5o,12
43voh56zgv5o,17
jza01pngn2rc,4
3w6ulcaxod3i,9
6mhvytqlinrj,21
9ysiyyetl6t5,3
9ysiyyetl6t5,15
9ysiyyetl6t5,22
f616296iwchr,6
f616296iwchr,10
f616296iwchr,11
14btatybq0fl,11
14btatybq0fl,22
mohg7ve4yy2m,29
mohg7ve4yy2m,26
mohg7ve4yy2m,20
rz4il2knhyyl,1
grkl4pz4oj0g,20
nk3h5kqyowht,8
p4tnzgplrg6h,7
4wb7rf67omw4,9
4wb7rf67omw4,8
4wb7rf67omw4,7
ljsiqu6dnms3,13
ljsiqu6dnms3,7
ljsiqu6dnms3,14
1c2ltxh0woho,4
1c2ltxh0woho,6
mrntiopa9tk1,27
mrntiopa9tk1,22
uh1263cydq8w,27
u3ekjclc911c,21
gdyax9qe28ju,27
gdyax9qe28ju,8
3l05g1nuvrzb,12
3l05g1nuvrzb,15
3l05g1nuvrzb,9
dzs06il2zana,15
dzs06il2zana,3
mu9wqq16w988,21
mu9wqq16w988,20
7p1loq97sqmg,16
knoh64mstue5,19
knoh64mstue5,27
6q1h41yxf9g7,3
6q1h41yxf9g7,11
70ku7fr29mpa,12
70ku7fr29mpa,4
70ku7fr29mpa,3
3uinp5pk7uj4,25
ukjgz1cz7lhn,20
ukjgz1cz7lhn,7
ukjgz1cz7lhn,9
gzu6rzrsx3ts,6
xoistx7gh5xw,17
62e6swlsoivr,12
62e6swlsoivr,16
weknrc04hz8e,15
weknrc04hz8e,20
weknrc04hz8e,23
kdxgfj9vhfvn,20
kdxgfj9vhfvn,18
0wpxmd0eh49f,21
uq11g71flruy,9
oyv82w10ehh0,11
oyv82w10ehh0,12
db8avd4n9wf5,25
cs62y1epdaq8,2
9tnhg0zjh9nb,20
9tnhg0zjh9nb,17
9tnhg0zjh9nb,27
589t27pgazoi,16
589t27pgazoi,17
kb9dfx1x1rzk,23
kb9dfx1x1rzk,12
3b14sskywfx2,2
3b14sskywfx2,17
1khe83stiv68,15
u5zv679i76fw,20
u5zv679i76fw,26
t3e19r69aram,23
qh4wj3uupqqh,16
qh4wj3uupqqh,28
2uw3q8lcb647,23
2uw3q8lcb647,27
2uw3q8lcb647,4
fcpdy02896yp,28
fcpdy02896yp,27
9nilwbzniuna,21
9nilwbzniuna,7
9nilwbzniuna,15
498fiwuak2zy,23
opbcxk8dusgn,16
opbcxk8dusgn,20
opbcxk8dusgn,24
vduadray1nej,2
vduadray1nej,1
yu24m2btljaj,26
yu24m2btljaj,18
yu24m2btljaj,20
lmnmyjbhwxnc,17
lmnmyjbhwxnc,11
76ttgr14p4a7,26
76ttgr14p4a7,22
76ttgr14p4a7,2
fhk23mflpwcn,8
fhk23mflpwcn,4
fhk23mflpwcn,1
fv42yetoahdu,3
fv42yetoahdu,2
fv42yetoahdu,21
mcolwjg9e953,6
mcolwjg9e953,25
iaaqcdo2nvmk,28
iaaqcdo2nvmk,3
5s8uzzhvzvt1,14
5s8uzzhvzvt1,15
0pi8wi0ojqu6,25
zchm4lk2zqet,10
zchm4lk2zqet,11
34s868eg75i7,11
34s868eg75i7,16
34s868eg75i7,19
kytjzure5wvz,12
kytjzure5wvz,13
kytjzure5wvz,20
101irc90jimd,12
jakqj744h2xd,2
vpqni584supc,11
vpqni584supc,3
stwoksyw9jea,5
stwoksyw9jea,18
i94joy6opv64,22
i94joy6opv64,21
ar8qvasrk8fj,4
t6wm24qp3hs7,9
wjoawe9psymn,26
wjoawe9psymn,7
wjoawe9psymn,28
r557816r9dbf,25
r557816r9dbf,28
r557816r9dbf,1
b2s0bdzraoun,3
b2s0bdzraoun,10
z8hqp5ffp1rq,8
z8hqp5ffp1rq,5
i1zvvlgg9f2f,16
10317agzwxhl,15
10317agzwxhl,2
bwyr4jf9q41b,17
bwyr4jf9q41b,11
j1my0kyfxc0j,29
j1my0kyfxc0j,21
t4c43duojy8o,20
7vyax7k61cix,6
7vyax7k61cix,18
7vyax7k61cix,29
aqmidpx4yzpv,16
aqmidpx4yzpv,22
aqmidpx4yzpv,23
osfehejeiprk,2
osfehejeiprk,22
u1d18g6khbzv,16
u1d18g6khbzv,15
q4iv16tzp7ih,9
q4iv16tzp7ih,24
q4iv16tzp7ih,3
wu063ci6mizp,16
wu063ci6mizp,6
pq4n50h3fdih,18
4q9po31olfl7,11
4q9po31olfl7,4
znirsnel8kl2,22
nxko5rczm3hx,11
nxko5rczm3hx,27
otdb2hl6fr5o,7
otdb2hl6fr5o,16
otdb2hl6fr5o,1
eew5d8d2pijw,26
7j7fd1rh49o3,18
fm4s5d0yh2h7,5
7rn0do97fq3e,2
5sazeigaa5id,21
5sazeigaa5id,22
5sazeigaa5id,26
fyxujajejlli,20
vhafagtnwxns,6
100t1uh83pam,23
100t1uh83pam,7
p40ya8z3drkp,13
p40ya8z3drkp,12
gbtgyvjwtmcx,25
qjbv33tjfwu4,17
qjbv33tjfwu4,10
qjbv33tjfwu4,7
ckabrdc226ba,18
qdl7oh5cpe0c,4
qdl7oh5cpe0c,7
fr4qyd5c5w4r,2
fr4qyd5c5w4r,28
fr4qyd5c5w4r,7
pdhycpfh71n6,1
pdhycpfh71n6,22
pdhycpfh71n6,2
zkpz3fr1gbay,7
zkpz3fr1gbay,20
zkpz3fr1gbay,26
i7bo4fb7t34d,20
i7bo4fb7t34d,22
i7bo4fb7t34d,24
t7193xu2071b,24
t7193xu2071b,29
t7193xu2071b,4
y1ozl8qswoqc,20
6jgevbj40ppi,11
penx08kmzl5r,14
2znfob4mi3nz,18
2znfob4mi3nz,28
2znfob4mi3nz,25
ozhoir77kv7k,22
ozhoir77kv7k,21
nvc2of8fb8o1,14
nvc2of8fb8o1,3
nvc2of8fb8o1,16
fawgb43lyhjv,11
fawgb43lyhjv,17
fawgb43lyhjv,9
1ks1skmd8mm9,13
l2fhj1gyrndm,7
hbz6jxjrwpea,2
v53hua992csi,17
v53hua992csi,28
v53hua992csi,27
x8nhwr952mh6,12
x8nhwr952mh6,16
x8nhwr952mh6,19
xjrzfupl5snp,25
xjrzfupl5snp,4
xjrzfupl5snp,24
4dw31m76j7gn,29
4dw31m76j7gn,3
4dw31m76j7gn,15
hgz5lhqh2pns,16
hgz5lhqh2pns,25
hgz5lhqh2pns,21
leyorq9nm2t7,24
leyorq9nm2t7,13
69nj09506fg9,5
9wzf0u618m0q,9
20wgr0u8k3ho,14
20wgr0u8k3ho,9
20wgr0u8k3ho,4
md4znrr9sjug,19
phofbnahlsfq,17
phofbnahlsfq,22
haf90pn0uz2a,13
haf90pn0uz2a,7
haf90pn0uz2a,4
tc1gmy4saapp,9
tc1gmy4saapp,25
tc1gmy4saapp,6
wtfh1sc2myuf,12
g2fga9m32tzw,21
g2fga9m32tzw,15
g2fga9m32tzw,24
duwwzv70fhin,26
ph9hxj1i11q2,28
ph9hxj1i11q2,1
ph9hxj1i11q2,18
kxhlpulvb25u,4
kxhlpulvb25u,1
7o5j33d2522q,10
7o5j33d2522q,23
7o5j33d2522q,25
lwwr72sci8ii,17
lwwr72sci8ii,9
lwwr72sci8ii,27
gfg0mtp157o1,4
gfg0mtp157o1,28
zw75s3jinjyz,10
zw75s3jinjyz,24
zw75s3jinjyz,20
mu92uluz3r0f,14
mu92uluz3r0f,24
mu92uluz3r0f,28
2wu23kteuury,17
2wu23kteuury,16
2wu23kteuury,27
pdp2q6i8rdz7,12
pdp2q6i8rdz7,28
axghwht8d1ln,15
axghwht8d1ln,5
axghwht8d1ln,18
apvpesjqkhgy,9
gpkilunzv7co,26
gpkilunzv7co,17
gpkilunzv7co,10
5ktjn32lr2eb,10
m0j63ovxysbb,6
m0j63ovxysbb,3
m0j63ovxysbb,7
e7mbltboifk0,23
e7mbltboifk0,22
7o84p5gxuyjt,5
7o84p5gxuyjt,9
0kwvoi6utfww,11
0kwvoi6utfww,9
4neldymgz1db,25
6viq2n7poav6,5
17zv3mm53p89,24
17zv3mm53p89,29
17zv3mm53p89,11
o6a1quj95j4g,5
o6a1quj95j4g,10
o6a1quj95j4g,1
h6htqkfdja4z,8
zaz1vf8dlb18,27
zaz1vf8dlb18,14
ir3dueelpa4e,27
ir3dueelpa4e,19
ir3dueelpa4e,25
6m4p1ayjjkse,5
i2ffgx2eqwnc,7
fajtbqscwrpa,19
fajtbqscwrpa,5
1vybstr0b975,23
1vybstr0b975,29
jriei2uc2ln6,27
jriei2uc2ln6,14
5okp4j1klehj,24
5okp4j1klehj,7
4h9n75qyy5az,22
4h9n75qyy5az,11
4h9n75qyy5az,14
yryp94gyoa4h,5
yryp94gyoa4h,8
os52o0vfiu7i,11
os52o0vfiu7i,16
os52o0vfiu7i,21
v95cva7jvtlt,2
v95cva7jvtlt,7
v95cva7jvtlt,10
ybxlq2mt8wy0,25
ybxlq2mt8wy0,20
61f15zue42v4,18
61f15zue42v4,19
61f15zue42v4,6
db2d9upg2aip,18
db2d9upg2aip,11
db2d9upg2aip,26
io90ufdwbaen,13
dwefoz5yt5lw,7
1ggk0g9rin7a,8
ei0w9bbwhdb9,3
ei0w9bbwhdb9,20
u3h69x28ybxo,2
u3h69x28ybxo,3
hlcpvooco0ra,3
3ssn0gf3xu5v,3
bhyo6piijqt9,22
bhyo6piijqt9,25
dgce7prdtu6w,16
66lpcpbh58al,10
66lpcpbh58al,11
ih64bmapkmus,9
ih64bmapkmus,6
ih64bmapkmus,19
ysultvpiqulf,28
44iuiadqj772,13
d29rc9xzaap1,18
d6xvuieb8aki,10
d6xvuieb8aki,27
d6xvuieb8aki,28
5u8zckyr24au,20
fwo61mt523a2,17
fwo61mt523a2,21
fwo61mt523a2,8
12qfrxnjjrjw,8
otn2oq0hezt7,28
otn2oq0hezt7,5
otn2oq0hezt7,3
b1xvswpkc1fy,27
b9obfr4l7hpt,22
b9obfr4l7hpt,11
vl5dml7bxb6i,16
vl5dml7bxb6i,13
kx4yxovyx8x1,23
toe871lr1xum,24
oxa0gu2tyx43,22
oxa0gu2tyx43,3
ig1p0i9ph1ju,10
ig1p0i9ph1ju,22
vx7g1e81iuia,16
l352yngsfrx3,29
l352yngsfrx3,2
l352yngsfrx3,12
x0ukkuscd3fr,9
x0ukkuscd3fr,26
jas1btopvx0a,2
jas1btopvx0a,13
jas1btopvx0a,19
bbo1bqtlwtt9,19
bbo1bqtlwtt9,2
bbo1bqtlwtt9,4
ipvzx5if1g84,24
ipvzx5if1g84,17
o35u2a5itdpy,5
o35u2a5itdpy,21
vt51a5tcvhre,26
vt51a5tcvhre,12
u7bxq5sve8qe,20
u7bxq5sve8qe,25
u7bxq5sve8qe,9
80u79gbk44cu,21
80u79gbk44cu,18
80u79gbk44cu,25
7jmu1zkhn24d,6
7jmu1zkhn24d,13
xky1rdqsqffy,26
xky1rdqsqffy,10
7ptigqveamt1,11
7e4tg0xulljh,4
k335mg9z094l,21
k335mg9z094l,22
k335mg9z094l,14
itfpa8dcblk3,6
itfpa8dcblk3,20
itfpa8dcblk3,2
ji50lj19cw0z,18
ji50lj19cw0z,21
ji50lj19cw0z,29
31echqnvo0yh,28
31echqnvo0yh,8
ejk8r3s4m7s0,1
ejk8r3s4m7s0,5
ejk8r3s4m7s0,4
375o7n66tgh5,5
qljca0l4kqcr,3
qljca0l4kqcr,20
5ajm6ywl3vjf,7
hhzin8hdcb2n,12
96ovglmnswx4,4
96ovglmnswx4,3
co3cerv73ckv,8
co3cerv73ckv,21
co3cerv73ckv,14
f8b5yugkts5h,3
f8b5yugkts5h,14
f8b5yugkts5h,24
sndqb1wn3yms,4
truvyln7zou8,17
7tvyj2az568b,11
7tvyj2az568b,8
ekgls2jahfj1,15
ekgls2jahfj1,18
ds19fffsej29,5
ds19fffsej29,13
ivagopu7vd4v,14
ivagopu7vd4v,10
ivagopu7vd4v,2
79jpijlt84yu,19
79jpijlt84yu,11
79jpijlt84yu,1
kztzkrgprvxm,15
kztzkrgprvxm,20
sf9hjfdrdwyl,3
sf9hjfdrdwyl,24
y7yx2tc3vr6s,23
zionjcjbe7k5,14
zionjcjbe7k5,23
zionjcjbe7k5,16
dchbk4w09o2w,15
dchbk4w09o2w,22
dchbk4w09o2w,28
lmoe9wjxy320,13
lmoe9wjxy320,28
lmoe9wjxy320,5
22lwl76y2tu9,5
22lwl76y2tu9,11
22lwl76y2tu9,10
srwqop9qwrg5,10
srwqop9qwrg5,3
9l42pchk7k0l,3
9l42pchk7k0l,17
9l42pchk7k0l,13
j05xlwd7vwv3,23
j05xlwd7vwv3,16
j05xlwd7vwv3,22
0trlvq891seu,14
0trlvq891seu,18
memhx4o1x6yu,20
memhx4o1x6yu,11
memhx4o1x6yu,29
yzffklu8rg5b,23
z361d08wa2rb,15
z361d08wa2rb,11
0xhuxpf9491x,16
0xhuxpf9491x,18
0xhuxpf9491x,10
ma3cc2bl840e,28
z2lp522fyre5,8
z2lp522fyre5,25
vtm6ku9dylpp,4
vtm6ku9dylpp,27
vtm6ku9dylpp,15
lt1wpzy01kdy,8
lt1wpzy01kdy,1
7sobpphw9x3x,25
7sobpphw9x3x,4
vkn6dfmfb1mk,6
9nnrh37cv9qj,12
9nnrh37cv9qj,10
9nnrh37cv9qj,28
6z2molg6o0wr,7
6z2molg6o0wr,15
ytzpnya056ox,11
g508rr3r7wp3,3
g508rr3r7wp3,12
g508rr3r7wp3,18
u44o8a4mlbea,6
08z18eomw1m4,4
08z18eomw1m4,20
08z18eomw1m4,19
9sp4bizk38ci,3
9sp4bizk38ci,25
9sp4bizk38ci,21
c50mpwkca20z,12
c50mpwkca20z,23
c50mpwkca20z,15
zpd3qy4w6af2,22
zpd3qy4w6af2,25
8s146vuv2q4t,17
8s146vuv2q4t,7
8s146vuv2q4t,21
6syhgb5j27fr,11
6syhgb5j27fr,20
6syhgb5j27fr,2
j7osaud0hwi8,23
rm60xn7637yo,8
0agjgg6ak8qe,10
0agjgg6ak8qe,29
vo9mogt9l648,16
vo9mogt9l648,5
vo9mogt9l648,20
w7h1umash7u5,7
z5xf4zojkybg,5
tfeq77jv9vvx,23
tfeq77jv9vvx,24
7ewexznc9xyk,27
7ewexznc9xyk,4
5jt8wvj0fxqy,29
5jt8wvj0fxqy,21
5jt8wvj0fxqy,1
djduzwawi9pc,2
djduzwawi9pc,22
zd4vy79g7upq,24
zd4vy79g7upq,10
zd4vy79g7upq,17
jfxix9mqy24i,27
y9ymv3i3mfvr,26
y9ymv3i3mfvr,8
y9ymv3i3mfvr,10
t8u09umz5a5h,28
t8u09umz5a5h,26
t8u09umz5a5h,27
ag8227rxkysj,29
ag8227rxkysj,13
ag8227rxkysj,8
8nf7hj95yiye,7
8nf7hj95yiye,1
tnn7qk2fg1ye,18
tnn7qk2fg1ye,4
3nifenawnv02,7
ncqfz1tzitga,6
ncqfz1tzitga,23
ncqfz1tzitga,18
i65zlw7j9qpu,28
i65zlw7j9qpu,2
i65zlw7j9qpu,25
pju2yqbmvo0q,2
csebof9gdrgz,23
csebof9gdrgz,3
csebof9gdrgz,4
486mjkdcwr4a,14
jksdsk8yw64q,7
yx2e2ld1831r,8
fsjjayurnudl,1
fsjjayurnudl,17
fsjjayurnudl,6
4iw7z1cfik7u,8
4iw7z1cfik7u,28
4iw7z1cfik7u,19
pkf0vyb3w9dy,11
xu17ybzjk1v5,21
qsggigrf6810,12
qsggigrf6810,13
qsggigrf6810,17
8inzzykil80j,16
8inzzykil80j,13
blgaon68ob2i,11
blgaon68ob2i,24
3h633r35fz4z,29
af50aiw48znb,1
af50aiw48znb,8
qtejepyeiaux,16
qtejepyeiaux,1
1ewm09wvxa59,17
1ewm09wvxa59,9
bog0cf9kii9o,7
bog0cf9kii9o,28
ny0o639t4btb,17
ny0o639t4btb,9
za15cix3w20d,15
za15cix3w20d,14
za15cix3w20d,20
rtrfm03lvg4n,16
6r2kqtjw3k82,3
6r2kqtjw3k82,16
6r2kqtjw3k82,28
8bzn24x6o8iu,26
8bzn24x6o8iu,5
xktbgbcbvbcw,1
xktbgbcbvbcw,24
xktbgbcbvbcw,13
p0xigvt0goar,26
x8u59il46u4d,4
x8u59il46u4d,7
x8u59il46u4d,10
kz4hufg87k2d,28
r4kasz0uaw19,5
u0opzj6hsn3y,25
19b0r6siys4t,27
19b0r6siys4t,5
19b0r6siys4t,11
yd1ii23zubia,12
yd1ii23zubia,2
ok3v5dx4f469,22
7ucqe5omdv03,1
k9hebesp76on,16
k9hebesp76on,10
k9hebesp76on,19
aqskpjpb30l6,25
aqskpjpb30l6,1
e3rhevzu5nue,25
e3rhevzu5nue,24
e3rhevzu5nue,21
at0afjcvspg1,16
y5qjbtr2wdhk,17
uq1j3q56p2uz,1
uq1j3q56p2uz,9
uq1j3q56p2uz,17
9garpx6nscf0,9
9garpx6nscf0,2
9garpx6nscf0,26
jey3nykj205h,25
w7pjwau1gzf7,19
ur44oinn9j1o,14
ur44oinn9j1o,15
lb2r9m4oyvbe,14
lb2r9m4oyvbe,24
87geqvjkenwb,29
87geqvjkenwb,28
dbv4azmbh8c1,14
2e6evaotnxvu,27
z87tfm8e46dw,14
s5melyietk88,24
s5melyietk88,21
s5melyietk88,8
efz3l5y38ewe,25
efz3l5y38ewe,14
efz3l5y38ewe,7
2crzf0g83v8u,16
2crzf0g83v8u,6
2crzf0g83v8u,23
0k5m7bn3n32l,17
0k5m7bn3n32l,4
0k5m7bn3n32l,9
gu6ee4zpvpt6,10
d09worvhz9me,24
ws2xy9bt70q4,14
ws2xy9bt70q4,22
ws2xy9bt70q4,20
4y8d5jdzwoxi,24
4y8d5jdzwoxi,27
4y8d5jdzwoxi,17
3vbojvtvu7un,6
3vbojvtvu7un,19
2cesv0qrv47e,14
2cesv0qrv47e,11
2cesv0qrv47e,12
cbbuutnnfzcl,1
cbbuutnnfzcl,24
vg6ioijmi5er,9
vag5sbdh4b75,19
7behxc74ztq3,1
mpnnklp6bbuq,19
mpnnklp6bbuq,28
l55f6wbgd3a5,15
s42kapisnogk,24
6zygbt6v9fqk,1
4s40pkqye8lk,15
e0ko5bbchaem,23
e0ko5bbchaem,28
e0ko5bbchaem,4
2kgolk0hasb0,27
m2snmgtpgkqd,10
m2snmgtpgkqd,8
wnwtc246o635,29
wnwtc246o635,21
wnwtc246o635,24
gpzu34oxq7hq,8
gpzu34oxq7hq,27
q06z8zv5aoaf,22
o4xjnkkmbspk,23
o4xjnkkmbspk,28
o4xjnkkmbspk,27
se7p1o718wv6,27
se7p1o718wv6,17
se7p1o718wv6,24
dvp8yfywvmga,13
ml0hc348pu3b,27
ml0hc348pu3b,15
ml0hc348pu3b,4
ti3hf83d5yil,23
ti3hf83d5yil,22
u0y2h9mtvl3z,3
u0y2h9mtvl3z,29
u0y2h9mtvl3z,5
vt7dzo6h47bw,23
vt7dzo6h47bw,3
n5l1x6div5hv,17
n5l1x6div5hv,7
n5l1x6div5hv,23
pqtczwlb20cn,23
pqtczwlb20cn,25
pqtczwlb20cn,15
9u1igyqk3dpy,18
9u1igyqk3dpy,23
9u1igyqk3dpy,6
1z3vo2qmy0h2,28
1z3vo2qmy0h2,26
1z3vo2qmy0h2,5
vmy8xpd91ms2,22
vmy8xpd91ms2,25
vmy8xpd91ms2,17
qv3rslwzknhy,2
qv3rslwzknhy,24
qv3rslwzknhy,9
m05renu7qt2v,28
m05renu7qt2v,3
m05renu7qt2v,17
d5ovny1oo2wv,15
grpmberxtccn,25
grpmberxtccn,23
grpmberxtccn,24
783cnv6uihga,17
783cnv6uihga,1
w2wbe9osqlzw,2
c6fag8dxlkdh,13
wa69zwz9l6q3,12
wa69zwz9l6q3,24
wa69zwz9l6q3,18
4tyasq4xfv2n,15
4tyasq4xfv2n,7
4tyasq4xfv2n,20
buu5b0zn37yr,19
buu5b0zn37yr,28
pdp28t3tgfv0,25
id6um1wtpbjf,18
id6um1wtpbjf,21
5j1p4ymb3x34,25
5j1p4ymb3x34,18
5j1p4ymb3x34,11
andqa7zldzmf,24
andqa7zldzmf,23
andqa7zldzmf,14
e0ki983f274u,19
e0ki983f274u,5
e0ki983f274u,10
4ywo22lvts0v,23
41key2e1z6zj,23
41key2e1z6zj,14
41key2e1z6zj,15
6ldvgpqyrcwf,25
6ldvgpqyrcwf,9
8huo0c8rm5tq,20
8huo0c8rm5tq,7
8huo0c8rm5tq,15
b4b1gumobn90,28
b4b1gumobn90,5
b4b1gumobn90,13
gd6bvwbbzl8i,1
gd6bvwbbzl8i,25
qypeph3hv6hf,27
n83combetbyz,24
mxx3i0txw55b,7
3itita1fbq1e,12
3itita1fbq1e,7
3itita1fbq1e,27
qqcgwqi6zue5,20
wqw03gpuo56q,2
wqw03gpuo56q,28
wqw03gpuo56q,25
xdvn715v973u,21
xdvn715v973u,14
ffuyjfubchh9,28
ffuyjfubchh9,13
ffuyjfubchh9,25
eu90jdtlbgxk,18
pctdaf2aplmm,10
lpohurp01zbn,3
o1yfrt1dcaw2,5
vg5kqkv288tj,17
vg5kqkv288tj,9
7ixhpxyde7bw,24
s59b0vmdkf0k,22
p7a9obhyxpm5,24
p7a9obhyxpm5,20
p7a9obhyxpm5,22
ykus7zip9w7h,8
ykus7zip9w7h,6
ykus7zip9w7h,7
ooaayy6d92r1,15
ooaayy6d92r1,1
ooaayy6d92r1,4
50eyasaythpj,29
50eyasaythpj,13
50eyasaythpj,6
hfmg650k22nv,9
hfmg650k22nv,21
hfmg650k22nv,25
5arnt71i9jlj,6
5arnt71i9jlj,7
5arnt71i9jlj,3
k0a9l7hxws1o,10
fgbu042vgzfu,25
fgbu042vgzfu,10
fgbu042vgzfu,5
y35wukcmhmxw,14
16zw6h9bk85g,16
16zw6h9bk85g,4
16zw6h9bk85g,13
yglx81qw7v5l,8
yglx81qw7v5l,26
bjoar17zxs9u,7
bjoar17zxs9u,25
bjoar17zxs9u,12
04313ihifxzz,4
2lcedf4pdrm2,10
2lcedf4pdrm2,12
xxhmbii4y2lr,2
xxhmbii4y2lr,20
t4hdlm3scog7,29
t4hdlm3scog7,12
0tn97fr6b1n5,13
0tn97fr6b1n5,18
1e2rfd1svsgt,19
r46ufwbhln25,13
r46ufwbhln25,5
r46ufwbhln25,25
asqfroli5y0s,14
l6y4wqsfpvj0,23
l6y4wqsfpvj0,18
l6y4wqsfpvj0,8
xb10qn6t4d91,16
xb10qn6t4d91,15
rnv6wwangdae,1
vf465lpkomuj,12
vf465lpkomuj,28
u83mg7muk8ji,12
u83mg7muk8ji,5
5alrcrq9zgra,19
su0mwsxfe8ai,5
wrtpgeafzq4s,18
wb7f2el5v323,18
k3xziofbzc1k,27
9bpl7p6uzp27,6
9bpl7p6uzp27,17
9bpl7p6uzp27,23
tmgc7yz5hmzk,13
g26dzrz0to8d,27
g26dzrz0to8d,28
g26dzrz0to8d,6
lybxay7k4iq1,4
toz6puyt0jcz,4
toz6puyt0jcz,21
toz6puyt0jcz,12
3pweo8y8cuac,9
3pweo8y8cuac,18
3pweo8y8cuac,25
hp12f75kv9rp,20
hp12f75kv9rp,11
hp12f75kv9rp,15
a9ov1xxxec5c,6
esoe5alls1lo,12
esoe5alls1lo,9
qel167gv8aaf,7
tdcbjutnqkfh,1
geay4a12przq,13
geay4a12przq,12
r1usif9gc057,17
292yakz63dd2,5
292yakz63dd2,26
m696yg640thg,26
jsf04sbw8ako,11
jsf04sbw8ako,10
jsf04sbw8ako,9
acq0lj99q1pu,26
acq0lj99q1pu,22
acq0lj99q1pu,28
t36lrrnxvegt,5
u8qe6v0bt2tr,19
u8qe6v0bt2tr,18
u8qe6v0bt2tr,22
3yxofim4lb82,21
fc4buen2v19j,18
fc4buen2v19j,14
zo9ubq7xvpiy,5
w9r0birouddq,22
w9r0birouddq,13
w9r0birouddq,23
m8n064pq1svh,28
ogyj3mwg8u23,1
ogyj3mwg8u23,4
40t13oevo5bq,25
40t13oevo5bq,4
rps307sre8ca,27
rps307sre8ca,29
nnwzpj4cirvs,19
u7ig2vnxh4tx,8
u7ig2vnxh4tx,17
pe4lg41jg6tn,3
pe4lg41jg6tn,7
jnf96tn9kuy6,17
4392rm8yilu0,21
4392rm8yilu0,29
4392rm8yilu0,19
398vsatgavqy,26
398vsatgavqy,3
zkae1sqznmfv,22
zkae1sqznmfv,19
zkae1sqznmfv,6
7g9spfl19946,24
7g9spfl19946,19
kq3ibkpt126n,17
2iqggyl8sopr,6
2iqggyl8sopr,2
5ar0c48ld0dr,13
a19t5os8pvuk,28
a19t5os8pvuk,5
c3exmmd5athq,10
c3exmmd5athq,15
c3exmmd5athq,22
d0aaa91fn1g4,22
d0aaa91fn1g4,3
d0aaa91fn1g4,11
cbumtsrpnm9e,3
wvpmmckyggj0,12
wvpmmckyggj0,17
wvpmmckyggj0,27
u4k2ackcxubg,21
g0vzzqkm86ko,8
g0vzzqkm86ko,2
wobrpp8oit60,22
wobrpp8oit60,2
lnqmh09rmndt,10
lnqmh09rmndt,26
lnqmh09rmndt,21
kme30a0ddbtr,27
6u5es6p5t8mm,6
6u5es6p5t8mm,4
s3oy3i4996cw,17
s3oy3i4996cw,1
cebytfn1wqvq,27
cebytfn1wqvq,8
cebytfn1wqvq,22
wkjxueucvz8j,28
wkjxueucvz8j,22
wkjxueucvz8j,4
dvnuylbi2cnk,20
5l010gav38ex,13
p4lj5nbsn7nl,14
c8ol1n67nprp,4
c8ol1n67nprp,5
c8ol1n67nprp,25
w1g42ljc1y6n,11
4wul9zeaqdzz,16
4wul9zeaqdzz,1
4wul9zeaqdzz,29
4ldfk0trcg3h,26
4av76o5lrklj,24
4av76o5lrklj,3
4av76o5lrklj,25
wy1u0c6hrxb0,19
wy1u0c6hrxb0,2
wy1u0c6hrxb0,4
f55tfk80f5st,18
t78upthh4xrw,19
t78upthh4xrw,21
t78upthh4xrw,18
9z2uym9osh82,16
9z2uym9osh82,23
g6jib72frvwq,27
nc2emdwfhzsf,1
nc2emdwfhzsf,24
nc2emdwfhzsf,8
zrjgwyk3k2mc,14
zrjgwyk3k2mc,18
4u4jx8kudrwv,27
4u4jx8kudrwv,8
4u4jx8kudrwv,22
jv30la85ytwb,15
jv30la85ytwb,1
jv30la85ytwb,7
3ea6w5nitwun,24
3ea6w5nitwun,6
pc41lwp8befz,15
pc41lwp8befz,21
pc41lwp8befz,16
thbzx2zws1rg,4
thbzx2zws1rg,23
thbzx2zws1rg,5
0pej8q4qlk00,3
542w6ohv21us,14
542w6ohv21us,19
36d01h2k718j,6
36d01h2k718j,23
b6y1tqs2xddr,6
b6y1tqs2xddr,29
b6y1tqs2xddr,18
edmq7f9igx8e,16
owms6xkofbcw,18
owms6xkofbcw,26
iejjz1adhgw2,19
iejjz1adhgw2,25
iejjz1adhgw2,22
x2b9hxt4m9q7,3
6iotfateok8a,6
jfjtktsuq34t,10
u19ws3qf1rgs,18
u19ws3qf1rgs,17
u19ws3qf1rgs,1
hit3hd69vh4w,4
hit3hd69vh4w,6
tzi3paqehp5q,27
0mmxyzdfyvcc,15
0mmxyzdfyvcc,5
0mmxyzdfyvcc,14
sj3imncn573m,1
sj3imncn573m,2
sj3imncn573m,26
jugyu1trdqdh,22
ssz9zaxzifwh,2
ssz9zaxzifwh,13
ssz9zaxzifwh,7
b4331tkr7eak,21
b4331tkr7eak,10
1wecmu5ifgta,17
1wecmu5ifgta,14
1wecmu5ifgta,18
gxghhvhit4r5,10
t69pgh727nwq,15
dcesiwi35f2g,25
dcesiwi35f2g,16
dcesiwi35f2g,26
dtn8j2ln3d7a,8
dtn8j2ln3d7a,26
1u30kayagj1w,17
1u30kayagj1w,19
1u30kayagj1w,16
lnsapvkjs3m0,6
lnsapvkjs3m0,13
lnsapvkjs3m0,12
h3c5qzkgwkam,8
h3c5qzkgwkam,16
kpl8xubk8f0k,7
vooa12ndl9i0,11
vooa12ndl9i0,2
vooa12ndl9i0,18
x0r8hpyls10h,10
5rvmfuduf754,25
5rvmfuduf754,15
5rvmfuduf754,7
yvdf939r6l36,4
yvdf939r6l36,10
yvdf939r6l36,28
qwoki7stvpxv,25
g3izm2ts6vqu,25
bcgfcclxqikt,22
bcgfcclxqikt,27
s0bq9mclrny6,14
s0bq9mclrny6,27
s0bq9mclrny6,2
4iyye0vbvw5w,16
4iyye0vbvw5w,28
4iyye0vbvw5w,12
l7u0gpeoizan,28
5wplpw6eq44n,3
5wplpw6eq44n,22
6t681drah7z1,12
6t681drah7z1,20
6t681drah7z1,11
wy1i0o2nmo41,20
gkak9ob93wis,5
gkak9ob93wis,14
nb7we8tmb9pu,2
nb7we8tmb9pu,26
nb7we8tmb9pu,14
te6352qzlswh,7
te6352qzlswh,17
te6352qzlswh,18
c64aj9zn23sw,19
c64aj9zn23sw,7
c64aj9zn23sw,5
ntx3u0qewmcf,2
ntx3u0qewmcf,22
zosn8u2m20fo,29
zosn8u2m20fo,21
zosn8u2m20fo,9
519ufmk33qp9,25
519ufmk33qp9,29
tdl98oq9s9n9,18
tdl98oq9s9n9,26
3lsxgrge0c14,19
lv1okwk4286b,18
lv1okwk4286b,4
lv1okwk4286b,3
nrz8hpwz2pt2,13
nrz8hpwz2pt2,26
nrz8hpwz2pt2,25
sp7yv7m40mo8,4
hjpeyeowumyn,3
hjpeyeowumyn,23
1scc0xa3g0bg,9
1scc0xa3g0bg,24
iz38qx5t0ygi,14
tvwekb6kk6kc,25
tvwekb6kk6kc,21
pvjf3wzivang,9
ne5fgx1yjy1u,9
ne5fgx1yjy1u,23
ve4qkcmxmoy1,17
ve4qkcmxmoy1,28
vwslbzpymqox,24
vwslbzpymqox,13
vwslbzpymqox,12
0bw5g5zlj356,18
0bw5g5zlj356,24
0bw5g5zlj356,17
wk9b1xchdpnq,11
wk9b1xchdpnq,25
z33gsi0f3qzk,16
goemymglfvl4,19
goemymglfvl4,24
g3o33c09ldxw,8
ne28w983w8p6,13
hpyhrf2uysq6,2
hpyhrf2uysq6,11
xuimrugd8gcd,2
xmnn37dtiy5h,7
ynjb8lcjswe5,14
ynjb8lcjswe5,21
60r92d2yijkl,18
60r92d2yijkl,10
60r92d2yijkl,3
br3gu73lot8j,1
l9at8srmbhzy,13
l9at8srmbhzy,15
l9at8srmbhzy,17
2xcg9ld7du67,23
2xcg9ld7du67,29
et8qpvr2zo25,25
et8qpvr2zo25,28
et8qpvr2zo25,27
rlx1iq7l0bio,18
rlx1iq7l0bio,3
rlx1iq7l0bio,12
0quscqp9rqgx,25
0quscqp9rqgx,22
0quscqp9rqgx,8
kfeoqdmfcqq4,11
93dgnztvwz8q,29
fs8vzpyvbjmp,20
fs8vzpyvbjmp,12
fs8vzpyvbjmp,16
khkf2jl2ltpx,22
khkf2jl2ltpx,23
khkf2jl2ltpx,15
4hb39yxq754g,16
4hb39yxq754g,6
h8ycp5acj6p3,2
a1he7e42vhlx,2
a1he7e42vhlx,18
a1he7e42vhlx,6
ufzao9dn4zq5,9
ufzao9dn4zq5,5
ufzao9dn4zq5,17
ewtbwhv2g5o4,21
ewtbwhv2g5o4,2
rzajrl1aqukz,14
id0ftl42byqt,13
id0ftl42byqt,21
id0ftl42byqt,15
drfcne73krbb,3
drfcne73krbb,6
drfcne73krbb,18
4zl6u1vne4ed,19
4zl6u1vne4ed,27
x2okmc1vbik4,23
x2okmc1vbik4,15
lpeytm1ls7wz,16
lpeytm1ls7wz,1
lpeytm1ls7wz,15
o47rtlyjiept,21
wbiqx4p6jxv9,29
wbiqx4p6jxv9,5
wbiqx4p6jxv9,8
s7wyr8sbp28r,10
s7wyr8sbp28r,2
s7wyr8sbp28r,27
mvp8rtgdchi1,4
mvp8rtgdchi1,8
eyvr45e010bg,20
eyvr45e010bg,4
eyvr45e010bg,3
yyz92kgza8r3,21
yyz92kgza8r3,23
yyz92kgza8r3,14
zfixc3yx815m,24
zfixc3yx815m,1
lmt3d7f9ud6l,4
8ow260vlruxg,3
8ow260vlruxg,14
m9z22lc3h44w,2
m9z22lc3h44w,11
a998u7pi8hy7,23
5k68mdtfcnen,19
if2toht2dpon,4
if2toht2dpon,20
jpc8hldgwp5x,18
jpc8hldgwp5x,7
jpc8hldgwp5x,29
virc50nglbi9,16
virc50nglbi9,14
virc50nglbi9,1
s2l80a78xfd5,1
s2l80a78xfd5,19
abmowip9eyx0,8
abmowip9eyx0,6
abmowip9eyx0,2
71fsu4kc5u4j,25
ztnlyw9pn2ci,17
ztnlyw9pn2ci,25
ztnlyw9pn2ci,10
qzbaegfuhxz2,6
qzbaegfuhxz2,26
qzbaegfuhxz2,21
wsu8sacczkvw,28
wsu8sacczkvw,25
wsu8sacczkvw,26
g6fhmf3b8gv5,22
g6fhmf3b8gv5,9
g6fhmf3b8gv5,7
m8q47nuf2yv5,26
yt1xccebj2w5,15
yt1xccebj2w5,10
yfskm7y5r9wy,11
yfskm7y5r9wy,22
zl395spxx5c2,17
zl395spxx5c2,24
zl395spxx5c2,21
bfv3skkxvth8,21
bfv3skkxvth8,28
bfv3skkxvth8,1
dp0sd6zede8x,3
r1t57doq8w4o,21
r1t57doq8w4o,28
vk42eazk4pls,22
vk42eazk4pls,3
a0ei7ajln63e,24
2ubp2yyrtncq,23
2ubp2yyrtncq,10
tyiagku89qkk,9
tyiagku89qkk,16
tyiagku89qkk,14
phehyasaqa9o,14
qf28pehooxpo,6
qf28pehooxpo,16
gut8ehezv2fh,25
gut8ehezv2fh,13
gut8ehezv2fh,24
ae5lphik5wyk,6
d2smtpl7ios3,12
d2smtpl7ios3,10
d2smtpl7ios3,2
gr466dweyt47,5
gr466dweyt47,12
gr466dweyt47,21
ykimejb4rjd2,10
ykimejb4rjd2,19
ykimejb4rjd2,3
uwflvdbdflg9,23
uwflvdbdflg9,10
uwflvdbdflg9,20
buyq8tnzi7pb,14
uz3eognr1uum,19
3p4rpvpsp5xu,23
3p4rpvpsp5xu,16
fu3059x16cfc,25
nda82ejlmcqw,2
4ukwgbsjvq6k,11
4ukwgbsjvq6k,19
9qwzk0x5i0z7,8
9qwzk0x5i0z7,29
9qwzk0x5i0z7,13
u458b4ieylq6,28
u458b4ieylq6,23
22g6l5jpp4yh,2
9d0wmchmubds,7
9d0wmchmubds,23
mdt1p0bhm01s,29
mdt1p0bhm01s,11
mdt1p0bhm01s,18
e7vsoifpe47r,21
e7vsoifpe47r,19
e7vsoifpe47r,14
7c24yjbjjufi,27
iigpjk0ehfne,23
iigpjk0ehfne,5
iigpjk0ehfne,26
mm476ukb7xc0,10
mm476ukb7xc0,29
mm476ukb7xc0,1
xisga51vmqk7,6
xisga51vmqk7,16
axp6hccpmo1p,23
7sjx0lzcmij6,12
fdsy1mzz1p5o,26
fdsy1mzz1p5o,14
3sosdg3nud1m,18
3sosdg3nud1m,20
3sosdg3nud1m,4
tb34eod3eu1p,28
tb34eod3eu1p,13
tb34eod3eu1p,19
mka78i4undlj,25
mka78i4undlj,11
mka78i4undlj,7
g54564yurscu,25
g54564yurscu,24
y0qtzo3xbtzh,1
y0qtzo3xbtzh,27
y0qtzo3xbtzh,7
h9p2vgcbeirg,23
h9p2vgcbeirg,20
h9p2vgcbeirg,2
18f5v5v2goos,19
18f5v5v2goos,6
55rolky53jqc,28
55rolky53jqc,12
55rolky53jqc,1
z7modur9k083,20
oeooi7x38tvd,3
umfi9cgtysti,15
umfi9cgtysti,16
umfi9cgtysti,22
nl8fzf0g2sqn,7
qcnj1ayn37sf,2
qcnj1ayn37sf,22
53nsnrfvz7ne,7
53nsnrfvz7ne,27
e2aswil0clhv,8
t4m3gjcjvlfc,27
36w2tcg14nuo,12
36w2tcg14nuo,21
36w2tcg14nuo,14
5dsm9m39dfj3,9
5dsm9m39dfj3,27
wm40qbk1wuf8,13
s30ir1mbmsv9,11
yckfisl7wnja,23
yckfisl7wnja,1
79xztajop3zf,25
79xztajop3zf,9
6lgug2mc4ge9,23
6lgug2mc4ge9,11
9g8tuvhtgm8v,25
fq36jwu45d7d,12
yaygamm57zs7,6
yaygamm57zs7,9
5cbvl6pktz1n,6
mp2xr41n0dhc,9
mp2xr41n0dhc,25
3242e14odtv4,29
3242e14odtv4,6
nie6mzj3l24n,2
nie6mzj3l24n,21
nie6mzj3l24n,9
vjvbe6v4norj,17
vjvbe6v4norj,14
vjvbe6v4norj,27
wcs18b9jz51x,22
wcs18b9jz51x,14
wcs18b9jz51x,9
bi6tuao3fhgd,24
bi6tuao3fhgd,19
bi6tuao3fhgd,15
t7thf3o4be4z,13
t7thf3o4be4z,25
buj60e7ia7ie,7
wpb5v2iz98j2,24
wpb5v2iz98j2,20
wpb5v2iz98j2,13
zb5s2o50tela,5
zb5s2o50tela,2
1h8r13orrc3t,19
1h8r13orrc3t,24
1h8r13orrc3t,28
tgu1jjnb1idd,18
tgu1jjnb1idd,5
tgu1jjnb1idd,23
f3b1962s1l7m,5
f3b1962s1l7m,1
f3b1962s1l7m,27
d64hfe3xgi44,15
hy23qxb1y751,7
3beg9m7wy2r6,4
3beg9m7wy2r6,14
3beg9m7wy2r6,15
d1bzitp4w7yz,17
d1bzitp4w7yz,16
d1bzitp4w7yz,18
b53ncu26nfam,26
i746l4mdfpbv,5
i746l4mdfpbv,22
vc46zafmvlz9,23
sa46pv48l738,27
sa46pv48l738,10
sa46pv48l738,1
uhjlg8kaflkh,17
44xkkrb6h95y,17
w3472g8hbnb9,16
w3472g8hbnb9,15
bnx2oxou8yr1,6
bnx2oxou8yr1,8
bnx2oxou8yr1,15
eq7qktyp171l,18
eq7qktyp171l,26
nbpb63p5owx9,11
fuinntipdi1x,21
fuinntipdi1x,19
fuinntipdi1x,6
d66hqivbhm24,21
d66hqivbhm24,24
ddncyidpwlv4,4
ddncyidpwlv4,19
2qm96im1no7y,16
2qm96im1no7y,5
nl17qw4o1drg,19
nl17qw4o1drg,22
0qn2r22koufe,21
0qn2r22koufe,20
0qn2r22koufe,3
w10ffaqhmfyg,28
w10ffaqhmfyg,26
w10ffaqhmfyg,29
6tplvvw6ob7b,5
mu3pi4cbx29o,27
y5s5uvkss1nb,10
y5s5uvkss1nb,4
wcfllwmffujj,29
wcfllwmffujj,4
wcfllwmffujj,1
hal9irkzyp7g,2
hal9irkzyp7g,5
hal9irkzyp7g,4
nlkkh2q68pit,1
nlkkh2q68pit,8
nlkkh2q68pit,2
bea0nmg22ykk,5
bea0nmg22ykk,6
krccg69562wr,2
krccg69562wr,6
krccg69562wr,4
hnkuiwys417u,24
hnkuiwys417u,2
vnh4vv6ppvq2,3
vnh4vv6ppvq2,25
hfrqk0uh7g0h,16
xlypry3j4ovu,24
xlypry3j4ovu,12
xlypry3j4ovu,22
v3t01hguvsdp,2
v3t01hguvsdp,7
v3t01hguvsdp,10
zldp0ot08p1v,23
zldp0ot08p1v,19
ywbh8xjfk5wj,24
3pdga6na2ohy,16
3pdga6na2ohy,3
jxbguvhtz4wh,18
jxbguvhtz4wh,23
jxbguvhtz4wh,1
338idb4io0u4,8
mdsvhvnv3cz4,22
mdsvhvnv3cz4,27
mdsvhvnv3cz4,25
nbjewi9zfxzg,19
nbjewi9zfxzg,29
xzt681si3ibm,3
i2spwh1fub0e,13
pry53goeaeq0,12
pry53goeaeq0,25
2nvqs7peou19,14
2nvqs7peou19,16
9nuniqnarzmu,6
9nuniqnarzmu,10
9nuniqnarzmu,28
71wf0adgmqlo,26
71wf0adgmqlo,11
ql3p7w1bvpfh,24
ql3p7w1bvpfh,18
husl5n8up9vk,26
ccelidaujf52,23
ccelidaujf52,15
zzi0ox29h687,26
zzi0ox29h687,5
0112mxlck3tj,6
41citd6076si,24
41citd6076si,19
mkhyetoqxdj6,10
mkhyetoqxdj6,23
p3x5o7mngxhf,7
26thdyb9vqso,3
1js96oc1v5bm,22
1ghuw6cgqv9f,4
1ghuw6cgqv9f,2
khuhysg3hqhh,27
0jy1gzci16dr,8
xxj4xhr9i2hi,6
xxj4xhr9i2hi,25
xxj4xhr9i2hi,4
rkpapykac0iy,21
rkpapykac0iy,13
rkpapykac0iy,4
4mqmb3jitsv7,25
4mqmb3jitsv7,10
q1rpuwpvstvi,21
q1rpuwpvstvi,5
68of3rzpebp4,22
68of3rzpebp4,20
68of3rzpebp4,16
8msfhidh5a3u,24
8msfhidh5a3u,3
8msfhidh5a3u,19
diablttyh26a,22
diablttyh26a,25
evntmz33rqx6,14
0341val5osvz,16
0341val5osvz,2
gd1k8r7ukw4e,20
gd1k8r7ukw4e,22
3qrzjsn7t0vq,24
1h412bh7nwer,13
gu4kndcv3fr4,25
gu4kndcv3fr4,3
gu4kndcv3fr4,26
1xfsdx52tmuq,9
czjdtio82q32,10
czjdtio82q32,25
czjdtio82q32,24
jr3x02l4ngfs,9
niszcezmklfr,11
niszcezmklfr,20
rxy1d7gt88dx,24
rxy1d7gt88dx,20
rxy1d7gt88dx,2
agejkseco5zd,3
haem9nu2gwk0,23
haem9nu2gwk0,15
haem9nu2gwk0,19
buwhegyef1bw,17
buwhegyef1bw,13
buwhegyef1bw,10
jn656uje961e,20
jn656uje961e,22
vxnhizwafwib,23
vxnhizwafwib,2
zmvofpsj9f1g,13
zmvofpsj9f1g,11
zmvofpsj9f1g,6
diit5b88okj9,22
diit5b88okj9,26
diit5b88okj9,28
84ckqwdsypjy,28
84ckqwdsypjy,11
hpxk6gsr730j,9
hpxk6gsr730j,18
hpxk6gsr730j,15
cj0qacopaly8,4
z30rt07786r9,10
z30rt07786r9,23
8cnekpjgt297,5
w81fwt353mv7,6
w81fwt353mv7,9
w81fwt353mv7,3
k76ijetux492,2
qh3rktmzn0qi,10
qh3rktmzn0qi,13
qh3rktmzn0qi,12
1jq361mlvexw,19
1jq361mlvexw,2
cgkdakco91kh,16
ohc7arwf8jzf,6
ohc7arwf8jzf,2
ohc7arwf8jzf,16
299ojvhe3pcv,8
299ojvhe3pcv,6
mwed5xt1leo6,18
hysi3ehcc5q3,26
hysi3ehcc5q3,6
hysi3ehcc5q3,23
d59wgj8snng1,16
d59wgj8snng1,24
tzddmg5idg0s,3
tzddmg5idg0s,5
bmfhm8zt3wf9,13
bmfhm8zt3wf9,28
bmfhm8zt3wf9,4
d6ui9gwz7j8s,28
80crah3e68ss,18
80crah3e68ss,24
g23xwxst3inw,21
g23xwxst3inw,10
ny23slql4l4x,14
4jkmkep77d3k,20
4jkmkep77d3k,2
7bcpect9vfa9,27
7bcpect9vfa9,29
7bcpect9vfa9,25
88mdrecyhx3t,15
88mdrecyhx3t,17
l02kwjwms38d,3
l02kwjwms38d,7
2ks17vpr34rv,4
2r93w4dbde7c,5
2omz34jycvz1,20
4qtl9j3gqoge,8
4qtl9j3gqoge,14
4qtl9j3gqoge,20
c9bc2gcqa761,25
c9bc2gcqa761,5
c9bc2gcqa761,28
qsym5lh0kra2,13
qsym5lh0kra2,17
owo74juy7gvp,5
owo74juy7gvp,13
cfm8137slxfo,23
hg5b2snbiwbe,1
hg5b2snbiwbe,28
hg5b2snbiwbe,4
e0jfidorbhi9,7
unk216c0ggem,16
unk216c0ggem,4
unk216c0ggem,2
c3cfr2fxrkcn,12
atd87n7ohik4,14
ibafml29bvol,23
ibafml29bvol,28
ibafml29bvol,9
6bic62w9kayi,27
6bic62w9kayi,9
iydqruqyvtio,3
iydqruqyvtio,17
iydqruqyvtio,13
tw5ocuje43b1,25
tw5ocuje43b1,4
7tcjiy889m2s,8
hrq8xmk5iebf,29
rfzi5z9rbveo,26
rfzi5z9rbveo,25
fb5dmmx0q7wm,12
wg7ysseep6aw,23
wg7ysseep6aw,16
wg7ysseep6aw,20
2fyf0plqgufb,7
2fyf0plqgufb,1
2fyf0plqgufb,11
ddz6mekh363w,7
xwxo63b1898n,17
xwxo63b1898n,11
xwxo63b1898n,23
zy2iv4ymo6te,12
c7oi2ice1q97,17
c7oi2ice1q97,1
fv4wnjld83bd,14
typki8hlsgbr,28
typki8hlsgbr,5
omprlcfmdznb,16
236k2llwto2w,29
tlqa3chvw8jj,27
tlqa3chvw8jj,12
tlqa3chvw8jj,23
152t39styws0,8
152t39styws0,12
152t39styws0,4
b6o7z8j3xpx5,2
6czgqzw6lirt,18
6czgqzw6lirt,25
6czgqzw6lirt,11
r1z3g0n77qcb,26
r1z3g0n77qcb,7
m89y38y7vc1c,18
m89y38y7vc1c,24
m89y38y7vc1c,19
meub3b2xggn2,10
meub3b2xggn2,5
meub3b2xggn2,13
tqnhh7uqomdd,28
tqnhh7uqomdd,19
g7cgbm2uj0rq,2
g7cgbm2uj0rq,5
g7cgbm2uj0rq,6
1v3a05km216l,24
wx92zlbv3obp,8
wx92zlbv3obp,11
wx92zlbv3obp,22
xpy786zu3wld,9
nlkw159as3oc,9
nlkw159as3oc,3
itd0375594tz,8
itd0375594tz,17
0vool0rzb8h2,13
9h6jsbsyubg6,7
d2mcktcc2jk9,24
d2mcktcc2jk9,8
oqnfmd3422is,8
xssw6aue9x83,6
xssw6aue9x83,19
q813yy8k836j,29
q813yy8k836j,3
5ozv9og7bwkj,26
5ozv9og7bwkj,3
u17tswjas4yh,15
u17tswjas4yh,10
u17tswjas4yh,9
alixdgwjx08s,1
alixdgwjx08s,27
sww8voppgpi3,6
3j5bfxzutg8r,13
3j5bfxzutg8r,6
svfmvpsx1wng,28
svfmvpsx1wng,7
svfmvpsx1wng,1
aopeeyapic3e,1
aopeeyapic3e,8
aopeeyapic3e,2
or2b2nvk2rni,21
or2b2nvk2rni,23
or2b2nvk2rni,7
6s6tbbv960x0,27
6s6tbbv960x0,19
6s6tbbv960x0,9
cfiiu9iuphpc,6
cfiiu9iuphpc,15
cfiiu9iuphpc,19
hnvayotylgox,5
1ktue59zhdk6,9
70q40yqajl7o,12
2liflb0gpns4,21
ro3afl7bph13,26
ro3afl7bph13,29
ro3afl7bph13,17
v86w0tmkv053,25
v86w0tmkv053,19
v86w0tmkv053,24
932nvwbzn6op,21
08gk03nk307l,1
08gk03nk307l,23
08gk03nk307l,18
48ktjux488eq,28
48ktjux488eq,6
eusfudtuic9l,8
eusfudtuic9l,10
eusfudtuic9l,3
o4o268f14y64,10
oqeqn9p5ga78,25
oqeqn9p5ga78,20
oqeqn9p5ga78,12
rz69y26r9vt1,12
rz69y26r9vt1,16
rz69y26r9vt1,5
6h887kmr61el,8
818smavamc6d,14
hec8z281z8ff,13
x2w75mj81px4,2
puihmbegxun6,27
lohvuqu76nd5,29
lohvuqu76nd5,5
1cw8d1dmycy9,14
1cw8d1dmycy9,2
1cw8d1dmycy9,22
r4mdmloc5fio,12
r4mdmloc5fio,18
aa25f5snehs8,26
aa25f5snehs8,25
aa25f5snehs8,20
b9atsfkouh3c,15
e66bpir7mlte,23
r40x6ygcqphb,15
24poeaow0k4h,19
vyhdhz1mdcxx,1
vyhdhz1mdcxx,4
vyhdhz1mdcxx,6
oawbux965i78,18
oawbux965i78,3
2gacgljmeito,11
y4g6tp8pk2bt,15
y4g6tp8pk2bt,17
zffwgre2ka9d,21
ojtt4rfxqoq9,26
ojtt4rfxqoq9,3
tmv5bi38dsu9,10
tmv5bi38dsu9,28
tmv5bi38dsu9,26
wb6t9dky982g,13
wb6t9dky982g,29
wb6t9dky982g,23
q2k0ok0184qr,10
q2k0ok0184qr,23
gvumxv6k3zso,8
gvumxv6k3zso,27
4cyw02jy3vem,13
yymnj22qz6sa,10
yymnj22qz6sa,2
yymnj22qz6sa,19
0hngzaunls91,5
0hngzaunls91,29
0hngzaunls91,19
hc7trsludqoq,23
kk686q4rhlkt,4
kk686q4rhlkt,3
kk686q4rhlkt,27
4pw5b5v2xqs4,4
4pw5b5v2xqs4,7
4pw5b5v2xqs4,12
h0igwjprwmss,13
h0igwjprwmss,10
h0igwjprwmss,7
4f6ill44x5v6,3
4f6ill44x5v6,20
1nu7lgm10e4h,2
1nu7lgm10e4h,7
xb1yh2nmzn15,14
xb1yh2nmzn15,17
xb1yh2nmzn15,22
rs8nl80do0e9,5
vmshd2l5dzry,12
vmshd2l5dzry,24
7yx6h9qwc5jr,13
7yx6h9qwc5jr,4
twapr5cqp5ny,28
twapr5cqp5ny,7
twapr5cqp5ny,10
3nhxkfxcvkm7,22
4guypzww3zes,28
n7sejqxfhhcb,19
n7sejqxfhhcb,17
roj0kkjfpsr4,22
roj0kkjfpsr4,8
roj0kkjfpsr4,15
ltu0hzd4yeui,7
3g0a176x77pm,8
3g0a176x77pm,15
3g0a176x77pm,11
omd37pljrdez,4
37y4b8eoqqpi,26
ia49dgbzlonf,18
ia49dgbzlonf,13
v8rzl35p2flc,12
d1z9ib26to7d,8
4s2blg4d16ei,15
4s2blg4d16ei,23
nv1xgpay97oz,16
nv1xgpay97oz,19
nc2b8nuedquw,1
nc2b8nuedquw,6
nc2b8nuedquw,5
c2qjw4hlkcaa,26
c2qjw4hlkcaa,27
kzvhefmp1kwo,26
kzvhefmp1kwo,28
kzvhefmp1kwo,14
41h5k1l78h0j,18
xk29h3tayazn,29
xk29h3tayazn,5
xk29h3tayazn,3
bvgb3plfwkm7,17
84tn7lqfnu8v,20
s58ubf3gn3vg,6
kn3xpt379ynn,5
kn3xpt379ynn,9
kn3xpt379ynn,1
o7beersoy5hj,3
6hslh34ba7rn,14
6hslh34ba7rn,28
s8eymn6c9jx0,14
s8eymn6c9jx0,6
s8eymn6c9jx0,10
gub4n7ptsifg,29
gub4n7ptsifg,9
iostjsu89rj6,17
iostjsu89rj6,18
iostjsu89rj6,14
1s16pzvn3sew,24
1s16pzvn3sew,15
i383vvozn4n6,24
ogmnkf9cu00m,1
ogmnkf9cu00m,5
ogmnkf9cu00m,14
ax706hh47tg3,28
ax706hh47tg3,17
abbhtt62u3ab,8
abbhtt62u3ab,14
2qirqmjfsew0,24
2qirqmjfsew0,18
2qirqmjfsew0,2
g91agjwms745,23
g91agjwms745,19
l176ybmi7kxj,9
l176ybmi7kxj,17
l176ybmi7kxj,20
u31d3mf67uhe,10
u31d3mf67uhe,17
hrrku5yco5un,17
o963212xtu9u,29
o963212xtu9u,13
emwvi9c2i8bg,26
emwvi9c2i8bg,3
4bbtpkdktdv5,9
4bbtpkdktdv5,12
4bbtpkdktdv5,29
w31sk4zes8jx,12
w31sk4zes8jx,22
m5xyc6kb0t60,8
m5xyc6kb0t60,14
m5xyc6kb0t60,15
au4vns6dny6q,6
pzdjexbz6sob,9
pzdjexbz6sob,2
pzdjexbz6sob,28
1r9dyr0ikwak,4
1r9dyr0ikwak,24
1r9dyr0ikwak,9
w0xg5pzgq6rr,17
w0xg5pzgq6rr,13
w0xg5pzgq6rr,29
6kv7rvyd1ekk,11
6kv7rvyd1ekk,22
6kv7rvyd1ekk,26
fw58tjh465dd,16
ap3e0s3txxc5,10
6rfbd3t2d6vo,12
6rfbd3t2d6vo,22
pxfsng862y9s,20
pxfsng862y9s,27
pxfsng862y9s,14
lkodgkp745nu,8
lkodgkp745nu,29
lkodgkp745nu,3
5q4wb0un7lx2,1
5q4wb0un7lx2,20
5q4wb0un7lx2,22
8mv76ogf504z,17
8mv76ogf504z,5
s9rjfwr14g89,8
9jn674ytody9,26
9jn674ytody9,6
9jn674ytody9,9
mlyz7024yg7q,24
27w2t0eudwzl,8
27w2t0eudwzl,5
27w2t0eudwzl,17
yctc6an7iujp,23
yctc6an7iujp,7
zaeno1238up8,10
zaeno1238up8,25
94p62lsbc2yo,27
94p62lsbc2yo,8
94p62lsbc2yo,14
rzzf7zsy05yj,17
rzzf7zsy05yj,27
rzzf7zsy05yj,3
s01ehyqj3u1a,14
uvew2ylxjq3o,17
uvew2ylxjq3o,6
gixmu8a1d9fm,18
giou7o487enr,6
v007ji0m415g,20
v007ji0m415g,13
nlb8020ppur0,2
0ev56utcb8qm,6
0ev56utcb8qm,8
0ev56utcb8qm,7
ialhkme7pli6,14
ialhkme7pli6,28
rjuq65bm97zj,24
rjuq65bm97zj,11
rjuq65bm97zj,15
jpzbjoi6ln15,9
jpzbjoi6ln15,14
ftfs01qbgyjc,23
e64i4z8hxwa6,8
jexg3hwip8ek,18
jexg3hwip8ek,14
jexg3hwip8ek,23
p7ajrzmjhmfn,10
p7ajrzmjhmfn,7
p7ajrzmjhmfn,24
atarahr54s70,14
febtqko9uooc,10
febtqko9uooc,4
pa8am538m4bf,27
pa8am538m4bf,29
pa8am538m4bf,19
sgfse6bx5qf6,8
sgfse6bx5qf6,2
sgfse6bx5qf6,20
lztvhv7o01el,14
lztvhv7o01el,13
lztvhv7o01el,10
w7qvnr9u6kvg,1
w7qvnr9u6kvg,7
w7qvnr9u6kvg,16
v2du41xbl90c,19
v2du41xbl90c,16
6mn94oq3f40z,25
6mn94oq3f40z,9
6mn94oq3f40z,24
at6a0xr67uyj,27
at6a0xr67uyj,20
e0cxigmtz1aj,24
e0cxigmtz1aj,22
e0cxigmtz1aj,1
0b9rmql0h3zv,7
0b9rmql0h3zv,18
ii1wx06y5teu,11
6g8tk8lg0l3t,28
6g8tk8lg0l3t,29
6g8tk8lg0l3t,15
rtj3d8dq6mhi,14
eixaej1gyh7z,7
srbyyckp4nge,9
srbyyckp4nge,5
qqufgo794rwf,28
qqufgo794rwf,19
qqufgo794rwf,29
0q03cg390bhq,9
0q03cg390bhq,18
0q03cg390bhq,3
67ga6g47gsnz,15
k4h6fsqdgky6,9
9abgtmd1zkji,21
9abgtmd1zkji,12
i7y1wzd8qsz9,10
i7y1wzd8qsz9,15
i7y1wzd8qsz9,6
5p1h42jkiwdr,1
5p1h42jkiwdr,11
a7zspff6lynx,13
25bt3cbil3gl,1
m2pnsn6bf2ha,4
m2pnsn6bf2ha,23
m2pnsn6bf2ha,5
ld9v2smiaeop,26
1rqljiu7lrex,22
1rqljiu7lrex,20
1rqljiu7lrex,6
f35w9xyrs6l3,6
gckjezk0tefr,11
gckjezk0tefr,27
gckjezk0tefr,4
tcrgsc8s742t,26
tcrgsc8s742t,15
f6a1zae4chmb,28
0ncghzaoxl1o,29
0ncghzaoxl1o,19
0ncghzaoxl1o,14
1bsd0pb9uund,14
1bsd0pb9uund,19
vifsn399vl8s,26
vifsn399vl8s,25
vifsn399vl8s,17
vmnd031iobg0,5
vmnd031iobg0,2
enj4nrow7gte,22
7es9vd1uceqc,19
7es9vd1uceqc,17
7es9vd1uceqc,9
5ol3gjewrs2f,4
73zqxa3vnlhl,26
73zqxa3vnlhl,24
73zqxa3vnlhl,17
2w2y23pcycay,29
h27hzad9tims,14
6y6wrzcg4lrs,2
6y6wrzcg4lrs,3
6y6wrzcg4lrs,20
ahqgcm9sphvp,28
ahqgcm9sphvp,22
ahqgcm9sphvp,14
bq87g2zu83pl,3
bq87g2zu83pl,7
bq87g2zu83pl,2
z4bp28pcr1e5,4
z4bp28pcr1e5,1
z4bp28pcr1e5,29
qif35nszeft3,16
qif35nszeft3,28
qif35nszeft3,17
gchufiek8p7w,17
01dyxtt5tubr,10
ct9h21jajbvt,7
ct9h21jajbvt,20
uecyuzuomunr,29
k2o9wbnmebfc,22
k2o9wbnmebfc,11
k2o9wbnmebfc,16
dyn81jqxxcdp,13
dyn81jqxxcdp,22
qbgdsxg0chdm,4
qbgdsxg0chdm,6
i6ug0uzp6bq1,15
77x1p3vuqqwk,19
q9auwyl8ljnk,4
q9auwyl8ljnk,24
q9auwyl8ljnk,16
np5pl7wm0f7y,28
ptt3pyj8y0b8,5
ptt3pyj8y0b8,16
lt9clz4lcewp,26
vus11zr1vqvh,3
mfnc323niwa4,11
8ggpi3xr8yqg,27
8ggpi3xr8yqg,15
8ggpi3xr8yqg,7
qfcpjcrstvf0,9
th22e4s1kvac,4
0cd8ztjdq57w,8
s5zfnut7x6j4,2
s5zfnut7x6j4,20
s5zfnut7x6j4,7
bsm0el8ocr7b,24
bsm0el8ocr7b,29
m8x5vkb8s8ie,21
m8x5vkb8s8ie,20
irvsz518x8ce,20
irvsz518x8ce,26
tu4llsshbeik,10
tu4llsshbeik,29
tu4llsshbeik,26
9ftgdqup6sm0,23
9ftgdqup6sm0,27
ssman33k1xf4,8
ssman33k1xf4,10
ssman33k1xf4,18
nzgmg6617ppi,12
epraykhwa5gn,20
epraykhwa5gn,16
epraykhwa5gn,6
jhecl4n8zx0k,22
jhecl4n8zx0k,24
jhecl4n8zx0k,7
cff6vyla7zv3,15
cff6vyla7zv3,4
cff6vyla7zv3,10
rhsfz6qttjim,22
rhsfz6qttjim,18
rhsfz6qttjim,13
atlyh56qlppj,2
atlyh56qlppj,17
uz1ah0dqa5co,1
uz1ah0dqa5co,28
j5ej72dgxzxl,8
6bykwhimz6as,17
ffc73otcxgj6,21
pq1fpmu7mnuv,1
x7s4qw8lwspq,29
k4ydqf77h477,19
k4ydqf77h477,18
f712xts5yn1k,16
f712xts5yn1k,15
6ypv6b6ei6ol,26
6ypv6b6ei6ol,22
9d2ntuzetml9,21
loz04invxddf,10
w9arlh6qx04b,24
0qr2xa70a6vt,3
0qr2xa70a6vt,15
0qr2xa70a6vt,18
tdbi5d79xuaz,18
37dpa5evn16b,2
37dpa5evn16b,23
nfca4wvwoh96,24
nfca4wvwoh96,14
nfca4wvwoh96,5
bpot9pr0tgqj,22
bpot9pr0tgqj,29
bpot9pr0tgqj,8
2op9vstjo8zx,10
2op9vstjo8zx,23
wop6z9u3kua2,8
wop6z9u3kua2,15
wop6z9u3kua2,5
a6ksahikuog7,25
a6ksahikuog7,11
bj28kyfvv976,17
byw2wyxw6218,26
byw2wyxw6218,23
byw2wyxw6218,15
z01xfsqz6kpd,10
26kq3u6zzqxw,1
26kq3u6zzqxw,5
3b4bnvf33l40,14
3b4bnvf33l40,2
n6tpbhs6cupo,3
n6tpbhs6cupo,1
1khkf6j5opqu,12
tue3x66tzsts,18
tue3x66tzsts,19
pq9ge58ym26l,2
pq9ge58ym26l,15
pq9ge58ym26l,23
ei88nfu83s11,23
ei88nfu83s11,22
ei88nfu83s11,8
g7vp6i1ji16w,29
g7vp6i1ji16w,4
a88v3h2x3ro5,23
a88v3h2x3ro5,20
a88v3h2x3ro5,8
x9hckyobqen6,11
kdoxwf94bjjb,10
kdoxwf94bjjb,23
kdoxwf94bjjb,27
g44wk11xq129,20
aykq0est2hoh,16
aykq0est2hoh,25
rtm1aw64ct9w,4
rtm1aw64ct9w,5
88a8w97hzaw3,25
88a8w97hzaw3,3
88a8w97hzaw3,18
fs5b8s65xjey,8
hajcxlvmyt89,20
e2d6xboi8rvl,6
e2d6xboi8rvl,15
j41pecsvye6p,4
64tzr0zu6vk2,19
r9wod1d883oe,8
r9wod1d883oe,29
jjof1p6oznav,7
jjof1p6oznav,26
jjof1p6oznav,25
kq56uol3gmqs,27
kq56uol3gmqs,29
mu6ro7fzso0j,19
mu6ro7fzso0j,28
mu6ro7fzso0j,15
3qiysln78ycu,25
3qiysln78ycu,6
3qiysln78ycu,28
va0llblvgbvf,3
va0llblvgbvf,1
wjhc39mema2l,4
wjhc39mema2l,26
wjhc39mema2l,9
d4nje3rnoybn,17
d4nje3rnoybn,16
d4nje3rnoybn,28
bi0hjctyaxq3,24
ufnqtoly4eq2,27
ufnqtoly4eq2,9
75zc6allhfpj,18
75zc6allhfpj,14
6117d5mmonm0,16
6117d5mmonm0,9
6117d5mmonm0,6
t4qmbuw5fhlh,17
t4qmbuw5fhlh,4
t4qmbuw5fhlh,5
t0l4ct3h34x7,6
nbm74ao5tbka,22
nbm74ao5tbka,11
nbm74ao5tbka,8
6r8pmt6s6y4a,13
6r8pmt6s6y4a,6
sza00zzeywhd,19
iejzqdl8fzva,22
4mt41a6qhl2j,20
4mt41a6qhl2j,2
4mt41a6qhl2j,8
eu1shz96ofgs,10
eu1shz96ofgs,4
eu1shz96ofgs,27
ew5t312ne1xx,7
6xkj7o01mnky,17
6xkj7o01mnky,28
6xkj7o01mnky,19
6ms0w82excqa,9
telvofkk9ans,21
telvofkk9ans,26
a8bejrty7w9v,3
a8bejrty7w9v,20
lzk2dwjj8fpr,28
lzk2dwjj8fpr,4
lzk2dwjj8fpr,17
qs69cb6tara2,18
qs69cb6tara2,17
qs69cb6tara2,8
8mt2sczok7oy,22
8mt2sczok7oy,9
4rjsippqhp0r,25
4rjsippqhp0r,29
4rjsippqhp0r,21
q69tdikfqe4u,4
qb8dgpkyufoc,19
z5iwbhe9kjvf,16
z5iwbhe9kjvf,14
z5iwbhe9kjvf,10
zrl06iiw4vhd,23
zrl06iiw4vhd,3
6af77bg48e2b,4
6af77bg48e2b,11
732hr1aerx7p,6
5poqolofp0h5,25
enko7bzfsfd1,2
zl68yhjzz2jr,27
15vfg4i9lg2g,15
n7ojiicpwqha,10
sdr8y2aw909u,15
sdr8y2aw909u,22
v4om52fcatm4,18
v4om52fcatm4,8
v4om52fcatm4,3
ckhrqd08bg92,15
ckhrqd08bg92,14
jkyt0drtioo5,3
yxlnb7vdr4e3,11
yxlnb7vdr4e3,4
yxlnb7vdr4e3,17
i099eedhinlq,28
l8ehdxxqs6a6,24
d78nkrmb4gdg,3
rd1cx34trbta,27
rd1cx34trbta,7
rd1cx34trbta,15
k5am694pzxo8,5
k5am694pzxo8,16
k5am694pzxo8,1
f0rs8k7pbl6z,19
f0rs8k7pbl6z,29
f0rs8k7pbl6z,13
7sx2ryphxog9,20
7sx2ryphxog9,9
7sx2ryphxog9,19
b4nx5j4m9t6i,19
b4nx5j4m9t6i,11
b4nx5j4m9t6i,16
ft8a89y03w6d,6
ft8a89y03w6d,1
un75wf7lcsfz,16
6h3j8kuxcznf,2
6h3j8kuxcznf,25
rp1jojqeoxz8,9
rp1jojqeoxz8,14
pzrovb3e46fr,20
pzrovb3e46fr,29
pzrovb3e46fr,23
2kkhmi0envie,27
2kkhmi0envie,3
cbq929k1tk4m,25
cbq929k1tk4m,23
cbq929k1tk4m,6
xtiwk6438uv7,3
wrjr7n970pvn,11
940kpzb1fpjp,5
940kpzb1fpjp,16
9hb0guu1ecl8,28
9hb0guu1ecl8,14
7zw3on0ohvo9,8
7zw3on0ohvo9,3
7zw3on0ohvo9,25
qbjlx0sparpi,12
prrsez8j160w,14
prrsez8j160w,26
prrsez8j160w,18
j87sli7in3w3,9
j87sli7in3w3,19
j87sli7in3w3,3
7jif3rop9hfm,27
1yehydiai77g,2
xb9i4u4nkhmk,12
xb9i4u4nkhmk,9
e9ccyjdrfnj4,21
e9ccyjdrfnj4,6
csfj0u0274dr,10
csfj0u0274dr,4
csfj0u0274dr,18
083pvy1q3wvd,25
t3sxlfbg3i9x,17
t3sxlfbg3i9x,18
h4btj68pyn9j,26
9w3vc7rrohr2,7
9w3vc7rrohr2,8
9w3vc7rrohr2,27
ahs2dds4a5vf,11
ahs2dds4a5vf,4
4chlrabpvnlb,23
4chlrabpvnlb,10
4chlrabpvnlb,13
ifr03lxgzscr,20
ifr03lxgzscr,23
ifr03lxgzscr,9
33nesc887dk9,8
22v9bixhidg0,11
22v9bixhidg0,13
5lok7fkismq0,28
5lok7fkismq0,22
5lok7fkismq0,17
jk3v2lufm58g,28
jk3v2lufm58g,17
jk3v2lufm58g,4
22w19kpfp2ka,22
22w19kpfp2ka,23
3cer2sjrbzlg,28
3cer2sjrbzlg,23
3cer2sjrbzlg,5
ukrums9szr41,24
lptaw0i58suj,13
de7m89pbcdqo,1
de7m89pbcdqo,4
de7m89pbcdqo,2
1zzbqyvrotlt,6
1zzbqyvrotlt,20
q2veqcdnpmdj,14
fghneztulojf,18
fghneztulojf,14
fghneztulojf,7
19nfq93x7tbi,26
nabofohp7pue,11
pp350vrypbw6,1
pp350vrypbw6,16
4osx1rx05q97,27
mqjbk9l4y4fh,12
mqjbk9l4y4fh,23
mqjbk9l4y4fh,11
ibgk9xh4m1pk,27
ibgk9xh4m1pk,22
3c1m4ku9xz3v,16
3c1m4ku9xz3v,20
ls7zv4haehzk,9
ls7zv4haehzk,11
ls7zv4haehzk,28
sxvzdcuixdqn,9
sxvzdcuixdqn,2
ubbluiosuftl,5
ubbluiosuftl,14
1p2ujzpyv536,19
1p2ujzpyv536,23
h8sy73gqilhs,7
h8sy73gqilhs,3
2mgdmfzfcyn3,20
2mgdmfzfcyn3,8
da45doveqt77,22
da45doveqt77,8
da45doveqt77,11
3zzwm70ztb9n,13
3zzwm70ztb9n,1
lz6bomsrqol4,4
lz6bomsrqol4,14
lz6bomsrqol4,9
vw7tokhy1g80,6
16kqif8lehd2,3
16kqif8lehd2,13
5anw62s9mp5e,15
5anw62s9mp5e,13
a4dssi4gs3pk,22
i8ymti6tu82a,12
i8ymti6tu82a,29
i8ymti6tu82a,18
xs5ouvv5949p,20
np3gwsxpq1a8,17
np3gwsxpq1a8,6
katctn607ym6,9
katctn607ym6,20
ta384wisc9rw,29
zr74rmd8vm7t,13
erlnmoe50aig,1
erlnmoe50aig,27
8kmf6iwx9w6r,7
0l5wfo3cyogk,15
0l5wfo3cyogk,6
q0pr2o1qvpll,6
q0pr2o1qvpll,3
fris4txbphml,5
fris4txbphml,19
fris4txbphml,12
tlenmalj8f84,10
tlenmalj8f84,18
khkql8sp6cre,24
khkql8sp6cre,27
khkql8sp6cre,21
g36irgytuj6l,1
g36irgytuj6l,22
g36irgytuj6l,2
wdvg2jv4hqyk,9
wdvg2jv4hqyk,4
wdvg2jv4hqyk,11
3zlsrse1fppn,21
3zlsrse1fppn,6
3zlsrse1fppn,24
ckpz1sol3awf,3
y55vd3rsba1b,4
y55vd3rsba1b,11
y55vd3rsba1b,9
l7c41z29ewn0,17
l7c41z29ewn0,13
yi5fbzo9xgkq,14
3ql9gaps7lue,18
3ql9gaps7lue,16
k21r07ypw81e,28
4gp9xoidp2x6,3
4gp9xoidp2x6,24
4gp9xoidp2x6,11
ca99hg6h26wg,13
ca99hg6h26wg,4
ca99hg6h26wg,17
7o0li6ka9q19,13
7o0li6ka9q19,25
pv2unh3mmadj,8
y52i5lp0otr0,6
y52i5lp0otr0,14
iv621bltmegc,15
2x6pap1ma1ap,8
2x6pap1ma1ap,29
n8p8fer1bzi3,29
bbv8bmn0elpd,24
9xitvolo04uz,20
9xitvolo04uz,10
u2wu6u9xqji2,7
u2wu6u9xqji2,16
t9nhjvo2hgcr,13
9200tisiible,11
9200tisiible,24
stld5wqfdftk,7
oy6dczpbyw7u,12
oy6dczpbyw7u,16
vl202sukmz3x,12
vl202sukmz3x,26
4xso50y3h7o1,17
4xso50y3h7o1,5
4xso50y3h7o1,18
p1novqhfy34c,25
hgauxelco4n6,28
hgauxelco4n6,18
i68tr6w0g48l,23
i68tr6w0g48l,8
mbw0j3grmf1b,20
mbw0j3grmf1b,11
otxk0hx2srgl,28
xhthliijd49m,6
i8l7554oahlq,12
azcs6ufftzap,27
d0gkk34k5gmr,23
d0gkk34k5gmr,6
d0gkk34k5gmr,21
aay56lg6l66r,1
aay56lg6l66r,5
aay56lg6l66r,20
2k5cvhzsquad,3
2k5cvhzsquad,7
2k5cvhzsquad,28
mnqf2t4pxkxs,14
cfwkgz51vj7u,24
64zv32dehw7z,5
64zv32dehw7z,10
64zv32dehw7z,7
bkmtyr4imtcf,15
bkmtyr4imtcf,4
gvq55syh516g,18
gvq55syh516g,8
gvq55syh516g,28
omhtiusu7ny9,22
omhtiusu7ny9,7
omhtiusu7ny9,25
y2gjzqbg3fyy,1
zmzu3xg62q40,3
qav29tj6snfc,15
qav29tj6snfc,3
24g3jd009ne2,2
erc9z6lsmoy1,24
erc9z6lsmoy1,1
erc9z6lsmoy1,4
9wwidus6dfb6,28
t6xxv969n4o0,28
t6xxv969n4o0,3
uaqxqn90lr1a,19
uaqxqn90lr1a,22
36t6ahu4vs4a,22
36t6ahu4vs4a,6
xg8nzsr1lkli,29
m1u22ru00t1s,1
m1u22ru00t1s,22
vkyowrriqz3q,13
vkyowrriqz3q,8
k4i9qdr7hqlm,19
k4i9qdr7hqlm,5
4wdq0yfs6x7u,10
4wdq0yfs6x7u,25
4wdq0yfs6x7u,9
f6r0ds8afno0,2
f6r0ds8afno0,8
96mglr50kh7q,23
r01k5s98l45i,26
r01k5s98l45i,20
r01k5s98l45i,3
i1lm0jlwkhlv,1
i1lm0jlwkhlv,3
bj1aj75r689j,29
bj1aj75r689j,16
2gcd91wfksb6,21
d3grmuf692lb,23
d3grmuf692lb,15
d3grmuf692lb,9
li3t122dg6ns,25
dqs84texkemi,25
dqs84texkemi,29
6rn8zf028x3u,16
it81gy7n09gi,25
it81gy7n09gi,20
1tk9vw82cgq5,10
1tk9vw82cgq5,12
1tk9vw82cgq5,17
1old683f68he,8
1old683f68he,21
1old683f68he,16
ziohwh8v4tqn,2
ziohwh8v4tqn,27
ziohwh8v4tqn,23
gdb8z9n0thiz,17
gdb8z9n0thiz,10
bpif49mfsbsn,29
bpif49mfsbsn,10
y4ydd9xahm2d,16
y4ydd9xahm2d,10
y4ydd9xahm2d,24
wh8tdkgkwxti,5
wh8tdkgkwxti,15
wh8tdkgkwxti,18
oennk3efj6hj,17
fendv0tqtevc,7
a3jdzgb9y4gb,6
a3jdzgb9y4gb,11
ze2kjcf1bv9w,29
ze2kjcf1bv9w,20
3jnrxhn3hbgf,29
3jnrxhn3hbgf,26
3jnrxhn3hbgf,9
ich68i2gpwl4,1
dc701k3di921,8
dc701k3di921,4
dc701k3di921,11
htgjhrexrd08,11
htgjhrexrd08,15
htgjhrexrd08,24
7d742af34q20,16
33wqanmyfr7x,4
e4d05mcrnt1s,1
e4d05mcrnt1s,18
in12hd96o7sv,10
ivy5wow96gkv,29
ivy5wow96gkv,6
ivy5wow96gkv,19
3n4bm9uo3dbs,3
92f928rncw9s,24
92f928rncw9s,27
5z0an97sx7xz,9
5z0an97sx7xz,12
czhkci1z5uea,9
czhkci1z5uea,29
czhkci1z5uea,10
5h5rq9y327d5,27
m4fql2cdw9uc,14
lroyguncbvq6,24
adrsrnjpk8ch,15
adrsrnjpk8ch,25
adrsrnjpk8ch,10
cipal1p6cjve,27
cipal1p6cjve,20
cipal1p6cjve,17
t1rdlngdgoz1,15
t1rdlngdgoz1,29
i4qeeh8jc32d,3
6msjpa669emv,29
q2ce35iguoag,6
q2ce35iguoag,13
rn7oz2aoi4co,10
rn7oz2aoi4co,1
x75x9z2k29vt,14
x75x9z2k29vt,26
x75x9z2k29vt,11
65btn40iornr,19
65btn40iornr,21
65btn40iornr,27
yqsnkodei17q,24
rebyxgc0gz73,15
rebyxgc0gz73,24
rebyxgc0gz73,2
qo3hi4eikga0,7
qo3hi4eikga0,29
qo3hi4eikga0,3
tiett5tvo9go,7
tiett5tvo9go,1
tiett5tvo9go,23
yynwmirnyok1,24
yynwmirnyok1,17
yynwmirnyok1,23
gkg01tj9hau6,28
9tizxu12cvu1,6
9tizxu12cvu1,11
9tizxu12cvu1,15
fzfqoe7t7hmm,27
fzfqoe7t7hmm,4
fzfqoe7t7hmm,12
zj5yfianl4k2,12
51xdkw2xdd04,27
f4ydcdmo33cb,9
f4ydcdmo33cb,16
f4ydcdmo33cb,13
0rhh2fnkl216,1
0rhh2fnkl216,16
aosq1gyc573r,19
aosq1gyc573r,12
aosq1gyc573r,11
yayr94aw1wpv,17
twgx52qb72eo,21
twgx52qb72eo,28
twgx52qb72eo,29
xlk4lol7ny1y,18
uft66jgsg1bm,3
swgt0cli96uc,12
swgt0cli96uc,8
9ckeycy4oe2n,17
3gqk0d677csg,25
3z4bra2ul1w2,22
5cwfge6v5hu7,14
5cwfge6v5hu7,16
5cwfge6v5hu7,25
6iiik67zwjfi,28
6iiik67zwjfi,6
9yqilupuacsj,1
9yqilupuacsj,11
tdgjjylpua20,15
tdgjjylpua20,11
dg3n5ovl274b,24
dg3n5ovl274b,8
dg3n5ovl274b,11
ud2zh7e6infw,9
ud2zh7e6infw,1
xkv3mv1avllq,26
xkv3mv1avllq,29
xkv3mv1avllq,18
wg9nmdqq729u,19
wg9nmdqq729u,18
ze2zfpaimqik,4
ze2zfpaimqik,26
9cyaeuxikih8,27
4gg1y20uttkz,16
naxzlaqzv2bh,7
naxzlaqzv2bh,9
llj1vs7d2j0l,20
llj1vs7d2j0l,13
llj1vs7d2j0l,29
bnf1lsoci48f,28
bnf1lsoci48f,24
bnf1lsoci48f,18
cpn0upzj10eo,29
cpn0upzj10eo,20
cpn0upzj10eo,1
8ruznlyb0kvk,5
s0m3uxuu6kby,17
trtixnk95an8,4
1mhwb2qo3ucn,13
1mhwb2qo3ucn,6
1mhwb2qo3ucn,9
iqktkjqy0jhh,24
ir2fgzqfl22b,13
ir2fgzqfl22b,11
ir2fgzqfl22b,26
9lymd5526kji,9
9lymd5526kji,8
pulvnwev29tn,14
pulvnwev29tn,18
pulvnwev29tn,3
o83dn7xkoc8u,19
o83dn7xkoc8u,28
o83dn7xkoc8u,23
41flq07lclrh,16
41flq07lclrh,12
2um7wtn0vcqr,12
2um7wtn0vcqr,17
xrupd2tnttyj,29
3z41fzxb6ns5,12
3z41fzxb6ns5,14
2cana1jp2rc7,21
2cana1jp2rc7,1
2cana1jp2rc7,23
xxeri7o5k1xt,1
emzd29x8v6u7,23
emzd29x8v6u7,10
emzd29x8v6u7,6
obwynln6t6z5,17
obwynln6t6z5,3
vcc4mg2rsd3s,23
vcc4mg2rsd3s,22
vcc4mg2rsd3s,16
whic1d97bgn6,7
whic1d97bgn6,18
ol52n5585t18,7
vvb8qt1qsllo,9
dt4a289vjpwc,25
3bko7a1qhd1t,19
niorz1ix3yv7,21
niorz1ix3yv7,8
h4y4ga3zahkl,10
86xptvtu6hn2,25
86xptvtu6hn2,13
86xptvtu6hn2,1
jewv3ht34wja,9
aw2qsv2r8r1h,10
f3qffpz5vvu5,10
f3qffpz5vvu5,22
l30l2cgqtuqw,8
l30l2cgqtuqw,2
l30l2cgqtuqw,20
75szf223yv8h,14
75szf223yv8h,28
m7kigfpgrd5n,11
m7kigfpgrd5n,20
m7kigfpgrd5n,12
xpizhsi6g2mf,8
xpizhsi6g2mf,15
xpizhsi6g2mf,3
ppgaw785vvgy,27
vi04rgwun61x,20
vi04rgwun61x,26
vi04rgwun61x,8
ba8j6i6rihbt,4
ba8j6i6rihbt,10
ba8j6i6rihbt,25
pyrzquxow04u,18
9ajm6ob4kqh4,13
9ajm6ob4kqh4,26
m3xy3gug4b83,9
m3xy3gug4b83,23
suednh4nfmou,28
zgc8w0s10x3k,28
zgc8w0s10x3k,12
zgc8w0s10x3k,11
2xzvcuw50kyy,26
8df7c2foptde,29
8df7c2foptde,15
8df7c2foptde,9
3yuaym8hkirk,24
3yuaym8hkirk,9
3yuaym8hkirk,27
lota1wcg0eac,7
lota1wcg0eac,15
kzql12yns2ha,14
kzql12yns2ha,10
gn9gnl4zw1n7,25
ktzscwiwmwuo,28
ktzscwiwmwuo,13
cyfvcam8asbr,16
cyfvcam8asbr,10
gkt6lcnkugrh,22
6k2klqeif6b8,5
6k2klqeif6b8,27
6k2klqeif6b8,8
ztz8338sp1q9,11
ztz8338sp1q9,13
ztz8338sp1q9,4
89apu0jgzc87,18
89apu0jgzc87,21
196szfe40loq,11
rwglbc3mr7vd,17
rwglbc3mr7vd,27
rwglbc3mr7vd,11
iopimz2xoozt,21
iopimz2xoozt,14
s5ea1mw0e6st,18
s5ea1mw0e6st,21
12u6uez93at5,3
12u6uez93at5,1
12u6uez93at5,9
pibgqu6e7k6h,15
pibgqu6e7k6h,28
vxxbzginl8ow,29
vxxbzginl8ow,2
6xl8af9ki8h5,10
6xl8af9ki8h5,28
n820upbfnlef,20
n820upbfnlef,25
fqh33b846fdm,2
kg21sr9emsja,8
9wnazxl31g7x,16
9wnazxl31g7x,11
s76f0tjjjt43,21
5dkpt670rwuw,14
n62ebomap0cq,20
n62ebomap0cq,15
n62ebomap0cq,4
yeuxlkt22ilu,25
yeuxlkt22ilu,27
yeuxlkt22ilu,7
inf3cixmo08i,5
l37ua2gn2nqb,22
l37ua2gn2nqb,12
l37ua2gn2nqb,10
dpkoe13fpoch,21
rww4omt1rad1,16
rww4omt1rad1,17
rww4omt1rad1,6
j16ic9w3khxv,2
j16ic9w3khxv,19
s3b2u07a0z8e,21
s3b2u07a0z8e,23
a39p9oya15re,15
a39p9oya15re,9
a39p9oya15re,20
3v2gb1l2698d,26
3v2gb1l2698d,13
qde1g3izbf8m,29
3x42fn0m2v9q,6
es7r51jp46qe,19
es7r51jp46qe,21
es7r51jp46qe,3
5m6lfmam3itr,20
5m6lfmam3itr,25
p8yw31t078lb,3
5ngq9y5m1azg,26
5ngq9y5m1azg,5
5ngq9y5m1azg,15
46150yu2a2dd,6
46150yu2a2dd,27
46150yu2a2dd,1
kmxfnlz3xtfk,2
kmxfnlz3xtfk,5
kmxfnlz3xtfk,8
ctb2uexmwcrn,25
ctb2uexmwcrn,2
wsqv8ley5z5r,15
24iwc5pnpj7d,12
24iwc5pnpj7d,14
m4wbms82kc87,25
oqw19ssuu8g1,18
oqw19ssuu8g1,9
3b696tpcnloo,3
3b696tpcnloo,19
q3xe6hfjc7p6,8
q3xe6hfjc7p6,9
q3xe6hfjc7p6,14
3wiaxfq5s2h4,21
3wiaxfq5s2h4,25
3wiaxfq5s2h4,20
005g54tmt26m,3
005g54tmt26m,8
005g54tmt26m,4
2l9qjqz6urj1,10
2l9qjqz6urj1,3
2l9qjqz6urj1,8
jpex9vz10cd7,12
l294qd37a51p,16
l294qd37a51p,22
l294qd37a51p,23
540zm6yxnsr1,8
kbjxpqzjo782,23
kbjxpqzjo782,13
x5fgxffhcm8h,19
x5fgxffhcm8h,13
x5fgxffhcm8h,28
y8oajsk6h7ni,26
y8oajsk6h7ni,24
59djbo8ljqtq,8
7ecm8z5ig0nu,17
7ecm8z5ig0nu,26
7ecm8z5ig0nu,3
jxaht3rnc38w,12
jxaht3rnc38w,19
jxaht3rnc38w,4
hfb89yb6qd19,27
hfb89yb6qd19,22
hfb89yb6qd19,8
em5aht51uyg6,26
em5aht51uyg6,13
em5aht51uyg6,22
s486mls426oa,22
i9bitqw8r6ji,13
8tyl92cg49r1,8
8tyl92cg49r1,2
rfnynn4k28ec,23
rfnynn4k28ec,3
rfnynn4k28ec,13
sitr5zqmyn0m,19
sitr5zqmyn0m,29
nuv962row72h,12
nuv962row72h,16
nuv962row72h,14
nqhcovd842vq,17
nqhcovd842vq,2
pmbmr3fcjf12,6
pmbmr3fcjf12,22
4v07sk2f6e3w,23
4v07sk2f6e3w,11
4v07sk2f6e3w,20
ji1k7vpa7acq,27
b8e0te6hvv7c,28
b8e0te6hvv7c,12
d7yb492m8v7v,26
d7yb492m8v7v,4
wvb9nw6k646n,20
wvb9nw6k646n,12
wvb9nw6k646n,29
csm271nj4ukh,11
8s7fwdudhi5w,11
8s7fwdudhi5w,23
8s7fwdudhi5w,5
mek2sunxuf1g,3
mek2sunxuf1g,17
mek2sunxuf1g,27
7zip1ux71185,3
7zip1ux71185,10
7zip1ux71185,5
m5l29bgd793h,19
fyybvbzibxaj,18
fyybvbzibxaj,6
7zzuzxnusb9z,26
7zzuzxnusb9z,13
7zzuzxnusb9z,3
bv8bxkg5hhyl,27
bv8bxkg5hhyl,4
bv8bxkg5hhyl,21
1lujtw97lqej,10
1lujtw97lqej,6
mjy0e1mlyixi,1
81ou5j4pxj2z,7
81ou5j4pxj2z,22
ozfs2zx0uf7x,10
ozfs2zx0uf7x,24
65d6a6b90g5h,22
pn04qidb3tsy,14
pn04qidb3tsy,18
cpsx21vsltxf,29
cpsx21vsltxf,4
e8uvdr3wvv0t,29
e8uvdr3wvv0t,21
e8uvdr3wvv0t,2
d35ewclm1uny,14
d35ewclm1uny,28
d35ewclm1uny,8
rrfcbc3bq270,3
rrfcbc3bq270,28
wkobywzpbfyj,4
5b25xtip2fot,18
5b25xtip2fot,28
5b25xtip2fot,11
i8pgza7ufvm1,11
i8pgza7ufvm1,9
yp8z4vwfuf6x,22
yp8z4vwfuf6x,17
tkkxocoq0jal,26
tkkxocoq0jal,20
bmu6zh7pc6ct,17
bmu6zh7pc6ct,29
cebvo4nt1mce,9
cebvo4nt1mce,5
dqjbori3y8h5,1
dqjbori3y8h5,24
tv8ezyignd1w,14
tv8ezyignd1w,9
juy71k3gz7p0,7
juy71k3gz7p0,4
juy71k3gz7p0,19
na7um2nk4bgg,11
na7um2nk4bgg,3
na7um2nk4bgg,19
ondkli3wzgia,21
ondkli3wzgia,15
ondkli3wzgia,19
ybmerh1pxfov,22
ybmerh1pxfov,13
z23l04ouydmm,26
z23l04ouydmm,5
zh4kbo4alvdn,17
zh4kbo4alvdn,21
zh4kbo4alvdn,11
usriptgfw4pr,17
j8laiy0tccd7,21
j8laiy0tccd7,8
zzcslp4ic6tb,16
zzcslp4ic6tb,19
zzcslp4ic6tb,15
mfcqzu5bv4sp,14
mfcqzu5bv4sp,19
pa8g68mrjuxw,3
pa8g68mrjuxw,2
je9di1ai9qct,8
je9di1ai9qct,24
uieijpwg9ocy,29
uieijpwg9ocy,10
1svgtkp05u8t,3
1svgtkp05u8t,5
1svgtkp05u8t,29
tndswoi5ja9h,2
tndswoi5ja9h,3
tndswoi5ja9h,16
r2gn8thhms3q,21
r2gn8thhms3q,20
r2gn8thhms3q,15
0ox3cz8m57tr,11
0ox3cz8m57tr,29
638w6xkcm5fx,29
638w6xkcm5fx,16
638w6xkcm5fx,1
u1wnrpluolm8,3
u1wnrpluolm8,23
u1wnrpluolm8,22
qduujgz8c3ul,1
qduujgz8c3ul,23
mbeb5rfmmqma,25
mbeb5rfmmqma,16
mbeb5rfmmqma,21
e90wpu2tn4io,9
e90wpu2tn4io,22
bdmcskf1cexb,12
bdmcskf1cexb,16
bdmcskf1cexb,25
bonmp6pnolca,16
bonmp6pnolca,25
ae3v3rcf6ni4,14
ae3v3rcf6ni4,7
js5ok377xoil,5
vyabm5e7v01m,4
vyabm5e7v01m,8
vyabm5e7v01m,27
q1q1diptadli,13
6f91f0q0jpmd,20
9xj5z677tm57,18
9xj5z677tm57,12
n5qx7fkpdb9b,24
n5qx7fkpdb9b,12
f9iyq2d8kisy,1
f9iyq2d8kisy,23
afcdi9x0o08w,21
v60t3m5kyx5x,15
mepcs86kl449,11
xscwdaebkfr3,6
xscwdaebkfr3,4
ezdvhtfqshxh,14
wp476aukvesc,2
wp476aukvesc,15
eaonp37j0on3,5
eaonp37j0on3,11
0gv41wfo0j4g,26
vwb0u9ta39wm,23
vwb0u9ta39wm,1
vwb0u9ta39wm,10
y0ea67dc5p73,19
y0ea67dc5p73,28
id24unwao25g,14
id24unwao25g,18
g8zyaaaybapi,22
g8zyaaaybapi,19
g8zyaaaybapi,6
vsm03t42i5ui,13
16e71fr5wtua,5
16e71fr5wtua,11
tng2yk900rjl,7
tng2yk900rjl,19
tng2yk900rjl,12
33wwtmply0d5,17
33wwtmply0d5,27
33wwtmply0d5,24
6i2s0sew8p2a,15
p50kifct0cun,2
9joxr8d8xt8k,21
atmhw74hez00,6
atmhw74hez00,7
qatmre897w55,6
qatmre897w55,8
eaqcpnbtkhf0,27
vdfjwb6d1lc8,4
vdfjwb6d1lc8,27
eb0k06vzbuyz,7
2ytf20bxum7l,25
iiqg0e5kqo18,8
iiqg0e5kqo18,24
1zzx50cd0717,14
1zzx50cd0717,13
hikqib62wgz8,18
hikqib62wgz8,20
hy5g1ci3jm55,12
3v2q7xbpjm1j,12
3v2q7xbpjm1j,9
3v2q7xbpjm1j,22
lids02zqxw2q,8
lids02zqxw2q,27
baqevjadqr75,16
qu0y9cswimw1,29
qu0y9cswimw1,3
qu0y9cswimw1,23
oze9fksvmh7g,5
oze9fksvmh7g,6
oze9fksvmh7g,7
v6c8fzw6ex6s,5
v6c8fzw6ex6s,11
36sulv22r8i4,28
36sulv22r8i4,1
36sulv22r8i4,14
7l5wpar2ce9u,1
7l5wpar2ce9u,6
7l5wpar2ce9u,28
lmsyvm7v5cus,14
r9qgouern5ox,5
r9qgouern5ox,22
614j8py3yc6m,5
mg4kq4ud32m2,21
mg4kq4ud32m2,23
2u5p8dub9wur,2
2u5p8dub9wur,26
y48etd7jb09u,9
y48etd7jb09u,28
vw8achm4g69q,7
vw8achm4g69q,6
3is5vjt0og4l,17
3is5vjt0og4l,10
3is5vjt0og4l,11
ijh6a9497j1x,16
wps0zzoynttf,15
wps0zzoynttf,5
mxsaah9aeqg5,16
8k76vy7ntmuv,11
2s3cwu354fmt,29
fdbbs3jkwod3,2
fdbbs3jkwod3,21
wtm632e79118,7
dant2845k3qs,18
ophnvpz8czlz,22
ophnvpz8czlz,17
ophnvpz8czlz,7
bmju9nvsfcaf,10
bmju9nvsfcaf,29
hfchs52lqxn9,4
hfchs52lqxn9,25
hfchs52lqxn9,7
kyqf31ges2c6,20
kyqf31ges2c6,23
kyqf31ges2c6,10
w3osqc0l6bsm,21
is976ejjemaz,9
u7dg2kxfs7i0,4
u7dg2kxfs7i0,7
75tvk1b8gwd1,6
k158lkkf9lkx,3
k158lkkf9lkx,22
57y5z3o1jkxi,28
57y5z3o1jkxi,8
57y5z3o1jkxi,26
pvfl3d8hj7jd,7
pvfl3d8hj7jd,14
pvfl3d8hj7jd,4
weu67on8elkl,12
weu67on8elkl,13
0uqjj15rvsdk,29
0uqjj15rvsdk,27
xcqx737hhri1,18
xcqx737hhri1,28
hmrdwqfzgobo,26
hmrdwqfzgobo,20
a31iwg7pcje4,11
a31iwg7pcje4,18
a31iwg7pcje4,17
cr2l0zb447p0,25
cr2l0zb447p0,7
cr2l0zb447p0,24
vc8fr0bhprf7,6
vc8fr0bhprf7,24
9wa83vcw0yys,15
9wa83vcw0yys,20
9wa83vcw0yys,6
uqzd6j8xkeuw,12
klpy9dh75tib,14
pxprmt6vb0kv,22
pxprmt6vb0kv,18
9ak0fta6yakp,21
9ak0fta6yakp,18
ppsbr79oa8om,13
ppsbr79oa8om,1
n1hbu76pnmre,4
1ee886uk6npz,8
h31i1jwr98gr,9
h31i1jwr98gr,24
qpskpa5j8f0m,29
qpskpa5j8f0m,9
v4kulbrt94bw,20
53n4hee6o2mk,23
53n4hee6o2mk,24
jmiw9a1wi1lt,4
jmiw9a1wi1lt,5
3b7a2xu2a7oq,8
3b7a2xu2a7oq,12
p4lcdu4vfg1h,16
p4lcdu4vfg1h,8
9d5hhwx1ur8m,26
s2o3d0zhdlj4,6
s2o3d0zhdlj4,18
s2o3d0zhdlj4,5
r74dq4yo7gdb,1
izyqnwus0nn5,26
tn6cw6uewdln,2
xbw3xcgcicln,24
xbw3xcgcicln,9
tqwl2x39bzhr,17
tqwl2x39bzhr,14
tqwl2x39bzhr,18
encigwadjwzv,7
encigwadjwzv,18
9ut4uy4hdpzh,26
g6z6z56fhhl3,18
g6z6z56fhhl3,22
g6z6z56fhhl3,12
4e2rx8lqsrkd,4
4e2rx8lqsrkd,20
t1rsmurcn6ws,2
t1rsmurcn6ws,17
t1rsmurcn6ws,22
mq6m8d5qbltf,19
mq6m8d5qbltf,15
mq6m8d5qbltf,6
qgf979em89kb,19
qgf979em89kb,15
hrjxw7csa615,12
hrjxw7csa615,27
0f3zetpg5dqj,9
0f3zetpg5dqj,5
glk0uafbhh63,5
glk0uafbhh63,4
glk0uafbhh63,1
ipvg26xgmta8,13
ipvg26xgmta8,22
kf1vw260vnks,7
kf1vw260vnks,17
nrudhhv5cpou,17
1832r8ynv9ch,19
1832r8ynv9ch,11
v9gvcfks3p60,10
v9gvcfks3p60,19
v9gvcfks3p60,2
9zjv0nao7s23,13
9zjv0nao7s23,24
9zjv0nao7s23,2
0lpra0adbno7,7
0lpra0adbno7,17
4y8ski5rwol5,26
0phaptw15r5j,17
le4hqfbcok4a,1
le4hqfbcok4a,20
le4hqfbcok4a,23
b89qjr152jk2,28
b89qjr152jk2,4
pz0ghdnu9x03,25
pz0ghdnu9x03,23
pz0ghdnu9x03,26
9p1hf06jsf95,4
9p1hf06jsf95,12
9p1hf06jsf95,22
s2vzrp1gpodn,23
s2vzrp1gpodn,15
mp7582b7loob,11
mp7582b7loob,12
mp7582b7loob,16
pck495n7oj3j,10
pck495n7oj3j,5
pck495n7oj3j,15
6v2qcq50iuqo,25
6v2qcq50iuqo,17
6v2qcq50iuqo,6
c6dbx2mcjmne,14
qd172x5hm91s,23
qd172x5hm91s,18
qd172x5hm91s,15
bb3qmdy1nuik,22
bb3qmdy1nuik,24
bb3qmdy1nuik,16
sxwyh65dhlko,26
yc45xaklra06,14
yc45xaklra06,16
knswp2jjqdfq,16
knswp2jjqdfq,28
il3yxwxlyc3x,26
il3yxwxlyc3x,7
il3yxwxlyc3x,17
5d0iipu3z92y,21
5d0iipu3z92y,5
5d0iipu3z92y,28
4ytyajhadn10,10
4ytyajhadn10,20
4ytyajhadn10,29
kr8135spup13,29
a8ha1cl6e42t,3
a8ha1cl6e42t,7
a8ha1cl6e42t,2
a56mnn8p09kx,20
a56mnn8p09kx,26
vxazakagqs9p,2
vxazakagqs9p,9
vxazakagqs9p,13
t6bcmwzvfwg7,14
0qmtliisd3aj,4
0qmtliisd3aj,16
w6646vii35d4,14
w6646vii35d4,17
eizy656mq8hv,7
eizy656mq8hv,16
9tfqck5bcbuo,24
u1np2yvecukv,8
e6spwgp3becz,10
e6spwgp3becz,17
e6spwgp3becz,1
bc6jmah75zgp,10
bc6jmah75zgp,14
bc6jmah75zgp,3
07aw4h0v22ys,20
07aw4h0v22ys,7
07aw4h0v22ys,2
6j3tnhtf8xbl,18
qif2d1m7rrvs,7
80vfyl2ux0jc,22
80vfyl2ux0jc,25
0xp29cj808fi,16
0xp29cj808fi,21
ru4jyy23tohn,16
ru4jyy23tohn,17
ru4jyy23tohn,15
4iuk4sln171k,18
4iuk4sln171k,16
pn5k8esiizwl,20
pn5k8esiizwl,17
pn5k8esiizwl,10
5fdbywjsnl3o,6
5fdbywjsnl3o,27
7jzoru67je94,21
7jzoru67je94,29
7jzoru67je94,8
hb93h3ipttyo,24
hb93h3ipttyo,1
hb93h3ipttyo,28
lhobzdjnulp4,3
zstgukplhgbp,19
zstgukplhgbp,18
zstgukplhgbp,10
9fse1wxnepse,25
9fse1wxnepse,16
9fse1wxnepse,3
02b0vyoya4hz,8
02b0vyoya4hz,13
182cyj3450ls,17
182cyj3450ls,1
182cyj3450ls,19
22dtv8kw25eo,11
22dtv8kw25eo,14
22dtv8kw25eo,15
t3090j6hmo9w,23
jtb8fs1fm796,19
jtb8fs1fm796,26
y1ppf1rzmzcr,26
y1ppf1rzmzcr,1
znb0dt7jdh2m,25
znb0dt7jdh2m,6
45ixa5gg7wap,29
45ixa5gg7wap,11
45ixa5gg7wap,22
apocv2hincps,6
apocv2hincps,5
mjkbkiwp16p5,16
36gnyrciibwt,7
36gnyrciibwt,27
36gnyrciibwt,22
gj02u1ho0do0,8
gj02u1ho0do0,9
gj02u1ho0do0,1
hjq1svb0wrib,18
hjq1svb0wrib,10
xrzaqcsxxsxq,26
8xqmv1vvw1hw,23
i0u15ps28x7d,5
qwuzqojreaoj,1
qwuzqojreaoj,17
kyqcju4rkb5x,27
kyqcju4rkb5x,4
bq39kqsph7l4,3
bq39kqsph7l4,9
bq39kqsph7l4,7
fxfxcxmnmkhl,22
z4s4syo4hqzl,29
z4s4syo4hqzl,21
a3jrk8yhqykg,22
a3jrk8yhqykg,3
a3jrk8yhqykg,15
6m4idmig5pv9,17
6m4idmig5pv9,27
w4hr23fvlwn6,4
w4hr23fvlwn6,13
w4hr23fvlwn6,25
ajpky8cbskx0,29
ajpky8cbskx0,15
ajpky8cbskx0,9
6xnfnoezw4rb,26
6xnfnoezw4rb,5
hqh1y3z88xvn,25
hqh1y3z88xvn,27
f1oknuovkdz7,4
f1oknuovkdz7,2
f1oknuovkdz7,16
23yc90lxi9mt,19
32jcwwygvhsb,24
aq5t8vg2qk1o,15
aq5t8vg2qk1o,21
x0rks8qpvg6r,23
jijnvk4k58wl,19
jijnvk4k58wl,22
wffifboesi32,21
wffifboesi32,9
wffifboesi32,10
4uidiskmzzoj,16
4uidiskmzzoj,3
4uidiskmzzoj,5
5s72qaxecmzq,19
5s72qaxecmzq,1
5s72qaxecmzq,28
cr0y6ey8t9d6,7
cr0y6ey8t9d6,8
dv57kv3hnaee,14
dv57kv3hnaee,22
7f480d8level,24
7f480d8level,7
2bu86f3l95ze,28
zsvclb2mvo8d,21
zsvclb2mvo8d,25
zsvclb2mvo8d,17
w806qq2z7iqr,14
w806qq2z7iqr,20
w806qq2z7iqr,10
o9wkptky24wz,28
o9wkptky24wz,13
o9wkptky24wz,6
zvuznyy1c7zd,7
zvuznyy1c7zd,19
zvuznyy1c7zd,25
6reipq7098q5,27
xkg01g666i7e,29
hcm130w7mj5v,4
hcm130w7mj5v,6
hcm130w7mj5v,19
3zr31tnw7aff,27
j67yaqtsnnx1,17
s3lb2b46t5iq,18
s3lb2b46t5iq,15
89b4ejhxgwbh,1
npltgpxah4ea,10
mtgnzuvec2ze,11
rhew153u4lvo,2
rhew153u4lvo,11
71umgqbndfeg,8
71umgqbndfeg,2
xp6itkkrv5c5,9
5je7xlp8c4u4,2
p52mh6x5bcle,23
oqr96dgdp2jb,21
fbkrqxjkbfyl,9
fbkrqxjkbfyl,28
fbkrqxjkbfyl,13
n0y7ezcgnzih,23
3ojp1sokgib7,13
3ojp1sokgib7,5
3ojp1sokgib7,4
wnrnk542y7kl,4
z07xopuxqr8q,12
hqej1bw2l3ba,18
hqej1bw2l3ba,13
hqej1bw2l3ba,21
7ru2sdkj9oqc,6
vrhnbk9vbr41,10
vrhnbk9vbr41,12
vrhnbk9vbr41,8
0k27k31r1q0y,11
0k27k31r1q0y,23
0k27k31r1q0y,2
2557fpnnv0no,20
l0gxlyb3ko4e,11
jyt64saz9zuk,18
jyt64saz9zuk,1
jyt64saz9zuk,22
ra8e0kmoz7l3,3
ra8e0kmoz7l3,16
ra8e0kmoz7l3,20
q17nzqty4s49,10
q17nzqty4s49,11
9hl69mgfxgrb,11
n5iyrj6dlciq,13
n5iyrj6dlciq,8
ozg27d9gszm4,3
ozg27d9gszm4,15
drerl8vpts2b,12
drerl8vpts2b,27
drerl8vpts2b,23
hztsavwqhskj,16
hztsavwqhskj,12
hztsavwqhskj,21
c7uj4tzgayup,14
aq5826h5kfyc,12
aq5826h5kfyc,11
k86dki2b0ssr,25
m9u56ei6ac53,27
45ds603o2n69,6
45ds603o2n69,2
45ds603o2n69,1
sc4pd20sqc7x,27
sc4pd20sqc7x,17
sc4pd20sqc7x,2
3e6m4elnk9od,18
3e6m4elnk9od,2
3e6m4elnk9od,11
zqn6gpn7vu7k,29
zqn6gpn7vu7k,7
zqn6gpn7vu7k,11
7m93vqugh6p3,20
7m93vqugh6p3,11
7m93vqugh6p3,29
876g3wpzozf6,2
yrgep32aa0o0,3
lc9wffbt4jgr,7
ccdvi4af3vvf,19
ccdvi4af3vvf,29
ccdvi4af3vvf,27
aeoe45jropbs,16
aeoe45jropbs,18
aeoe45jropbs,1
ohodtmq350ur,18
ohodtmq350ur,17
ohodtmq350ur,14
z8dnoreiuqd9,3
z8dnoreiuqd9,15
rdkvpbe42n78,17
e4tir3cv04ta,25
e4tir3cv04ta,10
e4tir3cv04ta,3
l9ueymvgltwy,8
l9ueymvgltwy,9
bfk4ax8z29fa,27
bfk4ax8z29fa,25
3qixvyl0hezl,8
kagakb5xnb69,24
kagakb5xnb69,26
kagakb5xnb69,21
003s4ulm32tk,23
003s4ulm32tk,24
003s4ulm32tk,14
80lomcebrpa1,3
80lomcebrpa1,23
cy1zc6bpwxmu,17
cy1zc6bpwxmu,24
r2r0pzncbfto,4
bevkodnlief7,27
bevkodnlief7,17
mc5nbtw41dph,26
gtee4yn8ihto,6
gtee4yn8ihto,26
gtee4yn8ihto,28
8h8e5c3z04t6,26
8h8e5c3z04t6,14
8h8e5c3z04t6,19
51ds0trrhhnj,23
wze04sxx2upj,13
wze04sxx2upj,18
wze04sxx2upj,11
bm5pv0s8oavu,27
bm5pv0s8oavu,3
bm5pv0s8oavu,28
a4aumzgfd33b,7
a4aumzgfd33b,12
a4aumzgfd33b,29
482vxdldn264,18
482vxdldn264,10
482vxdldn264,7
84hz9nnphk87,16
84hz9nnphk87,22
iyslohkx6oef,12
iyslohkx6oef,9
dq1dc2mqe2y3,1
pq40zpyvyda6,1
408erfuclmbn,1
408erfuclmbn,25
68bmm4ph4hx5,19
68bmm4ph4hx5,12
4nqjvbhfbknl,28
4nqjvbhfbknl,2
bo06hcawln5g,12
bo06hcawln5g,11
bo06hcawln5g,20
es54znauh2w7,16
es54znauh2w7,19
8ceijbp2bxtg,19
8ceijbp2bxtg,15
8ceijbp2bxtg,24
jg2sdnw35rlw,1
jg2sdnw35rlw,25
jg2sdnw35rlw,16
wyjmblp1es1z,5
wyjmblp1es1z,4
wyjmblp1es1z,28
rx2ksyatnbg4,26
rx2ksyatnbg4,25
45490kf7tzd3,28
45490kf7tzd3,18
v82mkeju3ky2,21
v82mkeju3ky2,24
yizdteyt9rk3,27
sm5hgtu4gcqf,18
i93hhteihtg8,18
83kr2mrubjsl,22
p8spnsbfrxyy,19
uufhcfhexzft,28
uufhcfhexzft,2
uufhcfhexzft,23
237xlkuevj9v,24
237xlkuevj9v,21
237xlkuevj9v,27
xglizy0xfyw9,23
7tjxsazpd1uh,5
io0zdsityqr3,23
io0zdsityqr3,8
io0zdsityqr3,29
v6rilu0tddbw,2
v6rilu0tddbw,16
v6rilu0tddbw,24
1o9iytpip9g0,21
1o9iytpip9g0,22
1o9iytpip9g0,9
mmiu2sjf3oce,17
6fsbxt4d3g71,14
6fsbxt4d3g71,12
6fsbxt4d3g71,11
pnc5yleh8ebs,21
pnc5yleh8ebs,9
2csovdlzpap9,16
2csovdlzpap9,13
2csovdlzpap9,10
5706813ka4hh,8
5706813ka4hh,21
5706813ka4hh,24
nl40krat0s1b,16
tap8wbzmw6sw,10
tap8wbzmw6sw,9
tap8wbzmw6sw,26
a0t4r58d7bhw,2
a0t4r58d7bhw,21
by5h66i4rfox,1
by5h66i4rfox,17
7k0i8ostkab4,19
7k0i8ostkab4,9
7k0i8ostkab4,11
z1zgtz96k5na,8
2u3stdmge1tt,24
2u3stdmge1tt,22
usrtcemesfxe,20
usrtcemesfxe,29
usrtcemesfxe,2
hbkmrnnzx6jx,27
dcqx4x21vo4k,28
dcqx4x21vo4k,26
dcqx4x21vo4k,19
btbvw6zm2uhu,11
lbtenz935jy3,17
hvtyim72za6v,26
hvtyim72za6v,15
hrxq2otvtu2h,23
hrxq2otvtu2h,22
r1g5l9j6l57x,7
r1g5l9j6l57x,27
byvxpaf7hnta,24
th39dfgnt3cw,6
th39dfgnt3cw,4
th39dfgnt3cw,23
zdftyynyes67,22
zdftyynyes67,16
zdftyynyes67,20
39i8hn5sbzb2,8
b18odeea40cx,4
b18odeea40cx,15
b18odeea40cx,28
sc1a3nafjihu,11
sc1a3nafjihu,27
8abmipfzu9yd,21
8abmipfzu9yd,12
8abmipfzu9yd,14
qrf4jyiv7a2t,13
qrf4jyiv7a2t,1
qrf4jyiv7a2t,25
jub0ury8jtwu,29
9gmpa26l7qep,11
9gmpa26l7qep,19
y1v6k9xz20fv,15
r8b7zwul6bty,12
r8b7zwul6bty,2
r8b7zwul6bty,3
l8u0dl7ea5e5,1
bsd81rfxjgq6,28
bsd81rfxjgq6,5
4o97u51sz56q,19
gyyznouo4syn,5
gyyznouo4syn,1
gyyznouo4syn,29
9ml2mfjw1k50,27
9ml2mfjw1k50,12
9ml2mfjw1k50,4
xmiofacsfwjc,19
xmiofacsfwjc,1
53ksopmvi2hi,21
53ksopmvi2hi,23
pbf4ijp5jqam,19
okjduiktcbl2,28
6d58093o7ah6,3
6d58093o7ah6,26
6d58093o7ah6,12
nxb53qiw5u87,17
tnakq9b75kus,29
tnakq9b75kus,17
tnakq9b75kus,16
a99v9zmahlfn,17
a99v9zmahlfn,28
u3laoo00xlyl,2
u3laoo00xlyl,22
u3laoo00xlyl,24
qqtoq983x2k1,12
83t5r7qh2osl,14
83t5r7qh2osl,19
83t5r7qh2osl,26
fyvdgaankw6l,25
fyvdgaankw6l,16
vzhpxpuxfj4l,11
vzhpxpuxfj4l,10
olothuujixp7,13
olothuujixp7,22
olothuujixp7,27
e561rqckclqn,10
e561rqckclqn,9
e561rqckclqn,6
hazq6rw4q0hb,27
hazq6rw4q0hb,16
hazq6rw4q0hb,28
qg94vftaqagk,9
qg94vftaqagk,23
hbqe9hrv3979,7
hbqe9hrv3979,20
vkelah40chfh,17
6eo74qvbg1fx,18
lhif5gg7c4zn,16
ksui83i8itsj,29
ksui83i8itsj,9
ksui83i8itsj,4
m8qxq7cgxdn2,21
yrfbt1hvmee2,11
yrfbt1hvmee2,21
yrfbt1hvmee2,24
pcytatugdb04,18
pcytatugdb04,23
pqfqzwu9jjhf,2
pqfqzwu9jjhf,9
pqfqzwu9jjhf,3
r675ovtd1hmk,28
r675ovtd1hmk,2
t41y4u15uzx8,21
t41y4u15uzx8,6
vk96hq7my4lw,7
vk96hq7my4lw,19
vk96hq7my4lw,3
3pwx2mttc6me,18
3pwx2mttc6me,1
al4h3mx4zo82,13
al4h3mx4zo82,19
4vy4u5qle1ao,15
4vy4u5qle1ao,5
22khuszerop7,19
whv1qbxbwizs,26
whv1qbxbwizs,17
whv1qbxbwizs,19
yubdgu1cf73g,18
ro7fbexqr4ew,14
ro7fbexqr4ew,2
ro7fbexqr4ew,22
u8c7h4be6353,25
adixjjku4im7,5
bdo5035lg2go,2
9dlp6yk1t3dx,14
9dlp6yk1t3dx,26
9dlp6yk1t3dx,8
kz8fk7u3sn95,19
vuglinqkosis,12
vuglinqkosis,28
vuglinqkosis,23
u7o74jr6m3s4,28
u7o74jr6m3s4,22
7egtbeitbd40,27
7egtbeitbd40,28
7egtbeitbd40,2
1dyt993po6ak,10
u7gg91kzk1zp,17
u7gg91kzk1zp,3
o3w19le8tlhz,26
o6ds2n3nd5ys,1
dol7bf8w13b0,5
dol7bf8w13b0,17
dol7bf8w13b0,26
5jhk4wswj5ge,22
vdnojo6endja,6
vdnojo6endja,25
vdnojo6endja,28
xzcdhxuct11v,20
xzcdhxuct11v,3
xzcdhxuct11v,25
k7c3gjqoxxv1,10
k8k31i4eau8r,27
k8k31i4eau8r,26
k8k31i4eau8r,21
49kwtcozppui,6
3w9i1k56iccy,7
3w9i1k56iccy,29
hn1taf7agi1a,11
x8a9hjsf5jq2,11
66ilidz728wd,5
q1gd5ti2lj2j,24
q1gd5ti2lj2j,4
q1gd5ti2lj2j,17
xgfg22jcuvfy,5
wuc7kbvccqqv,10
wuc7kbvccqqv,13
wuc7kbvccqqv,7
pntjqofitxfx,6
pntjqofitxfx,22
pntjqofitxfx,28
2uu4kr1s4lg9,7
2uu4kr1s4lg9,12
2uu4kr1s4lg9,15
gzla4gljonfg,9
gzla4gljonfg,11
0gfjneou1oib,24
0gfjneou1oib,20
0gfjneou1oib,1
isqo24qgyju3,5
hpmtxhgbv298,20
hpmtxhgbv298,7
79hxb03seehu,15
79hxb03seehu,29
gnpy9x9xshon,7
gnpy9x9xshon,5
nu5tz40yjr9e,15
nu5tz40yjr9e,23
0hlwvj7scnmz,6
ly5bfgqjcyue,21
ly5bfgqjcyue,6
g77w8x0kj5qk,7
yjj2f8nr3mor,8
yjj2f8nr3mor,25
aqo71lcd223g,7
aqo71lcd223g,10
clpa2dtk9q43,15
b8plrmrlsyxi,28
nqpeoklm06xv,15
nqpeoklm06xv,11
znsr0dsr8lqz,27
znsr0dsr8lqz,9
znsr0dsr8lqz,20
gl2v7e08rch4,3
p8atha2cdsdx,19
t6ggr94z1d8z,28
t6ggr94z1d8z,23
pj0by9u8xyt4,16
pj0by9u8xyt4,26
ech2x7b2rsj4,1
srv0p7osr3ae,10
srv0p7osr3ae,8
qcdkbhtsduud,25
qcdkbhtsduud,12
2sagis36khzl,14
2sagis36khzl,20
x32o7fyayf4a,6
x32o7fyayf4a,13
x32o7fyayf4a,23
5sff9q7xf8u3,14
5sff9q7xf8u3,24
5sff9q7xf8u3,3
czlahtk4z7gi,27
czlahtk4z7gi,14
czlahtk4z7gi,26
q2iht3ex03zp,13
q2iht3ex03zp,8
3rg511ev1ze8,15
4t49fjzvpqp0,24
4t49fjzvpqp0,1
2cekhkrj68uy,8
2cekhkrj68uy,18
xawi93gfwqd7,12
z7hj830mqbyd,7
z7hj830mqbyd,25
z7hj830mqbyd,20
6ht009yn4pf6,14
v5gjma60htzr,12
v5gjma60htzr,22
gty4iytj6svu,3
gty4iytj6svu,28
gty4iytj6svu,8
jmzs9ca6yefn,24
jmzs9ca6yefn,21
jmzs9ca6yefn,15
y47fknhxcaqh,6
y47fknhxcaqh,23
cn4nslnqv8vl,25
cn4nslnqv8vl,21
3zd8270tp7b8,17
4z10sranv9zw,22
4z10sranv9zw,16
4kx1ic67ce30,11
t617ple0qpli,26
t617ple0qpli,17
t617ple0qpli,2
tsoqhem5yfxb,15
01obzra0kjie,6
01obzra0kjie,16
01obzra0kjie,26
hqykr0bd2d6a,28
hqykr0bd2d6a,10
hqykr0bd2d6a,12
oix1dzhl4ple,14
oix1dzhl4ple,23
oix1dzhl4ple,19
9uo64r98h0cj,7
vsj77vig0e9m,26
vsj77vig0e9m,11
vsj77vig0e9m,10
893mxn232bq8,12
893mxn232bq8,19
893mxn232bq8,28
cs9ym9prlqrj,20
cs9ym9prlqrj,2
smu6hm81xrb7,1
arq72aa0i1ie,3
arq72aa0i1ie,7
erg7o68vzgi9,29
ld4n6z4wrl7l,28
ld4n6z4wrl7l,20
ld4n6z4wrl7l,18
wvukfl77lx1l,27
wvukfl77lx1l,7
nf99tplc2dux,11
nf99tplc2dux,22
nf99tplc2dux,10
hmdo79v1uug0,7
hmdo79v1uug0,11
fsugwg0mxrnr,6
u849p8k998y3,27
76euopwupwwm,27
dd8ot0znixom,3
dd8ot0znixom,20
nz4m2cm9swua,22
3abh11d0ce7f,10
3abh11d0ce7f,26
pr01ecxd03w3,26
pr01ecxd03w3,5
gf187w129dtt,8
gf187w129dtt,16
j2ah4fjzb2rx,22
j2ah4fjzb2rx,20
xhgdcx0vdv90,21
xhgdcx0vdv90,25
xhgdcx0vdv90,26
vwv1isi1z8oj,18
vwv1isi1z8oj,15
r7kl11rz84v3,11
r7kl11rz84v3,25
b5krgoj04ti6,21
b5krgoj04ti6,17
b5krgoj04ti6,8
0hq9n0su2d7t,24
0hq9n0su2d7t,6
0hq9n0su2d7t,14
48c3ofpdpnyi,7
48c3ofpdpnyi,21
48c3ofpdpnyi,19
o2pmlgdbfmuk,11
0jieyzzesh93,26
0jieyzzesh93,3
3to1zguhkhss,19
tm5xp6ml1ce1,27
o72zgq5joji3,14
o72zgq5joji3,1
o72zgq5joji3,2
5fu1c71xyf8y,15
5fu1c71xyf8y,22
5fu1c71xyf8y,24
5x8mcol18ab5,19
5x8mcol18ab5,10
5x8mcol18ab5,1
q9o0qmbwkoji,9
q9o0qmbwkoji,19
q9o0qmbwkoji,2
lit2hyqg0v0l,25
xsvqq9r42zv9,20
xsvqq9r42zv9,9
xsvqq9r42zv9,27
8h0p6ntu3l17,18
8h0p6ntu3l17,3
8h0p6ntu3l17,14
tn56nf07d9d3,17
tn56nf07d9d3,25
e5p0ev1v24zy,28
e5p0ev1v24zy,19
e5p0ev1v24zy,1
f0yb1vkizcu8,19
f0yb1vkizcu8,23
rwk2pmkx8m5f,19
s54amsk6y16l,21
a239dinrslz8,27
a239dinrslz8,1
j5ovmzi394l7,23
j5ovmzi394l7,14
j5ovmzi394l7,16
gm1npqbslpt6,28
cdsmtaf3j5bs,1
9th47u1ubw0o,27
vyqfbgg2nd02,26
vyqfbgg2nd02,27
82xtufqf1d8z,27
jrp26ird9ya1,29
jrp26ird9ya1,3
jrp26ird9ya1,12
sqklwlng11rd,21
sqklwlng11rd,11
sqklwlng11rd,19
2v6vki5r8pz8,29
5ej6p4ixhios,9
5ej6p4ixhios,16
5ej6p4ixhios,10
kayodb2jthzu,20
kayodb2jthzu,23
j5chzcr0lcai,1
j5chzcr0lcai,17
j5chzcr0lcai,15
fqn02hf34zbg,15
yn03adm893se,22
yn03adm893se,19
3ooangfkggu1,15
3ooangfkggu1,2
qzthxljj7p7m,20
z48xibbmk72w,10
z48xibbmk72w,24
k93aemib8aim,20
grkbkk4xl5dd,25
7bseyuvt3ggt,10
7bseyuvt3ggt,6
7bseyuvt3ggt,3
3iat7awajmj2,2
3iat7awajmj2,16
bq5ym68aak27,21
lkvh494g6pmx,21
lkvh494g6pmx,25
yysrz3wvh9ky,17
yysrz3wvh9ky,2
yysrz3wvh9ky,10
4ww0xfpx8y6f,13
4ww0xfpx8y6f,12
46yninbfki54,16
46yninbfki54,14
jtgqzjeewud5,20
jtgqzjeewud5,18
jtgqzjeewud5,27
yyabjonete5y,20
yyabjonete5y,23
yyabjonete5y,9
fp61eqhaab4t,11
fp61eqhaab4t,23
yn6xcol2vnqw,7
yn6xcol2vnqw,5
yn6xcol2vnqw,26
lroefcjneqge,5
lroefcjneqge,22
lroefcjneqge,8
jxc1wy6kt136,7
o1ktdy0c3vzp,15
4mgdxhaz5czf,24
4mgdxhaz5czf,6
0zo5967m9fsb,11
wspzh4jql6ij,14
wspzh4jql6ij,29
wspzh4jql6ij,27
f6ebdrwzu6ht,10
n6bpur2nx8fq,7
n6bpur2nx8fq,2
3xe1w589uy19,18
3xe1w589uy19,27
3xe1w589uy19,23
lbecisfyum2a,15
lbecisfyum2a,28
eem4x0o4gq6u,9
eem4x0o4gq6u,10
7xd1hmbf4lr4,14
g1tz5gx5y5dm,16
td2hjy8j9p0r,2
td2hjy8j9p0r,26
td2hjy8j9p0r,15
trbzhsov6blk,13
r6fepo2m5grx,9
r6fepo2m5grx,11
lkylh1ja9gfj,3
duh4zvhx1e7z,10
duh4zvhx1e7z,12
duh4zvhx1e7z,16
el4q25ts330h,20
el4q25ts330h,9
el4q25ts330h,25
m9ai71vuws4o,6
m9ai71vuws4o,16
ddfif7154awo,29
ddfif7154awo,28
eyy7x46lpnpj,15
eyy7x46lpnpj,1
2nowk3ltok5k,25
2nowk3ltok5k,17
2nowk3ltok5k,13
742ibtqilg48,22
742ibtqilg48,5
742ibtqilg48,8
ylb8g78186ko,26
ylb8g78186ko,3
9pjsf47q1za7,21
9pjsf47q1za7,18
9pjsf47q1za7,29
mp52tkqtxkic,25
mp52tkqtxkic,2
mp52tkqtxkic,23
laj3lko9lpg2,1
laj3lko9lpg2,8
laj3lko9lpg2,3
9hj6ccfikne6,10
zs21cnws00vl,22
zs21cnws00vl,13
ivvinwrap9c1,5
etoxxsq9q1b6,26
zrhxvo32xcxs,16
zrhxvo32xcxs,12
zrhxvo32xcxs,1
mzv1zi9wbj6a,28
mzv1zi9wbj6a,24
v3uw1yft80n4,20
ot4sj55a2mou,25
ot4sj55a2mou,9
o8btx3xqg82y,20
udarxdsrykr5,28
udarxdsrykr5,9
udarxdsrykr5,8
8eep55kvjkub,3
64iokxojd80l,23
vrad44d50pne,12
2ljfzdr6onr3,10
2ljfzdr6onr3,28
2ljfzdr6onr3,8
4q4nhn3dxqpx,19
4q4nhn3dxqpx,12
4q4nhn3dxqpx,15
etfwb01ku5xn,16
wbguvk6l2the,28
wbguvk6l2the,26
wbguvk6l2the,5
x2glezascr81,18
x2glezascr81,16
d892dy0j1uun,3
7jwf9b6ma4mw,27
7jwf9b6ma4mw,11
k5oi0n94cxxq,29
k5oi0n94cxxq,11
k5oi0n94cxxq,23
auzbvc8o3irh,15
auzbvc8o3irh,14
d32cw4vhvibn,21
d32cw4vhvibn,5
d32cw4vhvibn,27
zrx5eqbh7i95,5
zrx5eqbh7i95,18
dky0yeipqt88,16
uspqqld9ckp4,11
uspqqld9ckp4,6
uspqqld9ckp4,20
wi4p2mbvnzs5,23
wnqjok0xsh1x,27
wnqjok0xsh1x,22
k4xaxo765gr7,12
k4xaxo765gr7,4
k4xaxo765gr7,15
oa6pqkluouyq,21
oa6pqkluouyq,8
u0pv9hk9h92y,9
u0pv9hk9h92y,1
cgebyxxno3y2,18
cgebyxxno3y2,15
cgebyxxno3y2,1
wbouarawewn4,9
wbouarawewn4,1
c64krj79p4h9,21
c64krj79p4h9,1
doseorvlpnqw,24
s9ennlodwowm,28
s9ennlodwowm,20
s9ennlodwowm,10
3f2e4zvxwrsz,23
3f2e4zvxwrsz,1
3f2e4zvxwrsz,10
ewp707qctt6d,2
9bqay1z09q8h,5
9bqay1z09q8h,18
9bqay1z09q8h,8
d2iklpbjraj7,20
7v5jf9bf8yol,16
7v5jf9bf8yol,10
7v5jf9bf8yol,28
oh1bzvkrnt9j,14
oh1bzvkrnt9j,4
oh1bzvkrnt9j,20
9tt7nqk5yx53,18
9tt7nqk5yx53,21
sa3s5gvx8d0r,9
sa3s5gvx8d0r,22
ibkhyogiw6qf,6
wde5c2w5u92b,15
wde5c2w5u92b,29
wde5c2w5u92b,3
jkoa72ledijs,8
u38lzntp6cmv,9
u38lzntp6cmv,27
di6wtr7qp5k3,28
di6wtr7qp5k3,12
di6wtr7qp5k3,2
w7mcqdr0dws1,7
w7mcqdr0dws1,10
w7mcqdr0dws1,16
wvil0aobg2r2,5
wvil0aobg2r2,15
8bk2ggm9d1hb,13
8bk2ggm9d1hb,11
8bk2ggm9d1hb,8
ar9gq05t7fzt,23
nnkcdrkw7crd,28
qpzw3icazlkg,20
0cp1hzpysfdu,27
0cp1hzpysfdu,12
hc58wkufgq0h,24
4nta5nv7bezu,29
j7yamof8cvq4,7
j7yamof8cvq4,6
j7yamof8cvq4,27
mu0254ch2rcg,26
mu0254ch2rcg,14
8g9v4el1xdls,2
o830nxm7ngem,27
o830nxm7ngem,3
o830nxm7ngem,1
f3dhi828h6wy,19
f3dhi828h6wy,3
mqbgib3u43jj,26
mqbgib3u43jj,22
hdy113swv4wl,22
hdy113swv4wl,29
hdy113swv4wl,4
xk22gunasyjg,7
xk22gunasyjg,21
xk22gunasyjg,13
a8d2tt38bkv4,21
6r6ym8ze0hfy,16
6r6ym8ze0hfy,19
6r6ym8ze0hfy,25
z8kq490dbmb3,20
z8kq490dbmb3,1
z8kq490dbmb3,21
ciokcgohmgfo,9
ciokcgohmgfo,28
ciokcgohmgfo,18
ajo1x3oeyubu,6
ajo1x3oeyubu,13
hj8zrfmwnbzt,29
hj8zrfmwnbzt,25
db4c7h1qzten,20
zu2y9yosfdy5,11
qeronnp8nrt3,29
qeronnp8nrt3,19
qeronnp8nrt3,13
k4jktnf7gxny,20
sym6zvt1hcpo,17
sym6zvt1hcpo,29
sym6zvt1hcpo,13
p50veo5m9mhl,27
js0mehpeegl0,27
j1a2ycd4cmw0,4
j1a2ycd4cmw0,7
ypnc1ao7uuu3,2
ypnc1ao7uuu3,20
ypnc1ao7uuu3,7
7wd32dij2sgj,5
7wd32dij2sgj,7
7wd32dij2sgj,4
yb6wnkgfbbc5,4
yb6wnkgfbbc5,12
yb6wnkgfbbc5,27
hgp4dltwhnxv,11
hgp4dltwhnxv,15
u6middnnwq62,19
u6middnnwq62,1
u6middnnwq62,5
3gmhcmn43y43,7
q78oevjje0y6,19
q78oevjje0y6,24
ymzbo990y6r5,16
6j7u4ljosawq,9
941gnifpn9b6,26
941gnifpn9b6,19
rq5tph5xduft,26
rq5tph5xduft,18
5sv2fu7m6a8q,26
v1jil7qp3vhj,4
v1jil7qp3vhj,29
qpzlm0fbduyt,12
qpzlm0fbduyt,16
fj6eocvso43d,1
fj6eocvso43d,13
vl40r5lydm1b,20
vl40r5lydm1b,13
4fmozsq74625,18
4fmozsq74625,21
4fmozsq74625,14
hozxd89j1zdr,3
hozxd89j1zdr,7
tgbqkophcrva,15
tgbqkophcrva,14
tgbqkophcrva,10
ei4batuwouuc,23
ei4batuwouuc,1
g9o5h2t0b62f,20
9t32gvym9oq3,3
8bqj4lduvlfc,11
3sdj838n7lba,17
3sdj838n7lba,16
f2e5kdfldedz,14
f2e5kdfldedz,20
f2e5kdfldedz,3
kgcs21b5c4sc,2
ec49f8dymkvn,29
ec49f8dymkvn,13
ec49f8dymkvn,24
iqdqe9d19k4c,10
iqdqe9d19k4c,14
iqdqe9d19k4c,6
x1qkgn2lxb47,2
x1qkgn2lxb47,8
x1qkgn2lxb47,22
fnk2q8c1ktxy,29
fnk2q8c1ktxy,25
fnk2q8c1ktxy,11
jtlrt2fzc5y1,19
r4i2zpjtu4yo,18
r4i2zpjtu4yo,13
r4i2zpjtu4yo,23
jymdqw1uc1mz,17
jymdqw1uc1mz,28
0f3ufvxc5hvv,26
0f3ufvxc5hvv,3
1999k9h3i4ip,1
1999k9h3i4ip,27
1999k9h3i4ip,5
j037i004yiim,22
j037i004yiim,21
ft356btbmogk,14
ft356btbmogk,15
s0m1pzqhhua4,20
a9ehz3ctnqwo,10
a9ehz3ctnqwo,27
u2bfppmyatrg,6
scjsbpju4kjs,8
ukjcnsyo61ym,23
ukjcnsyo61ym,16
lhp0ec2dxfpa,19
lhp0ec2dxfpa,5
lhp0ec2dxfpa,10
sq7wqj007mbw,15
p21xzhqoak1r,22
la1omfgs7z08,8
la1omfgs7z08,20
s4fkaxnfhk4m,29
znch37psctqx,8
spsiiauprji4,7
spsiiauprji4,22
spsiiauprji4,11
3bpfdnwoi7fe,1
3bpfdnwoi7fe,26
njh8l2q06dp2,16
2kbs0o1llaqd,18
2kbs0o1llaqd,12
bn92r29wy70z,23
bn92r29wy70z,4
acdwlljph0bm,28
acdwlljph0bm,3
acdwlljph0bm,13
cbkhd6jw0qjc,13
cbkhd6jw0qjc,10
a0o5ffjmys90,4
a0o5ffjmys90,16
a0o5ffjmys90,18
gej95b5iuipy,15
xlrei8j1asc3,25
ker5hpuxqut6,10
ker5hpuxqut6,4
vu1phyjdepgu,25
7btkizpvoa2p,28
xtvvmmmniouz,19
xtvvmmmniouz,22
xtvvmmmniouz,13
a6j4z11wn1fx,25
ocjgq96kiwww,12
1l92nibxrfdf,28
1l92nibxrfdf,9
z9vcfrixn385,21
z9vcfrixn385,14
z9vcfrixn385,16
tbxfsc8avmq7,8
tbxfsc8avmq7,3
tbxfsc8avmq7,5
8zpl0i6o5zjf,4
8zpl0i6o5zjf,10
oigc9r2t8dmj,20
yl22t87afjp4,5
yl22t87afjp4,20
yl22t87afjp4,23
8gnpy7b64b84,27
8gnpy7b64b84,4
8gnpy7b64b84,6
s0mgpy6hh3hn,12
s0mgpy6hh3hn,26
3dj96rdu7glv,22
zi6tl5mwdk8d,22
zi6tl5mwdk8d,21
9wb24yw5ls5s,11
nm2o8v09yi3y,6
nm2o8v09yi3y,7
nm2o8v09yi3y,8
x1zg49ld1buk,9
x1zg49ld1buk,24
x1zg49ld1buk,21
qx7kaa62y6su,7
a1xh3nu4t6hx,10
a1xh3nu4t6hx,24
a1xh3nu4t6hx,28
ab7dzbzan7ou,1
ab7dzbzan7ou,12
swenh42s9r2q,14
f39d4kafr1ne,8
f39d4kafr1ne,25
xwv0jzrpt66k,29
roin361zzyuc,9
roin361zzyuc,8
89hmzz70bizk,3
dal5z0z2ux9w,27
dal5z0z2ux9w,10
dal5z0z2ux9w,28
59rl1kaz1qhs,11
00u9otx16xfc,14
00u9otx16xfc,8
00u9otx16xfc,21
qrj8gwzh0d2t,2
pvgqvw3g2yq0,22
pvgqvw3g2yq0,6
13loaa2owl33,8
13loaa2owl33,20
97aogvt6twqr,3
4ln2srgf6vql,23
4ln2srgf6vql,25
4ln2srgf6vql,13
s6yt0g5l5328,12
s6yt0g5l5328,17
s6yt0g5l5328,29
qmqjci6oh0ho,18
9vzp2iy3stx2,9
9vzp2iy3stx2,8
9vzp2iy3stx2,16
6sidz2bf554p,20
6sidz2bf554p,2
38klue9hrpl2,20
506gyrnbzqk9,29
506gyrnbzqk9,17
6e3f4kkud3af,28
6e3f4kkud3af,15
6e3f4kkud3af,4
u7zfs5xnvoww,6
p280aro9r1nq,3
8c3bbu4lhkme,18
8c3bbu4lhkme,12
joguofb6ongg,27
joguofb6ongg,20
dtnf04kq91eg,5
dtnf04kq91eg,2
dtnf04kq91eg,22
ddyxgstv5y7a,7
ddyxgstv5y7a,17
ddyxgstv5y7a,28
3hgm81zdbhb6,1
3hgm81zdbhb6,2
3hgm81zdbhb6,7
6ksi9skvbi66,4
6ksi9skvbi66,28
6ksi9skvbi66,17
ld8b54f1xgd7,14
ld8b54f1xgd7,12
ld8b54f1xgd7,15
61c2e4ph95t2,4
iwv1t14ws6rs,7
iwv1t14ws6rs,16
ns0f77wp9c8s,17
sy2j7p4h2pbw,19
sy2j7p4h2pbw,17
0y5eb87drn6c,21
snujj0khf6dj,5
pkyt3ptcbd25,24
pkyt3ptcbd25,3
vp3pzg908qpt,18
wv9kjcehwvnn,5
yjjt2vvgpx3i,13
yjjt2vvgpx3i,20
6zd0wwkpkq3z,26
gfm9g5ld3zbb,29
gfm9g5ld3zbb,26
gfm9g5ld3zbb,9
jk2pfps2jhzv,27
jk2pfps2jhzv,25
d5oy3zybife8,12
d5oy3zybife8,22
qkv36l6arn33,27
qkv36l6arn33,12
qkv36l6arn33,1
89zhzs6utlnt,7
89zhzs6utlnt,24
89zhzs6utlnt,22
5qyh4h1j9vnj,22
5qyh4h1j9vnj,1
5qyh4h1j9vnj,2
gpejmuxpg38h,5
gpejmuxpg38h,22
qbsi5hs25ftn,22
dxydg1uf0pp4,5
9d2l0kjofa5v,14
47f3msn6083l,17
uou8t0rhx4ug,19
8sw6hyt1ktxn,25
8sw6hyt1ktxn,18
8sw6hyt1ktxn,4
tvtlhqcsxuj0,13
tvtlhqcsxuj0,16
ivn7c7fdd814,28
ryjmigs0x04d,15
ryjmigs0x04d,16
ryjmigs0x04d,8
b1udsk9iwpc8,12
b1udsk9iwpc8,16
0rf4xkxajhnh,24
0rf4xkxajhnh,18
0rf4xkxajhnh,22
9vcl6rcu902s,6
9vcl6rcu902s,12
kwx6wrpf00zr,8
6vfo23fp9cdf,22
6vfo23fp9cdf,11
goexakn20v6f,28
goexakn20v6f,25
rexdej0lhuj1,2
42ywvj229tw8,28
wpdfhxxenhci,1
wpdfhxxenhci,5
wpdfhxxenhci,24
1ax5zv9s0m65,23
1ax5zv9s0m65,4
hqnm4p58zmem,5
hqnm4p58zmem,29
b3p3ulalg0ix,11
0gqvtg7v93cr,4
0gqvtg7v93cr,14
vmcuu1gek9nc,7
vmcuu1gek9nc,16
a7wfkovn3cav,15
a7wfkovn3cav,6
qgev4efv7pdt,4
9unf39p73fh6,26
aul64hgaydsm,11
4e2an5r6x8wp,14
4e2an5r6x8wp,18
tn1xuxgcxi6k,2
tn1xuxgcxi6k,26
tn1xuxgcxi6k,21
0901eze0f9yo,8
n1uz295byjt0,2
da8igidag2vs,4
ngsygh8tzxh5,18
ngsygh8tzxh5,14
9xkuaw77aauq,5
vvx6sfnuxh2u,2
vvx6sfnuxh2u,23
vvx6sfnuxh2u,3
8o11twglwkcl,23
8o11twglwkcl,9
rzkak2wn89jo,7
rzkak2wn89jo,19
yn18mwc8oeva,19
jqe436l1py75,8
ldcoupyxef6u,13
ldcoupyxef6u,22
93310nb0riaz,8
s5hnqdb5hu09,8
s5hnqdb5hu09,14
856n1vrkk6io,20
5f30uoxm69v3,17
zne01zs4qdtl,12
zne01zs4qdtl,9
zne01zs4qdtl,24
g3jeosz7ozgp,7
g3jeosz7ozgp,8
g3jeosz7ozgp,6
xapkcv5g4qm6,2
xapkcv5g4qm6,18
xapkcv5g4qm6,22
6vkphuhlf1og,6
6vkphuhlf1og,10
h5g9wctikqae,20
ssjyis7pzhl8,3
ssjyis7pzhl8,4
ssjyis7pzhl8,9
vs3s8msyzsf2,3
8bvpv2bzttqh,27
0pqeyyq5bwa0,4
z61396zgk7cw,22
z61396zgk7cw,12
4d8rqe28oyrw,21
4d8rqe28oyrw,16
axfn57tkdtgn,26
axfn57tkdtgn,17
axfn57tkdtgn,20
7f2w4dddepwt,6
7f2w4dddepwt,3
r8f2dj21qzru,3
r8f2dj21qzru,29
r8f2dj21qzru,17
a3dyz0wdenpn,11
a3dyz0wdenpn,16
elcqai5serzh,13
elcqai5serzh,27
elcqai5serzh,2
cdo2d70cskld,19
cdo2d70cskld,1
5409abpxwtk5,5
5409abpxwtk5,23
5409abpxwtk5,3
5q39nxehvf2p,9
5q39nxehvf2p,20
urx283mnrfin,14
urx283mnrfin,2
rx9hmt98blla,21
rx9hmt98blla,19
rx9hmt98blla,16
4ab58ixl64kl,26
4ab58ixl64kl,11
4ab58ixl64kl,10
6a59cjuje1in,29
6a59cjuje1in,26
obijps85xqog,5
obijps85xqog,1
q1rm1wfgnrxi,8
cfwhtptbx27t,3
cfwhtptbx27t,18
cfwhtptbx27t,14
5ga2iajubry6,22
5ga2iajubry6,20
w5mpq2g6arc1,3
w5mpq2g6arc1,18
d14xkovzuu35,8
d14xkovzuu35,10
d14xkovzuu35,11
2vhey2f174z3,27
pvuviqpe8etc,1
pvuviqpe8etc,21
exqlmygn6xl4,8
exqlmygn6xl4,5
45pjigrowj8z,10
45pjigrowj8z,9
2x6oi1ds7gln,27
2x6oi1ds7gln,1
2x6oi1ds7gln,16
3yp2f2hb8ot7,29
3yp2f2hb8ot7,13
3yp2f2hb8ot7,14
x7n9zhdljxko,21
x7n9zhdljxko,17
t3feqp30rljj,6
t3feqp30rljj,15
t3feqp30rljj,24
4g8v4tsipo4k,25
old1laa0peq1,2
old1laa0peq1,1
88oo6fge4b6q,27
88oo6fge4b6q,18
w4vkml6txagd,6
w4vkml6txagd,21
w4vkml6txagd,14
u4lfj4iyodmu,19
mer5e5nd2w3l,27
mer5e5nd2w3l,29
ki0e7db7lf5a,9
ki0e7db7lf5a,14
ki0e7db7lf5a,6
patlc8xot322,3
patlc8xot322,12
patlc8xot322,6
n87wv9telicr,7
libh3omkkha8,27
3ie6d1won5t5,4
3ie6d1won5t5,21
3ie6d1won5t5,8
svoz09tpcsec,18
pzlrpf2ly7f5,23
pzlrpf2ly7f5,16
pzlrpf2ly7f5,1
ajnhyph5nsn8,20
ajnhyph5nsn8,17
ivs8imzxvyy7,3
eeli3ulv8cn7,8
fatqzkfijs6v,24
fatqzkfijs6v,27
j9pr5lykseth,25
j9pr5lykseth,4
q6ikc65kc202,12
xgyrokhy5bj1,10
c9nmejgp3s62,13
c9nmejgp3s62,26
66j0u9czkwjd,24
xyuz67m2qqvh,25
xyuz67m2qqvh,13
p5gjgfm5twv3,22
p5gjgfm5twv3,29
p5gjgfm5twv3,3
d8zw2w8lidy7,10
pubp0p3bu901,3
pubp0p3bu901,21
pubp0p3bu901,24
g8jj5m4vl92v,12
g8jj5m4vl92v,18
g8jj5m4vl92v,19
qnkbxwym5zvr,22
qnkbxwym5zvr,14
qnkbxwym5zvr,17
f469gkepo8de,27
79eq8uoblm66,20
qxthsasv1a0b,14
794t0a1sbois,15
794t0a1sbois,11
gaapw8i7gwa1,22
gaapw8i7gwa1,3
gaapw8i7gwa1,7
sh9czk0knetp,13
sh9czk0knetp,4
sh9czk0knetp,9
ta1ygg0j0mcc,9
ta1ygg0j0mcc,25
beokpdad5uxf,17
beokpdad5uxf,10
beokpdad5uxf,22
z20i4py2wshe,4
z20i4py2wshe,22
z20i4py2wshe,24
2emdvwqffhkh,12
2emdvwqffhkh,24
2emdvwqffhkh,20
43f4vzkn7451,21
43f4vzkn7451,2
43f4vzkn7451,18
t3ioy3x6ovvw,4
t3ioy3x6ovvw,11
t3ioy3x6ovvw,5
zq7j22r4q50a,11
zq7j22r4q50a,9
lr91qz3mh09s,28
opwvysvf7bpj,16
opwvysvf7bpj,21
p0ohmr6ukzy1,29
zcfux4psjxtu,17
3wxvnbb1v9sb,10
3wxvnbb1v9sb,15
frla3opxdyko,7
frla3opxdyko,17
uvliu8yu7zoq,4
uvliu8yu7zoq,16
uvliu8yu7zoq,26
xc79l0vtguqg,3
d5qbv9bqfp88,5
397ptmfqzhba,4
397ptmfqzhba,18
p3z9l3zehbek,27
px9lfe9nfm08,3
px9lfe9nfm08,26
ms9xpwufzh5p,25
ms9xpwufzh5p,28
01txexoguuod,25
01txexoguuod,18
iupzacna4m6j,11
unz5f1gxxug7,29
unz5f1gxxug7,28
jeql931j7twz,22
jeql931j7twz,9
cg0zlzxbm51n,23
cg0zlzxbm51n,29
cg0zlzxbm51n,24
jvh6o46fi0bp,13
jvh6o46fi0bp,25
jvh6o46fi0bp,4
cd0vmveid6a8,8
cd0vmveid6a8,11
cd0vmveid6a8,6
c4iu5rcsdm0s,1
s1a0giyyctwq,1
s1a0giyyctwq,13
s1a0giyyctwq,19
pc4hcedc0q6g,21
pc4hcedc0q6g,5
ir522oecxjm1,27
ir522oecxjm1,18
ir522oecxjm1,29
18kh6cv0ppko,19
18kh6cv0ppko,6
pxa7pndwbdtq,10
pxa7pndwbdtq,27
pxa7pndwbdtq,11
suav54cz78vn,10
suav54cz78vn,21
gmd4w7hxu7bx,10
gmd4w7hxu7bx,6
b8n4kfudxr0m,17
b8n4kfudxr0m,28
b8n4kfudxr0m,16
c01bvp8z9ryv,16
c01bvp8z9ryv,27
9l95p1ke3qpo,9
oze00mk5a14r,25
29iciw93ddyr,29
29iciw93ddyr,8
4y1wvk8hbwgd,3
4y1wvk8hbwgd,17
tpn3k1eommru,22
tpn3k1eommru,28
pjmp3ff4wyp7,9
pjmp3ff4wyp7,1
pjmp3ff4wyp7,20
kc1cyikkzl2y,28
kc1cyikkzl2y,16
wlf86034linb,20
6y83ucxjla28,12
6y83ucxjla28,19
6y83ucxjla28,11
1e5ljr2rjqap,19
1e5ljr2rjqap,13
xb2g7736y9ql,9
xb2g7736y9ql,10
xb2g7736y9ql,15
5a0h7pc5nylo,2
5a0h7pc5nylo,24
5a0h7pc5nylo,5
m4ojbon7sqsa,15
m4ojbon7sqsa,2
m4ojbon7sqsa,25
7b712cu62isw,26
nl41xnfedh82,11
sz294871ef9a,29
sz294871ef9a,10
uyyau8vk54wo,24
uyyau8vk54wo,15
kmgktb6p47t7,9
kmgktb6p47t7,3
azx0lsth6eox,21
qvh3a4ra8goq,2
qvh3a4ra8goq,3
45ti29lqk1hm,12
45ti29lqk1hm,20
45ti29lqk1hm,23
2p553zfb4rzo,5
2p553zfb4rzo,29
2p553zfb4rzo,9
zea46761aue8,27
zea46761aue8,15
zea46761aue8,6
w77y26ukr3tm,9
w77y26ukr3tm,26
v1ib456ugfs0,16
v1ib456ugfs0,13
i7wl22yqjjau,10
i7wl22yqjjau,29
pcgs4v1vd4gn,6
4okgaxl6os2u,18
4okgaxl6os2u,23
4okgaxl6os2u,12
f5myp694l99s,17
f5myp694l99s,10
nj500zno7pg6,3
nj500zno7pg6,24
1dz64ky4oleh,1
1dz64ky4oleh,17
cr109cfo1cuu,5
cr109cfo1cuu,13
cr109cfo1cuu,7
4uacw1cvcwoh,24
4ma5vortywys,2
8zl87rkz7f70,20
8zl87rkz7f70,10
8zl87rkz7f70,6
42t6usfso63t,18
42t6usfso63t,23
42t6usfso63t,17
hzkopuu61cqz,20
hzkopuu61cqz,7
rugtnxgmn1j2,25
rugtnxgmn1j2,13
keymvmwe0itm,19
24n2z1q5r6m5,10
zjd2acc6g489,25
qwkxq7om2n2w,4
xfl4h03sa1kd,1
97g80pjsxgnk,15
i9ts6ca5arvz,3
i9ts6ca5arvz,23
nna4racw8lzg,12
92jjrqchc17l,16
p79t3wbdx9jl,28
p79t3wbdx9jl,12
p79t3wbdx9jl,26
49d63glngs9d,16
m53hf5g6wf6p,8
m53hf5g6wf6p,27
m53hf5g6wf6p,20
4l2aztd6r5qy,14
17rhxkquhwec,10
17rhxkquhwec,8
17rhxkquhwec,15
skd18vktxb66,20
skd18vktxb66,29
skd18vktxb66,8
zit8vxbmux7c,21
oof46wgg4j9x,3
oof46wgg4j9x,18
vue2zf9h22z1,21
vue2zf9h22z1,20
vue2zf9h22z1,26
o884smt2zxzb,24
o884smt2zxzb,4
o884smt2zxzb,2
gitajudcliy6,10
gitajudcliy6,3
82nt3keh2jt3,27
2efhkl6mxf74,13
2efhkl6mxf74,20
2efhkl6mxf74,2
pyd929qom8xj,4
pyd929qom8xj,13
pyd929qom8xj,29
dskg5dl5d99d,10
dskg5dl5d99d,4
k3cva1e2ivw1,14
k3cva1e2ivw1,11
k3cva1e2ivw1,22
fgl6bp91o1mw,19
2ch3a150mgdu,4
wbiyweb1qgfm,23
wbiyweb1qgfm,9
wbiyweb1qgfm,15
e79n9u0wuh48,5
yzfpclr5yyce,20
x3s8a3dssyvh,27
x3s8a3dssyvh,7
mqcawc7gwrc0,3
mqcawc7gwrc0,8
mqcawc7gwrc0,6
za6nw486cyn2,14
uwlpl3xoxu7q,15
uwlpl3xoxu7q,10
h8t81lqsppbh,18
f7dydloea6h5,4
f7dydloea6h5,14
f7dydloea6h5,11
jfbpx9niugzq,10
jfbpx9niugzq,12
0ph19rs3neng,11
wivdrrl69w5m,12
tf37tvn79yn1,16
tf37tvn79yn1,12
2100uthch0za,28
2100uthch0za,19
2100uthch0za,25
lgykl3hkcwmc,11
lgykl3hkcwmc,10
lgykl3hkcwmc,23
yz8dz0nlosum,10
yz8dz0nlosum,26
wq0r32whljdf,25
ubd6gnxe3rga,20
7ma3ih5ev058,20
7ma3ih5ev058,12
0rq40ts9s72v,22
0rq40ts9s72v,19
qt01snvvrv4l,9
qt01snvvrv4l,3
qt01snvvrv4l,26
o8qy8vge82b8,6
aqsshwdx9aq1,8
8r4l6kuw2by0,22
8r4l6kuw2by0,15
j0elmnum0tac,10
j0elmnum0tac,7
2uewu0j7ny7k,11
2uewu0j7ny7k,21
8ycczzplgcc7,6
8ycczzplgcc7,7
8ycczzplgcc7,9
oz3n2yaes57b,19
oz3n2yaes57b,24
oz3n2yaes57b,6
rvfcf2tsdcp8,15
rvfcf2tsdcp8,1
utikvuz6ffko,27
utikvuz6ffko,10
g3i4an2fdqkn,22
narbvscn2kdb,25
narbvscn2kdb,11
odxe3mestpv3,20
efq4n2c6expn,4
efq4n2c6expn,8
5qs345ivwkyu,18
5qs345ivwkyu,25
6gttvep7phk6,21
6gttvep7phk6,6
u845xyxwpra1,26
u845xyxwpra1,7
l8il3yq53em5,9
l8il3yq53em5,27
l8il3yq53em5,4
po5q6hyb5676,20
po5q6hyb5676,2
po5q6hyb5676,29
byr6aa3zc3xd,20
byr6aa3zc3xd,14
byr6aa3zc3xd,6
yj9r0kjgw2hj,3
yj9r0kjgw2hj,7
yj9r0kjgw2hj,13
vprbobjkg5hs,12
vprbobjkg5hs,23
swhb6u48sq2t,5
swhb6u48sq2t,22
lrhszs3gkw0q,27
fd51io4sy73w,8
ql28k8bh4j4y,17
uyxvbl7q2v02,8
hoyltnvginlb,26
hoyltnvginlb,2
hoyltnvginlb,22
ryv44xwpyox7,20
7iqrioyp3g45,24
2us28vbc5na2,19
e7c6sbu84txk,16
m5pf0mvqtlkc,26
m5pf0mvqtlkc,11
m5pf0mvqtlkc,6
yy0dar72vvm8,3
yy0dar72vvm8,11
pekl3ngftjc5,22
pekl3ngftjc5,26
4tua9muxegyc,6
mt7dalqsdml9,8
mt7dalqsdml9,4
mt7dalqsdml9,17
l966d5uprt2l,24
l966d5uprt2l,6
l966d5uprt2l,15
8lmmn2g8hx0c,23
8lmmn2g8hx0c,25
8lmmn2g8hx0c,29
oz6xlmhhao2j,6
oz6xlmhhao2j,12
bjmrakktpij1,10
bjmrakktpij1,24
v3bk63e1912l,18
v7pt54orxi2p,22
v7pt54orxi2p,18
v7pt54orxi2p,19
237j7430tl4h,27
237j7430tl4h,16
237j7430tl4h,24
8grdtjwutoa0,16
8grdtjwutoa0,24
8grdtjwutoa0,20
69l8e1ugk4a7,20
69l8e1ugk4a7,13
odstjjk2egmm,8
4jh7qmiddsqr,22
4jh7qmiddsqr,9
4jh7qmiddsqr,5
1idni4qd7ory,28
5835j01ch74k,3
5835j01ch74k,8
5835j01ch74k,19
hgwcqixr18iz,26
56cqtk0n82he,19
56cqtk0n82he,11
53zq0bhmjlea,4
53zq0bhmjlea,25
53zq0bhmjlea,2
r7chtsknq3b0,3
1l0yiu5h8exg,27
1l0yiu5h8exg,21
1l0yiu5h8exg,15
l9jf8k23f0y5,7
l9jf8k23f0y5,1
l9jf8k23f0y5,6
91h7mcnm74x9,9
91h7mcnm74x9,16
qzhdt7jzd37b,26
pb3bv56ztf26,5
pb3bv56ztf26,28
ctkfu79bmfz5,3
ctkfu79bmfz5,7
490zhl7kcl67,18
490zhl7kcl67,29
490zhl7kcl67,8
984wjttc7bc9,28
984wjttc7bc9,23
984wjttc7bc9,25
dhjx9e9hl176,22
c9uqkrl6f6if,6
qx2z1pz9ntw7,23
ssnjr76snd8e,26
f18hc35d8rf3,16
f18hc35d8rf3,24
f18hc35d8rf3,26
0nsga7zrxpvt,20
k1skw5s2altv,2
k1skw5s2altv,13
r3asleb7arg7,5
r3asleb7arg7,14
r3asleb7arg7,3
1awiqxa1cqnn,3
ywhv03zfvql8,26
ywhv03zfvql8,1
ywhv03zfvql8,16
zyfzheh3a9bg,1
zyfzheh3a9bg,6
zyfzheh3a9bg,5
1ijiyorqiwko,13
yry0lvohvo08,28
yry0lvohvo08,4
yry0lvohvo08,21
7v73n1so8yzf,15
7v73n1so8yzf,29
jdh1vw8wqa4q,11
cd4942n09de9,6
f24bhpt3rm17,22
f24bhpt3rm17,12
f24bhpt3rm17,28
7mln4gj7yzp0,3
aa1y34gtdoed,7
aa1y34gtdoed,25
aa1y34gtdoed,6
6y01k6xupm2v,29
6y01k6xupm2v,9
6y01k6xupm2v,12
xj2f6ccl39zj,19
cnvotb6npn2o,22
cnvotb6npn2o,26
cnvotb6npn2o,14
d2z2nzdxxm3z,19
d2z2nzdxxm3z,20
d2z2nzdxxm3z,7
wfap5djk7ck0,7
wfap5djk7ck0,4
wfap5djk7ck0,3
zayf2u0rte6p,22
zayf2u0rte6p,21
cgpccd859etn,1
cgpccd859etn,3
oznjn3elhzct,24
jlhlce1hlzrr,22
jlhlce1hlzrr,12
itr9lcakyexf,29
itr9lcakyexf,5
cpf4do01esxc,13
cpf4do01esxc,25
cpf4do01esxc,21
fc4ia45z5oqh,12
fc4ia45z5oqh,29
fc4ia45z5oqh,7
ul1uwbpvdgqr,26
qdgcosdrfs26,3
qdgcosdrfs26,9
qdgcosdrfs26,27
11b1vzmhcrze,10
11b1vzmhcrze,24
ghsxeypmz1lw,11
kuwnzems0ijp,4
kuwnzems0ijp,16
fwt764p3h4vt,23
fwt764p3h4vt,21
do7n4vqwn5qt,10
do7n4vqwn5qt,1
ftwthitt8rj2,23
ftwthitt8rj2,3
f2o9jsrxmklz,12
f2o9jsrxmklz,1
cumlf6kjuwbi,9
cumlf6kjuwbi,4
cumlf6kjuwbi,23
3o4cpsgc8t62,11
3o4cpsgc8t62,3
3o4cpsgc8t62,10
yq6i2nsq10l9,4
yq6i2nsq10l9,19
yq6i2nsq10l9,21
6q2ix6p9mw2f,14
3m98gltu3dum,10
3m98gltu3dum,21
3m98gltu3dum,14
vul46zz3af1t,21
vul46zz3af1t,18
vul46zz3af1t,22
xd67os3vycn7,15
xd67os3vycn7,16
xd67os3vycn7,24
5mp11belzi87,7
5mp11belzi87,14
5mp11belzi87,13
9jzljdcxwgjb,26
8qt92z3n3he4,28
8qt92z3n3he4,14
9y7s3oegovf1,12
9y7s3oegovf1,1
uux6hp9ut5u2,8
uux6hp9ut5u2,15
uux6hp9ut5u2,6
biojewq040yn,19
biojewq040yn,2
biojewq040yn,12
vid05m2qqfj7,5
vid05m2qqfj7,7
vid05m2qqfj7,23
005xp74npdxd,14
005xp74npdxd,26
hmkcd601jbdb,28
a5hlsqdtmcmm,12
a5hlsqdtmcmm,14
a5hlsqdtmcmm,16
cwjrpi1t3jtw,23
cwjrpi1t3jtw,28
cwjrpi1t3jtw,16
owmpst6qcngq,21
owmpst6qcngq,14
39s88yyla42s,15
39s88yyla42s,17
ypbkb05n4w1c,2
ypbkb05n4w1c,8
ypbkb05n4w1c,27
uup1b2uslhsw,18
0kmig42noxbz,16
0kmig42noxbz,12
4uo4cns133u9,17
898c2epqzdbf,1
898c2epqzdbf,28
by3mxuumh2jl,18
by3mxuumh2jl,23
kc7w2yuddmhx,4
kc7w2yuddmhx,8
yrws5wf8fyop,11
4bfq6gke897z,3
4bfq6gke897z,29
h14iz8dllor6,29
h14iz8dllor6,14
4ytuhyq1h9l7,8
4ytuhyq1h9l7,21
4ytuhyq1h9l7,7
it1xljrqlbfo,10
scl2lmj6kwt8,4
scl2lmj6kwt8,8
3z8kfm2wfbv5,24
3z8kfm2wfbv5,10
954s5kqypeim,2
954s5kqypeim,11
954s5kqypeim,13
y2glmmmob45c,24
y2glmmmob45c,26
y2glmmmob45c,10
fm1h3qz3z9gd,25
fm1h3qz3z9gd,5
yicouube18az,20
yicouube18az,8
yicouube18az,24
czuggudbwdq3,17
czuggudbwdq3,4
151qcjjy6lta,9
151qcjjy6lta,8
151qcjjy6lta,3
ayf9p67rpewt,28
ayf9p67rpewt,26
ayf9p67rpewt,24
nun2k212jb2o,21
nun2k212jb2o,17
nun2k212jb2o,7
7sfhxpv3kqop,3
ogfmfqz0i6l5,22
ogfmfqz0i6l5,4
ogfmfqz0i6l5,27
0jo8iph2uidg,17
0jo8iph2uidg,13
509l94oa9bw4,21
1l7ec2bibpzy,21
1l7ec2bibpzy,28
1l7ec2bibpzy,9
x5n9kpvg4zdn,25
kss2gd38kphk,27
kss2gd38kphk,16
kss2gd38kphk,8
xqk8ynk8fgry,14
xqk8ynk8fgry,2
bpnf1tpd6xka,12
bpnf1tpd6xka,27
bpnf1tpd6xka,24
6d5hthvo6e8y,16
6d5hthvo6e8y,12
6d5hthvo6e8y,5
qifibkogcb2p,28
d03q8kg0pje9,10
d03q8kg0pje9,23
9a0d6lxndin5,6
9a0d6lxndin5,28
9a0d6lxndin5,10
cxkan2o8kmr7,20
cxkan2o8kmr7,24
7f8f0xj7ahcj,9
7f8f0xj7ahcj,15
7f8f0xj7ahcj,12
f3q66jn9n2yf,8
qh1mcja2cuii,28
qh1mcja2cuii,18
cfrwo4x99q44,23
cfrwo4x99q44,7
cfrwo4x99q44,10
l27o1hyoyz04,26
l27o1hyoyz04,11
dcrmzldml6vy,27
dcrmzldml6vy,26
dcrmzldml6vy,16
rdbghd26ptmx,24
rdbghd26ptmx,18
rdbghd26ptmx,21
pd3g425dubg7,27
xsgjyfwkade1,28
xsgjyfwkade1,23
xsgjyfwkade1,2
vmugrp7l2re4,20
vmugrp7l2re4,13
ytnxpl7zib7g,10
edjr4mlenbsi,9
edjr4mlenbsi,5
540e1v0fopxu,6
769dj8n69u3w,8
769dj8n69u3w,20
7qumij2b54qu,10
7qumij2b54qu,5
7qumij2b54qu,11
v7o09bjgh41l,17
v7o09bjgh41l,6
v7o09bjgh41l,3
t67bdwosdnzt,18
t67bdwosdnzt,1
t67bdwosdnzt,4
hujxhvnq9xsm,19
bc07oohew2av,18
ptwgtzh9j9na,3
ptwgtzh9j9na,7
ptwgtzh9j9na,22
5naloc89trzv,22
5naloc89trzv,1
l7qqafjfadrc,10
l7qqafjfadrc,24
l7qqafjfadrc,9
c599w4udirxo,22
c599w4udirxo,13
5uocs8wkrn5k,20
5uocs8wkrn5k,22
0phkbryd1eet,10
0phkbryd1eet,24
yq4bmdz6vrr4,19
yq4bmdz6vrr4,1
jmae4gcqrbat,12
jmae4gcqrbat,21
jmae4gcqrbat,4
98pnx291y3jo,11
98pnx291y3jo,18
ett7t7iw7gnq,8
ett7t7iw7gnq,10
oxh8d1m757eh,27
oxh8d1m757eh,13
ny943r2x3oab,16
ny943r2x3oab,26
xonmzoem6h6n,16
xonmzoem6h6n,21
xonmzoem6h6n,6
lamqe0kf3pmf,23
lamqe0kf3pmf,5
lamqe0kf3pmf,22
vkr4lph7i37p,18
vkr4lph7i37p,27
ozoa6youz9xw,17
ozoa6youz9xw,28
60bjnl9qstzg,6
60bjnl9qstzg,7
60bjnl9qstzg,13
msz4qjza802s,16
0vosl4ae6p1o,5
jm9tvgup68gx,26
jm9tvgup68gx,28
tcg1x8df8v0e,18
ktn56wtlilus,17
ktn56wtlilus,19
n67zmv938j2r,12
bp55bbyn8cmz,17
bp55bbyn8cmz,9
6g654xnyvq8i,17
6g654xnyvq8i,12
6g654xnyvq8i,21
7fp65c0jf2cj,28
7fp65c0jf2cj,29
l4s8uhtxo3tx,15
l4s8uhtxo3tx,18
r2a2c0iipx2l,20
cir7dtkcgssd,4
cir7dtkcgssd,11
cir7dtkcgssd,5
a6zhvoy1i4jl,2
a6zhvoy1i4jl,17
a6zhvoy1i4jl,10
o9aqvldnqzob,5
o9aqvldnqzob,25
o9aqvldnqzob,19
beqf23ndb8g4,2
o4kg28i6kzuf,21
o4kg28i6kzuf,12
o4kg28i6kzuf,19
kp83m4s4o0ur,20
kp83m4s4o0ur,24
kp83m4s4o0ur,7
y9fh1sgods3k,2
y9fh1sgods3k,26
1wxyuwo777ev,12
mpnnymuklf2c,19
mpnnymuklf2c,26
bfkyd6msc7yj,13
brrjrmh3qozf,27
brrjrmh3qozf,21
brrjrmh3qozf,8
isub5bfg9v22,9
isub5bfg9v22,6
isub5bfg9v22,11
8d1rbybwz7if,17
8d1rbybwz7if,7
8d1rbybwz7if,20
jmfylfg7awhs,11
6gglsgn6wty9,29
6gglsgn6wty9,3
6gglsgn6wty9,15
xaudf5zf1lw4,4
xaudf5zf1lw4,9
xaudf5zf1lw4,15
oqzraxnpka7r,14
oqzraxnpka7r,21
51n7buhiytdk,25
nriuizkhgnut,8
skrfoxbxeaa2,7
skrfoxbxeaa2,26
i8eadnj4quiy,9
i8eadnj4quiy,4
wfdz5pyyckag,26
wfdz5pyyckag,27
bipwe8exvtnp,15
bipwe8exvtnp,6
bipwe8exvtnp,21
2n0qfofthqq9,8
3nqsecyr2ueo,3
3nqsecyr2ueo,12
5d5bb02qeibn,1
5d5bb02qeibn,27
j2yldjf6zylg,23
j2yldjf6zylg,14
j2yldjf6zylg,12
q5czuomq4hh1,23
q5czuomq4hh1,17
kmna7ap17x2v,24
kmna7ap17x2v,25
p21kzk8jem9x,1
p21kzk8jem9x,11
p21kzk8jem9x,22
bjd806y5yrp7,28
s8uv1nk1scg8,20
hnta6m7k4blw,12
ngz18xmj4pa1,27
bfc2toswnw32,19
5dkdla4lm6qd,27
5dkdla4lm6qd,21
5f3pjurqxvek,6
autowe87q4xn,13
fhtr1b9chaix,22
fhtr1b9chaix,15
fhtr1b9chaix,16
6r8m439yd8kd,13
6r8m439yd8kd,8
6r8m439yd8kd,14
sh66h44eoyb6,10
suhs3unmqi9f,9
suhs3unmqi9f,16
wsqxsq4nqmbk,12
bbxyrme7xpla,20
h6mhgclr4tsy,14
ifakl5d1xgwu,24
6hnnkwk0i8p8,4
cfladdm0trip,10
cfladdm0trip,27
cfladdm0trip,25
skk68jvvxgev,26
skk68jvvxgev,21
skk68jvvxgev,17
n4sbkykgf4dm,24
qq86lkjrfzlt,3
gg2s0xgwcrb7,14
snjnsul94qor,13
7iy628dtwag7,17
c2vjscrzf94s,10
c2vjscrzf94s,24
c2vjscrzf94s,29
paf6w68qqxww,21
meq0v2dhd4vh,7
meq0v2dhd4vh,14
4rl6k4dystgu,1
4rl6k4dystgu,4
4rl6k4dystgu,9
2ejjgiczwy8e,6
njgw1rxahl53,20
njgw1rxahl53,6
fx2t6xrjy0n4,26
fx2t6xrjy0n4,3
9h2pxgdcgmdw,21
9h2pxgdcgmdw,13
9h2pxgdcgmdw,10
f5069sv4i0fg,20
f5069sv4i0fg,9
ai1bm23x3atr,14
ai1bm23x3atr,29
pfcrcwonseuv,4
pfcrcwonseuv,2
pfcrcwonseuv,19
8k0fv4z597zy,22
fg01kot7ibju,5
fg01kot7ibju,11
fg01kot7ibju,12
dlwih65pqrvy,21
dlwih65pqrvy,20
pz8jkzt1yjxj,14
pz8jkzt1yjxj,5
s8wcqzl4dbl4,10
s8wcqzl4dbl4,9
s8wcqzl4dbl4,26
rfafh4gylee9,25
rfafh4gylee9,8
rfafh4gylee9,3
01w0jul2y6p4,29
r0a6oia1fev8,22
q8rc1h6r828q,4
q8rc1h6r828q,12
ubceinldzpj1,16
tbcs52j7n110,8
tbcs52j7n110,3
tbcs52j7n110,16
pr7v9tbxo3td,4
kz2aqb3fngr5,26
trhy6rqgaau0,14
trhy6rqgaau0,1
trhy6rqgaau0,15
dbwhowiy2bsb,25
dbwhowiy2bsb,13
wpoi7pf42do3,23
wpoi7pf42do3,27
wpoi7pf42do3,26
tuk97d78hjia,3
tuk97d78hjia,9
tuk97d78hjia,23
3q82ww1a6in3,18
3q82ww1a6in3,29
r0g3tlxcfbhc,13
kptxjbei4jn4,23
blhf9i7ovedl,9
blhf9i7ovedl,19
lokbqb8u9izm,27
zu9dr2m5x23i,28
zu9dr2m5x23i,6
zu9dr2m5x23i,22
vh3b5d9omcgt,6
vh3b5d9omcgt,4
oncxv3t3ba48,23
7dg76rdxekqq,26
7dg76rdxekqq,6
m5alii3f2cs2,19
m5alii3f2cs2,26
m5alii3f2cs2,17
jmrvjsikofi1,18
jmrvjsikofi1,13
jmrvjsikofi1,23
9bepgz25l41b,8
9bepgz25l41b,27
9bepgz25l41b,1
7b0w877hlpsp,1
99p3zou2xj8p,27
99p3zou2xj8p,24
mcn9z78v2rj4,8
mcn9z78v2rj4,23
ym6cigdbff20,20
ym6cigdbff20,3
ym6cigdbff20,18
h0130cmn8lyl,21
h0130cmn8lyl,11
h0130cmn8lyl,29
t5kwd9ebx73m,16
t5kwd9ebx73m,1
ki6i0o5gtq9g,16
6uuymuvutarx,1
6uuymuvutarx,27
a2ozzq7cxyjx,17
a2ozzq7cxyjx,21
eotv732vt7yu,13
eotv732vt7yu,9
md7zsje1488t,26
md7zsje1488t,9
semc18rofv3l,20
semc18rofv3l,4
fkq5adijztd6,7
fkq5adijztd6,29
fkq5adijztd6,21
5zl5z6t7jo98,19
sha7t764lt9t,22
ir9uvd2716q1,15
ir9uvd2716q1,7
p0w5okkeyh1s,8
p0w5okkeyh1s,11
p0w5okkeyh1s,14
93oea07zp7gz,20
93oea07zp7gz,26
4cgqfwv2wkvt,18
4cgqfwv2wkvt,1
bhloaofh7ref,4
bhloaofh7ref,2
7qg4qof88gfe,27
7qg4qof88gfe,22
7qg4qof88gfe,7
cr2gj3ggt2j1,28
5ua09r6u4nzj,6
5ua09r6u4nzj,13
yw4dbffy24qv,14
sx7yl03otz8i,3
sx7yl03otz8i,24
n9ow4u05q9mc,18
n9ow4u05q9mc,15
p4hapx8o9dvn,1
p4hapx8o9dvn,2
p4hapx8o9dvn,20
h31j5eibth40,24
zct5f4hfuim6,28
aglmwj1kfmrd,13
qxpw8hoaty3u,23
qxpw8hoaty3u,1
i3f0jacq8wvs,6
i3f0jacq8wvs,20
i3f0jacq8wvs,14
0aadeurlblbq,6
zsb67632rg8j,20
zsb67632rg8j,28
5l3aaubznp4r,2
5l3aaubznp4r,28
5l3aaubznp4r,20
i34p7s6k54ag,29
i34p7s6k54ag,15
i34p7s6k54ag,14
bhaky1bsbl5g,24
bhaky1bsbl5g,14
jxfm7icxinev,26
350ztlk2d6m9,26
pytqf69jicj1,21
k2rfe00d2tmu,19
v63aaytnq8y3,23
by7xxtnmga35,3
by7xxtnmga35,21
ma6075qestuy,16
ma6075qestuy,8
ma6075qestuy,13
xou5wq0s66wl,1
xou5wq0s66wl,16
crjqcylr4voy,10
4lb6p6fp6p7q,23
4lb6p6fp6p7q,4
me5dvdhej4p2,1
me5dvdhej4p2,28
rw9icycpg85v,17
8n1ffns92cxr,6
8n1ffns92cxr,18
bi3eijzhhma7,20
bi3eijzhhma7,23
xsidj38bgo5q,16
vydm8dpgi82d,2
trov49rzpfw6,2
1j7s3ctzzs6q,12
1j7s3ctzzs6q,21
1j7s3ctzzs6q,22
4jzvrwbmybx1,24
4jzvrwbmybx1,13
4jzvrwbmybx1,17
9wfzt2mh2cgd,23
9wfzt2mh2cgd,7
9wfzt2mh2cgd,2
xjxsmtqtgarw,16
xjxsmtqtgarw,24
zgk5v2ezlh5m,13
zgk5v2ezlh5m,26
2xf8ltspr5fh,20
z8omys33p49q,10
z8omys33p49q,12
z8omys33p49q,22
y6tgzi0bx43n,17
skqqjxx4fw92,8
skqqjxx4fw92,6
skqqjxx4fw92,9
xeo10l10ulez,26
bmawjatkma8h,22
e37pudl7xoam,18
35sc8l02pgqm,5
wbqi0kx1vqur,13
wbqi0kx1vqur,21
wbqi0kx1vqur,26
kp5vbfo54srt,25
kp5vbfo54srt,24
kp5vbfo54srt,20
r5atyhmcj526,14
uyzk51q7aih8,15
uyzk51q7aih8,28
uyzk51q7aih8,20
iaopjzh5ix4g,15
gibq44ljzafo,14
gibq44ljzafo,10
gibq44ljzafo,12
9s3b6lnewqes,16
9s3b6lnewqes,4
naglygxx2s07,8
x1pgql1qd47n,18
x1pgql1qd47n,22
x1pgql1qd47n,10
ipeonmgg50p0,11
j9d88chk23ox,28
j9d88chk23ox,29
j9d88chk23ox,16
lf3h0ta91mx7,10
lf3h0ta91mx7,8
f8c5i7qprtrq,4
f8c5i7qprtrq,8
f8c5i7qprtrq,13
h3cmhmndinmt,12
h3cmhmndinmt,11
etwn5x536nc9,1
etwn5x536nc9,28
etwn5x536nc9,3
rljftps55jgl,20
rljftps55jgl,7
rljftps55jgl,28
gpbik8okulg7,21
pl7hctd5a3e1,18
pl7hctd5a3e1,15
r60aoz4hl26c,22
r60aoz4hl26c,20
r60aoz4hl26c,11
f9lwbs4z32mx,22
f9lwbs4z32mx,17
3iijpvos1r5m,7
3iijpvos1r5m,22
o1b3mhxchqgt,4
qloyglfvgvwl,28
qloyglfvgvwl,2
qloyglfvgvwl,7
tqk2zo258e5g,8
tqk2zo258e5g,28
3kruwhlmvx7r,2
b8rd39bj884v,5
b8rd39bj884v,25
b8rd39bj884v,6
243fn9ufd5wd,29
243fn9ufd5wd,9
1ijoxd9anjfa,4
1kp5kj22cjhz,27
1kp5kj22cjhz,16
1kp5kj22cjhz,8
u2ewxnoaieme,24
u2ewxnoaieme,13
u2ewxnoaieme,9
dgutzfq2r2zh,5
dgutzfq2r2zh,24
eh9a5dq9346s,10
eh9a5dq9346s,7
2okku27otcls,17
5buokr4h6f8y,29
5buokr4h6f8y,17
zw4d95vmixc7,22
zw4d95vmixc7,10
lbo368xvm6xj,18
lbo368xvm6xj,21
ptk40qahg13r,29
d8ewz2wrvmg2,15
7fzalm4hyxov,5
7fzalm4hyxov,15
i3rmfcp60t1q,15
jsw0tj8c3esk,10
jsw0tj8c3esk,1
wljt63s2g5ve,14
at88iym5qcwt,24
8o7gzictxmhv,26
8o7gzictxmhv,14
8o7gzictxmhv,10
w2gee7r7th1q,17
s3zjoxc9hapk,29
wibhgbg5ygi5,14
wibhgbg5ygi5,24
wibhgbg5ygi5,3
7aqbhj5hvfdu,27
7aqbhj5hvfdu,7
7aqbhj5hvfdu,3
c8dukn685mpo,16
c8dukn685mpo,17
c8dukn685mpo,25
mpm6dzjkod90,2
mpm6dzjkod90,15
ce6lkjq5vkdc,21
ce6lkjq5vkdc,28
u1ekrfb1w0uo,7
u1ekrfb1w0uo,18
u1ekrfb1w0uo,29
aet1aem79xuo,1
aet1aem79xuo,26
aet1aem79xuo,17
o467hyzyj5or,19
nl8l2xerhbw4,28
nl8l2xerhbw4,24
4548knn5o3kk,12
uwrkn2f72vwm,7
uwrkn2f72vwm,3
uwrkn2f72vwm,22
1uugcf0n88i5,19
1uugcf0n88i5,13
1uugcf0n88i5,20
arvrm1ge44dl,16
arvrm1ge44dl,28
4v6inm4lpjbk,7
p3gzpqss8o56,16
0jw82rhxmue3,2
0jw82rhxmue3,11
vxmr5kxdnfi7,3
vxmr5kxdnfi7,18
29cpkzvxj9i2,20
we7js1k9xi5m,27
we7js1k9xi5m,23
we7js1k9xi5m,20
25jciwm8on7z,14
25jciwm8on7z,5
25jciwm8on7z,28
8nvzfm3mibmn,24
8nvzfm3mibmn,13
1mbhxaz88q9f,2
1mbhxaz88q9f,29
1mbhxaz88q9f,8
p1d3jpwb9b3a,25
p1d3jpwb9b3a,19
p1d3jpwb9b3a,16
ezyq5be49rle,29
ecizwmpkoadm,22
ecizwmpkoadm,25
e4utjyx73chu,24
e4utjyx73chu,16
e4utjyx73chu,22
umhccxz9lqgj,1
umhccxz9lqgj,25
umhccxz9lqgj,2
roqd3pm53ofw,4
roqd3pm53ofw,16
kl1t5e787c3d,21
kl1t5e787c3d,22
kl1t5e787c3d,7
5hdgp2o3h0s1,12
5hdgp2o3h0s1,14
5hdgp2o3h0s1,21
miarxunhtoyj,27
8e2irqnt9uav,26
hnx9ferngkto,8
hnx9ferngkto,17
09xqjh12rslw,5
0a5v0izr0rbb,20
0a5v0izr0rbb,8
v2iacnptmy8a,18
v2iacnptmy8a,1
4gdxfuluh9tf,21
4gdxfuluh9tf,5
4gdxfuluh9tf,24
bmu706fn1n5u,6
bmu706fn1n5u,15
bmu706fn1n5u,3
mi9c37ct7xk5,5
mi9c37ct7xk5,10
mi9c37ct7xk5,22
c9pa0m77nzdk,11
c9pa0m77nzdk,16
iktpehjdnxqq,4
iktpehjdnxqq,18
iktpehjdnxqq,20
3gtzusjf7p16,7
3gtzusjf7p16,21
2yhn8ubkhna6,13
2yhn8ubkhna6,4
2yhn8ubkhna6,18
lepzpnpdf82a,26
lepzpnpdf82a,18
xdzten7vrrq0,21
yo40y1ezs3g0,5
yo40y1ezs3g0,28
cyo8ezy60524,9
b6no7hvsezwc,15
b6no7hvsezwc,12
b6no7hvsezwc,25
8hm20zb7of1v,4
5q4hxwregwca,1
vii7l695vle1,28
vii7l695vle1,26
vii7l695vle1,20
ky5sfee2ox36,14
ky5sfee2ox36,3
j0834hv6rstm,6
ljeh2xfnecdn,26
ljeh2xfnecdn,19
ljeh2xfnecdn,25
4y8goq59nr2c,22
gmoeib832zbs,9
ne1w19f4n24t,24
ne1w19f4n24t,29
k35ruh0zcpel,28
k35ruh0zcpel,27
lsuwx9ko7ka5,23
lsuwx9ko7ka5,17
0qi1qvjsyff9,27
0qi1qvjsyff9,11
qe6ms3p8ay8z,22
qe6ms3p8ay8z,21
c2693xky6a0i,7
n3fprrga8t28,23
n3fprrga8t28,19
k6zcd3eh2k9p,18
y5gv8ax7eba1,18
vxl3ehn6w5lt,2
nd2v5qm8xsdx,12
nd2v5qm8xsdx,6
nd2v5qm8xsdx,11
g4tn6053l4wy,5
wdqjwz1dd77q,2
nmo71qnl8zbb,2
nmo71qnl8zbb,28
hk0bext93dwa,21
hk0bext93dwa,17
vsqa70l2eeez,8
gylu52d44ihv,10
gylu52d44ihv,8
gylu52d44ihv,17
j3jz1a1ki6l2,19
r3ob1zlomrdd,16
xre9h3k89je5,23
k1qsbhij8gkv,20
k1qsbhij8gkv,15
k1qsbhij8gkv,24
hz64331id6bq,8
3dx6zmuw3j0j,29
3dx6zmuw3j0j,11
3dx6zmuw3j0j,28
1r00uzi4ktr5,24
1r00uzi4ktr5,17
apx2p4ipmlaw,1
apx2p4ipmlaw,6
apx2p4ipmlaw,17
lenh5krv1y04,11
lenh5krv1y04,14
lenh5krv1y04,4
tgamuiva5xss,2
tgamuiva5xss,19
tgamuiva5xss,16
d5cgea08m6ht,14
d5cgea08m6ht,25
zn6jaugfopo9,4
zn6jaugfopo9,13
hsfaddtiy9qn,5
hsfaddtiy9qn,27
hsfaddtiy9qn,8
n8h5gsy9doad,3
cw6yrh4sy5hx,16
cw6yrh4sy5hx,27
cw6yrh4sy5hx,13
e2iibnfyb383,15
1aofmnno00cs,23
trrgpfacbsdz,20
id22e042184g,20
amavo4p3cml6,1
amavo4p3cml6,5
xnw6bqp2qbnk,7
9bm0x235hzxn,13
9bm0x235hzxn,14
9bm0x235hzxn,22
9n06uwp3no6b,2
y0wchrx7h0ah,9
y0wchrx7h0ah,18
y0wchrx7h0ah,1
hp8vxf06v0qh,4
hp8vxf06v0qh,19
y8hcea8wf6wh,24
2ifh35nr1bji,14
2ifh35nr1bji,7
2ifh35nr1bji,27
tppe5r06hicy,1
tppe5r06hicy,22
tppe5r06hicy,12
fcdx4jijetw2,24
fcdx4jijetw2,23
fcdx4jijetw2,1
qupbit5lbxek,27
7njqo41vebro,28
7njqo41vebro,2
7njqo41vebro,4
91mrsr9jeiom,10
91mrsr9jeiom,13
i13x3ekn0zds,16
i13x3ekn0zds,15
i13x3ekn0zds,3
rmtnutq5eajn,24
rmtnutq5eajn,19
rmtnutq5eajn,10
hqqp2smntcpr,24
hqqp2smntcpr,8
hqqp2smntcpr,27
hxyl5tbcdtv9,18
pphbh0sg5kjk,12
vpju0ia5n07z,2
vpju0ia5n07z,3
hp65xcbhrayq,7
hp65xcbhrayq,18
l549wbobdlz0,23
l549wbobdlz0,1
zjr9btf41jkr,10
zjr9btf41jkr,24
gnrsiurbkqqn,11
gnrsiurbkqqn,26
sj9cmb36efe4,1
sj9cmb36efe4,27
8hgmmo1b6iwh,7
3sk3b07iwbr4,12
5ys9lhtwccab,10
5ys9lhtwccab,13
5ys9lhtwccab,18
gd7tbh46ebl4,11
gd7tbh46ebl4,20
cz8yeldlwr8a,20
cz8yeldlwr8a,27
msn8g2rl3fum,25
msn8g2rl3fum,10
qddy1gqknmen,10
ngx0pz2glz5j,1
ngx0pz2glz5j,19
ngx0pz2glz5j,14
s1oaohue6xwt,26
r0mu223to7pw,19
r0mu223to7pw,12
r0mu223to7pw,3
o3o3ywwjy6y8,29
o3o3ywwjy6y8,22
o3o3ywwjy6y8,28
24glcqp7b96u,1
24glcqp7b96u,24
24glcqp7b96u,7
vbg340emnpdd,27
ht4e3bhn7qi8,10
pd2eb23hbpso,20
pd2eb23hbpso,1
pd2eb23hbpso,5
f9109obrjzlj,22
f9109obrjzlj,28
f9109obrjzlj,18
3esllmxfkq9u,15
9q2i3owe4tv9,5
9q2i3owe4tv9,9
sbwdo0j8rl1m,20
sbwdo0j8rl1m,12
sbwdo0j8rl1m,2
tnk82mgwtxoc,9
9jiyr3uuit71,28
r6uamaf6hb0x,26
r6uamaf6hb0x,10
r6uamaf6hb0x,1
kn4txvvl2tyr,24
kn4txvvl2tyr,8
kn4txvvl2tyr,25
e19t8klk4hlw,1
g30ndbujaxcp,10
mhwxf6ciepsk,4
mhwxf6ciepsk,19
mhwxf6ciepsk,3
4k2j4x88oh1s,17
z03osyj1xo3o,3
z03osyj1xo3o,20
z03osyj1xo3o,22
zdkaebi6026a,18
zdkaebi6026a,7
zdkaebi6026a,28
xp4ayk0xc86s,12
t4zopb4lxun1,20
w928tw92ejr7,19
w928tw92ejr7,15
w928tw92ejr7,25
ulztoaayay8s,8
ulztoaayay8s,2
ulztoaayay8s,19
h5bu0ttpeco5,10
h5bu0ttpeco5,16
h5bu0ttpeco5,1
10rwu02jholx,25
10rwu02jholx,23
0n0d5n4tfm6g,8
0u9ek5po5kvx,9
0u9ek5po5kvx,10
hl9vi1nc718z,25
h1n9pn4qszzx,15
h1n9pn4qszzx,27
leq6c0tw44dm,16
2icl5524nwhe,27
2icl5524nwhe,15
bvfyofvdsb1u,10
bvfyofvdsb1u,24
bvfyofvdsb1u,5
ne5m2xdg4r2g,16
ne5m2xdg4r2g,1
9330spqo8xql,3
lq9p5p4mc65l,25
lq9p5p4mc65l,17
lq9p5p4mc65l,16
j01ij81oj9am,2
j01ij81oj9am,24
cucnep7e1qt9,20
vi2ls585iy74,3
vi2ls585iy74,8
km8hhhrxv337,9
km8hhhrxv337,13
km8hhhrxv337,5
binhbb1hcqv1,17
binhbb1hcqv1,26
binhbb1hcqv1,12
xdzk1zgapq50,11
xdzk1zgapq50,20
w1alia4y7fyi,28
w1alia4y7fyi,27
5y5dq55vehc3,6
qz24sljjm2wh,15
qz24sljjm2wh,7
d6w4cfglf62z,25
e9f22k15r0e4,26
7ybp67nakznf,3
7ybp67nakznf,23
7ybp67nakznf,9
4219acw55djm,24
2p5hgml7or7a,17
jc8wr1aq8zqs,29
jc8wr1aq8zqs,18
utwxts9xd7li,8
utwxts9xd7li,28
pn4jvskipy1r,28
pn4jvskipy1r,2
pn4jvskipy1r,16
6a4wothu7ui2,13
6a4wothu7ui2,8
6a4wothu7ui2,24
cumh8f9wsnzi,7
cumh8f9wsnzi,11
cumh8f9wsnzi,29
actj4fj3ak17,19
ajp2cwd4xbzh,29
g851yw3yx3q3,11
g851yw3yx3q3,2
g851yw3yx3q3,18
bpc41dgjdqpb,8
bpc41dgjdqpb,19
bpc41dgjdqpb,16
pxpm053v1z9w,12
pxpm053v1z9w,8
q3agv6l8xx9s,16
q3agv6l8xx9s,22
q3agv6l8xx9s,21
k0oyszppenu9,2
76xcapnaw583,1
76xcapnaw583,20
76xcapnaw583,6
kuae015q8925,15
cw48gzy0wmbu,10
qxbnwdjtbuj8,8
z5ik2y1aswx3,28
z5ik2y1aswx3,11
rh27f1en9n72,9
rh27f1en9n72,21
rh27f1en9n72,16
gu0qp4l6952v,15
s6cqeyi545im,20
s6cqeyi545im,19
5l8ypulkqrob,22
5l8ypulkqrob,24
pv99tcfbu0m3,29
o7xx2auuv0do,7
o7xx2auuv0do,2
o7xx2auuv0do,5
vu23zafqibvi,27
2h7vw3q95qfg,1
2h7vw3q95qfg,25
2h7vw3q95qfg,24
ea9ajydnne77,23
ea9ajydnne77,12
ea9ajydnne77,6
xmgryon0ridk,10
xmgryon0ridk,4
xmgryon0ridk,18
2u434w09size,12
2u434w09size,26
2u434w09size,14
kwr8pd47uopg,14
2p2vo08knwi6,28
2p2vo08knwi6,19
2p2vo08knwi6,14
h38scpqzsyhr,3
h38scpqzsyhr,27
t44gzf69bxh4,10
v0qmx443qtea,20
v0qmx443qtea,1
v0qmx443qtea,7
qay4fut2w9x9,19
mr9s8u3vc3jb,19
mr9s8u3vc3jb,16
mr9s8u3vc3jb,9
xolqu7x7yx8g,27
xolqu7x7yx8g,18
xolqu7x7yx8g,14
up284e6476zb,14
up284e6476zb,7
3gajouri54ms,8
6vs54v60mnam,7
b6ix6dnn5ezy,10
b6ix6dnn5ezy,23
b6ix6dnn5ezy,12
yo753wj3d0lv,1
yo753wj3d0lv,26
oh6zhmx30mzq,23
oh6zhmx30mzq,7
oh6zhmx30mzq,26
c0qb9ebhywcn,17
c0qb9ebhywcn,22
a68w3634qo6u,4
a68w3634qo6u,26
a68w3634qo6u,21
w9ccl30efesc,3
w9ccl30efesc,12
w9ccl30efesc,8
97nndo8kaxwj,3
trzcetk2u5ez,25
43q8m263z2td,8
3v6759ad1h87,19
3v6759ad1h87,15
xn7upqlvw155,21
xn7upqlvw155,25
irtqllk9k6ow,15
irtqllk9k6ow,25
irtqllk9k6ow,3
bot4ymhalojt,1
bot4ymhalojt,15
70p5fr1u8x5e,13
ylvm56vkniti,10
ylvm56vkniti,4
wq16hkgkmdjg,7
g1scf30vsbqe,24
jqppakrpyvgd,18
4f8dmzi11j7x,29
4f8dmzi11j7x,24
4f8dmzi11j7x,7
arr1nizijt4o,26
arr1nizijt4o,15
arr1nizijt4o,4
23883n9prid5,15
23883n9prid5,13
23883n9prid5,28
8t0eo3zf6pqz,29
8t0eo3zf6pqz,22
1fb1wq9h41k5,26
19bwnsi2ewfl,13
19bwnsi2ewfl,14
fjshhe05kpay,22
hxhypsf1zbs9,16
hxhypsf1zbs9,26
azqspzna8viz,19
azqspzna8viz,15
w9w8jn19qz72,6
w9w8jn19qz72,20
w9w8jn19qz72,13
hv830c4k66oe,16
hv830c4k66oe,1
hv830c4k66oe,17
nq4zi5nrzs9j,24
nq4zi5nrzs9j,9
vrhv0wordcz5,27
vrhv0wordcz5,19
vrhv0wordcz5,5
konaxec2v5nq,13
konaxec2v5nq,15
konaxec2v5nq,8
boby3y4jaeth,22
boby3y4jaeth,4
boby3y4jaeth,25
pjy761dc8yor,5
pjy761dc8yor,14
pjy761dc8yor,3
9n51h31rowz9,24
9n51h31rowz9,4
9n51h31rowz9,7
4a5ekpgbgine,14
4a5ekpgbgine,25
4a5ekpgbgine,6
hv934dlqd74c,21
hv934dlqd74c,23
3cnch30bx2uh,1
3cnch30bx2uh,27
gt9ptph8t1yw,7
gt9ptph8t1yw,13
60de31z8un60,6
60de31z8un60,7
60de31z8un60,24
5qds5x0gv759,23
5qds5x0gv759,21
5qds5x0gv759,19
d32qz65s68nv,20
d32qz65s68nv,14
md7xoyag3jf5,4
md7xoyag3jf5,18
7brfl1nq18ga,2
7brfl1nq18ga,14
cw63c20zh9cr,5
cw63c20zh9cr,3
cw63c20zh9cr,16
7xio7gisg5a9,26
7xio7gisg5a9,4
zijag9br2wlt,28
zijag9br2wlt,4
m6jsjme19h6v,6
m6jsjme19h6v,12
m6jsjme19h6v,3
qng5u2albxht,11
qng5u2albxht,15
vqy8kyyf1rmy,22
vqy8kyyf1rmy,13
hm238ae7wnf7,9
hm238ae7wnf7,21
hm238ae7wnf7,12
zwjyra0ahxsp,25
ma4u3jaj636n,6
ma4u3jaj636n,16
amk9jplyiyzy,29
5e23uls6utxz,12
5e23uls6utxz,15
94vw404s2bbd,28
94vw404s2bbd,12
94vw404s2bbd,10
zpmhbmfgpak2,13
zpmhbmfgpak2,15
zpmhbmfgpak2,23
f8agecodqc5x,5
f8agecodqc5x,9
f8agecodqc5x,24
8r3d5fblpozt,25
8r3d5fblpozt,24
8r3d5fblpozt,3
2y9pwqv16cq8,24
2y9pwqv16cq8,29
2y9pwqv16cq8,17
cikakcyjj79o,23
cikakcyjj79o,4
wzgjdti0yq9c,5
wzgjdti0yq9c,12
fpipb4okxywo,24
avuybkib21cf,16
avuybkib21cf,14
avuybkib21cf,11
wxupnlcdjnvs,16
wxupnlcdjnvs,22
wxupnlcdjnvs,24
imacf7r2nbxk,16
imacf7r2nbxk,11
imacf7r2nbxk,2
6kq2ka78hih9,29
e06n6n6auzbe,18
wkawe0nmm19t,12
wkawe0nmm19t,6
j5qufpbshpzy,28
fnchva7sjykt,9
g7gnyhg0939b,9
g7gnyhg0939b,19
g7gnyhg0939b,5
j7avg3uycdgx,4
j7avg3uycdgx,7
xmrsogdvhkr8,5
yyj1tkok8zp0,7
zik1441gfm9q,22
zik1441gfm9q,13
70bxpvt13w81,2
70bxpvt13w81,1
7p1q6c59ike1,12
stfiwob1eqb2,24
zlpfzls3vb7o,10
zlpfzls3vb7o,16
sspq9m8zvw9k,7
g4dw3bvtef9u,29
kqdg84sfxwfv,26
kqdg84sfxwfv,29
kqdg84sfxwfv,21
xlza0cfb6xqg,26
hhehdcg7bdqk,20
hhehdcg7bdqk,1
hhehdcg7bdqk,11
iwvsvgpbzwyq,12
iwvsvgpbzwyq,13
iwvsvgpbzwyq,24
dos1fe30wf4a,7
dos1fe30wf4a,25
dos1fe30wf4a,27
1otawwysj4gy,1
1otawwysj4gy,2
1otawwysj4gy,8
f52tgkuf53sv,10
f52tgkuf53sv,5
f52tgkuf53sv,24
fakfqo972hk9,24
fakfqo972hk9,14
fakfqo972hk9,8
9qpap20duy0o,18
wa49gbrd3rlv,21
88i10s3w7n7w,25
88i10s3w7n7w,1
dd9dtyam5t96,2
dd9dtyam5t96,26
tdfj8dzz28bi,17
7oeu4rwljd7u,20
7oeu4rwljd7u,14
g7gmvghy3ysy,12
g7gmvghy3ysy,10
g7gmvghy3ysy,9
c8qkfmc46dmw,16
c8qkfmc46dmw,23
ub6j3gev7srx,28
ub6j3gev7srx,6
i2snnzhen6gl,23
i2snnzhen6gl,19
i2snnzhen6gl,28
ccw8c6tisxi5,29
ccw8c6tisxi5,25
pgut5k5d8mji,17
ccixjplunwv3,23
ccixjplunwv3,6
rsnc3khh0qtj,17
rsnc3khh0qtj,4
d2x8s5rt3yhu,22
d2x8s5rt3yhu,20
9fo9juyzynft,9
8becfhw86s9m,16
8becfhw86s9m,25
rv1nxiew3juf,21
ko25ro6w31gi,21
ko25ro6w31gi,26
00tm11umhxi4,22
whf6uqi1fst3,6
2220kyb2vryv,21
2220kyb2vryv,13
gkutrwd3ewv7,29
gkutrwd3ewv7,11
smyf9tl3rujm,24
0jw79sqhvcc3,25
0jw79sqhvcc3,4
gfvovczb6jtk,13
jmq4qar1l0nl,14
jmq4qar1l0nl,10
jmq4qar1l0nl,20
kw29db9s1ijz,18
bj9cvhbi5e8y,24
bj9cvhbi5e8y,9
bj9cvhbi5e8y,1
wdb4py27kf9b,11
wdb4py27kf9b,22
wdb4py27kf9b,23
mygm0psmjy7v,10
mygm0psmjy7v,4
agcaj8tnefc8,22
agcaj8tnefc8,27
merdymvvw4zo,3
emtyukzwg04u,4
aspfkjk3ck4h,26
aspfkjk3ck4h,28
ur5ea1v9a52y,22
qjedhk0y9srr,8
qjedhk0y9srr,1
66p5enomv79t,3
66p5enomv79t,29
3d0i1864kmln,27
eg0818pzfh03,6
eg0818pzfh03,9
9ld04iajg9fx,1
9ld04iajg9fx,26
ftfzpjhvbdvv,26
ftfzpjhvbdvv,2
7p48x5ycg883,16
7p48x5ycg883,2
vnqiowe4j9w2,17
vnqiowe4j9w2,18
vnqiowe4j9w2,29
ibcy71td1swa,12
ibcy71td1swa,22
i4p3i2otc1j1,21
uu6y9gx92get,28
uu6y9gx92get,1
uu6y9gx92get,29
uh4b2oqycii4,5
uh4b2oqycii4,29
xfrtcu808a47,27
m40gw95nerge,15
m40gw95nerge,21
m40gw95nerge,14
buukgfo1gy1m,22
buukgfo1gy1m,16
km76ziroklfv,9
km76ziroklfv,16
km76ziroklfv,2
dc26m7hxetrd,15
dc26m7hxetrd,2
dc26m7hxetrd,13
zr06yt861qcv,28
qwsgw3vr4rnk,14
qwsgw3vr4rnk,8
qwsgw3vr4rnk,18
g1yfi2p6ijpm,6
cnj403npzyfk,22
cnj403npzyfk,11
mops7a3bdt7x,28
mops7a3bdt7x,2
mops7a3bdt7x,12
ooa5agxrvj99,17
ooa5agxrvj99,12
ooa5agxrvj99,2
usylt443u9uq,27
c5za47lrx1g5,22
c5za47lrx1g5,6
c5za47lrx1g5,4
ht69j702erjd,28
jcef64du91mz,22
jcef64du91mz,4
ogvddlagyxn5,17
s33ys8wx0xx6,22
s33ys8wx0xx6,17
s33ys8wx0xx6,26
20o1uvjo66dz,13
20o1uvjo66dz,25
20o1uvjo66dz,6
ffmdlnupbm7a,20
y2z5onwi2trn,24
y2z5onwi2trn,28
17orui6dyptc,28
17orui6dyptc,11
waw6xzz2cxgb,29
lsr5m9su517a,18
lsr5m9su517a,6
bvski9hi4sfs,8
vyauqdhcxzbj,2
vyauqdhcxzbj,22
vyauqdhcxzbj,8
lr9ssxcpsbqw,14
lr9ssxcpsbqw,24
p7sqzxnadxhn,7
p7sqzxnadxhn,21
i6e8g5scbiil,22
i6e8g5scbiil,6
i6e8g5scbiil,13
kfe8pmhrkikm,29
g5sxwhu1nw2w,16
dp0c895111la,8
oqur7acz2a5j,13
oqur7acz2a5j,23
898cq9c97uuy,1
b1zbtd87fg5s,8
b1zbtd87fg5s,17
b1zbtd87fg5s,7
g6a8xlf2jcaw,9
g6a8xlf2jcaw,7
xm0rdsu70zwt,13
902lzdvs90ml,20
902lzdvs90ml,11
gmmc3qke481d,8
gmmc3qke481d,20
gmmc3qke481d,15
k9nv6wwt1b2b,21
8rexgpvfp3m6,18
8rexgpvfp3m6,1
zscwrepioaef,28
2uhe60e5ihux,18
2uhe60e5ihux,26
2uhe60e5ihux,21
9cxawpveetv4,3
9cxawpveetv4,26
vufbp00johcv,12
vufbp00johcv,1
vufbp00johcv,19
4euavmxu5em7,17
4euavmxu5em7,20
7wbfwjra19l5,21
7wbfwjra19l5,12
7wbfwjra19l5,8
149x7nay2eya,3
tpfo6tkenlur,18
tpfo6tkenlur,19
iynbp2mcj0zk,9
iynbp2mcj0zk,20
fd7xfvr03wx9,26
fd7xfvr03wx9,25
c0idzuv085yv,8
8syroflawaaq,11
mxxq6di1lneh,22
mxxq6di1lneh,8
97vekm12qsp3,22
mlv80ige18fa,16
eu51o8rbdhzm,10
eu51o8rbdhzm,13
tigpceqwvzzq,10
b67ekkuz8bd0,8
b67ekkuz8bd0,2
b67ekkuz8bd0,22
k51jwbbnmrpc,24
k51jwbbnmrpc,19
b48uhyb34u2f,6
k4h9hkpjwejx,4
y851sxwbnyb2,2
dmd3znlwl3ku,22
dmd3znlwl3ku,23
dmd3znlwl3ku,20
ju77ifzzjjnv,15
ju77ifzzjjnv,18
ju77ifzzjjnv,17
aplhuk3h9frk,16
aplhuk3h9frk,19
j1iz3o1tjase,3
j1iz3o1tjase,27
j1iz3o1tjase,12
iefs7gwpsr7t,19
iefs7gwpsr7t,14
iefs7gwpsr7t,28
2qzqrkom6rva,27
2qzqrkom6rva,15
lj1fl6x2fzeh,4
p1c3eh76z3c6,19
496tvn92s9yk,10
496tvn92s9yk,23
3670g01ukn1s,6
3670g01ukn1s,3
3670g01ukn1s,14
8buspd5tkpc2,3
8buspd5tkpc2,29
pyr2pgnn4mx2,9
pyr2pgnn4mx2,17
pqqhloddvlcw,19
ef13ppwu4nhm,21
ef13ppwu4nhm,27
ef13ppwu4nhm,1
mfyb3mh7cyvt,29
jt5xfvf7oera,5
jt5xfvf7oera,15
lah83aremh96,29
lah83aremh96,21
lah83aremh96,25
3wiukvbleo3w,20
3wiukvbleo3w,7
3wiukvbleo3w,2
t7q2zxc8gvdy,14
07zdtp5fc5br,14
07zdtp5fc5br,18
07zdtp5fc5br,23
m616gnp6lahl,10
m616gnp6lahl,17
m616gnp6lahl,20
gwqlcza3aoho,11
9b1jltakh7yn,23
9b1jltakh7yn,26
fi5xg9osewxb,25
fi5xg9osewxb,8
3zwxubsd0uiy,12
3zwxubsd0uiy,3
1fw7ab1byc4c,28
1fw7ab1byc4c,3
qhzcbrhtvb5j,13
qhzcbrhtvb5j,27
cniszr2v11sp,13
2k11w06jm31r,27
2k11w06jm31r,6
2v8idy9gcsg3,27
2v8idy9gcsg3,20
2v8idy9gcsg3,13
6waf2cifsxl2,5
6waf2cifsxl2,3
69ljxpnih8wl,22
ej8ghnjt4pug,24
ej8ghnjt4pug,13
ej8ghnjt4pug,2
9zdcuea8khd6,8
9zdcuea8khd6,6
3usxxx3wst1t,27
16zmi41c7ln9,20
2uidznzyibtl,17
y9y9ypwa5gcs,4
da6ga6y42uj6,14
da6ga6y42uj6,13
23bltmozu3ba,9
23bltmozu3ba,25
23bltmozu3ba,11
vcjd7wle5aeb,21
0r1nfq8iieev,9
ilfdmcml8prq,14
ilfdmcml8prq,1
hmr7nnxi8e2v,24
hmr7nnxi8e2v,18
hmr7nnxi8e2v,16
096kz9jubo7l,10
096kz9jubo7l,14
zli4k0ovvj5j,6
zli4k0ovvj5j,20
zli4k0ovvj5j,18
h3ila5vzh94t,10
67s0nnjxgggd,23
67s0nnjxgggd,24
67s0nnjxgggd,17
w2pe84dcwj2e,29
w2pe84dcwj2e,7
w2pe84dcwj2e,12
33b44g9wh9up,14
49rnf2rwf1tj,29
uir5hyf6wp7l,7
uir5hyf6wp7l,25
oxzcj6rg7trc,5
ts9baq17zxc7,17
ovg77vfdpb2q,5
8hfl8nei7urv,5
qtae2u6tox28,25
qtae2u6tox28,6
2711bzhaoios,7
2711bzhaoios,4
4nl7be825uj9,17
nrxvqw42xxmq,13
nrxvqw42xxmq,12
nrxvqw42xxmq,5
oujfgrhhwopi,27
oujfgrhhwopi,10
oujfgrhhwopi,14
ny43aotfmim7,9
ii1esnu6f2r7,9
oqi4r9bhw9t7,22
oqi4r9bhw9t7,5
w191wyfjr3i3,5
w191wyfjr3i3,26
w191wyfjr3i3,29
cvysnuw6kz2w,25
cvysnuw6kz2w,4
gm1xxcvim7hv,2
kslqmebtr6mi,11
kslqmebtr6mi,21
k8hwwxunhdf4,5
4xin4j2oardu,12
afc69584yal4,3
afc69584yal4,21
m3rjkm31kh99,18
vgxs4xs3gg1g,21
vgxs4xs3gg1g,18
wwee3vvza1iv,23
wwee3vvza1iv,2
fj3uqrnzb3e3,22
fj3uqrnzb3e3,6
2benzkazmq0n,29
2benzkazmq0n,19
jq9jf5u7fqdu,19
jq9jf5u7fqdu,17
jq9jf5u7fqdu,29
jc9uqdwj41h2,1
jc9uqdwj41h2,7
jc9uqdwj41h2,9
8bhmnnrxafya,28
8bhmnnrxafya,26
8bhmnnrxafya,1
rkgnmiq1391n,17
rkgnmiq1391n,18
rkgnmiq1391n,10
5uu82mbi9i1q,8
5uu82mbi9i1q,2
5uu82mbi9i1q,16
phjyfv28bgle,25
phjyfv28bgle,16
phjyfv28bgle,18
c1g7gzu8fmvy,25
c1g7gzu8fmvy,1
c1g7gzu8fmvy,27
horiqr6go1s9,8
qm14lq8l8upx,14
qm14lq8l8upx,5
trm5qh6l1uga,7
trm5qh6l1uga,26
6atqe0c7h1ag,23
6atqe0c7h1ag,4
6atqe0c7h1ag,26
gyynxoy7gajv,14
gyynxoy7gajv,18
xqfbmjzb0pqy,2
xqfbmjzb0pqy,1
xqfbmjzb0pqy,11
opp353yatoa5,21
opp353yatoa5,18
8jb9g5ni6j64,8
8jb9g5ni6j64,6
8jb9g5ni6j64,4
rpj8g385vk9q,29
rpj8g385vk9q,19
ygmv9pnqf0hi,29
0euzk61eqn0e,8
0euzk61eqn0e,3
0euzk61eqn0e,21
l6696wwummi6,5
gml3z3d61iz5,11
gml3z3d61iz5,18
tr4qk16k6n9o,15
tr4qk16k6n9o,13
zlee9nle8p8n,11
y1u40rwgfblt,29
z76rf3azcimi,27
z76rf3azcimi,28
9wqj9v41b0m5,25
9wqj9v41b0m5,1
8rs800tnef8r,22
8rs800tnef8r,15
8rs800tnef8r,23
ytf3hnh864zq,1
ytf3hnh864zq,26
ytf3hnh864zq,24
4obcm5des710,15
avqkmbb2xj1w,29
avqkmbb2xj1w,16
avqkmbb2xj1w,8
i6v9eu02qbk9,29
i6v9eu02qbk9,14
i6v9eu02qbk9,28
3ujjb46lxdgd,26
fdozmmyigynt,19
fdozmmyigynt,7
atfw7czb3442,3
nmt74wrj56gl,11
nmt74wrj56gl,15
54bhogxcw4cv,25
54bhogxcw4cv,27
54bhogxcw4cv,24
bplp57t0z6hu,21
wu3xlf152o3q,3
wu3xlf152o3q,27
ka9cn628t2d8,24
ka9cn628t2d8,7
6fuvsb119zg6,6
ag2b4odzd5j6,6
ag2b4odzd5j6,1
ag2b4odzd5j6,2
jyfoyqomrrtl,21
15g2zix2a9hd,15
vt6oncyx02a3,19
vt6oncyx02a3,7
9229g9ih71fm,15
9229g9ih71fm,20
9229g9ih71fm,28
55cgwpyzum6b,29
crqcblao2tgl,3
crqcblao2tgl,28
s9fxtpi9qs14,22
s9fxtpi9qs14,10
1k0xts5ynypt,21
1k0xts5ynypt,24
1k0xts5ynypt,16
wibih13ytvth,1
i6107mb54fgp,3
i6107mb54fgp,22
kmlge6583aua,27
kmlge6583aua,22
kmlge6583aua,8
n72v45ygtljp,1
n72v45ygtljp,26
lr2zxgho3lu4,1
lr2zxgho3lu4,26
lr2zxgho3lu4,27
r8pf44xr560v,7
r8pf44xr560v,29
r8pf44xr560v,18
jcdba5kj38gd,22
jcdba5kj38gd,17
ma7kg09sjooy,12
ma7kg09sjooy,5
ma7kg09sjooy,24
vjorzc6teo1j,16
vjorzc6teo1j,26
vjorzc6teo1j,17
5zh8kl90povf,14
5zh8kl90povf,6
wfyhg14rdvt4,4
5xp7j0i4d3rb,24
zttkfcqy2j6z,12
zttkfcqy2j6z,24
urfnb7q5ebuv,14
urfnb7q5ebuv,16
dfblc8222o34,6
kfmk7lmidci4,20
1l14l3mjtn3d,18
1l14l3mjtn3d,14
jdjekwqnzis1,7
jdjekwqnzis1,23
0bi9gwfofzdk,28
0bi9gwfofzdk,23
0bi9gwfofzdk,13
246h9d0oaah3,11
246h9d0oaah3,9
dnas4uc6v7et,6
dnas4uc6v7et,12
qvfaspumsj3p,6
mugulx8wu2js,20
mugulx8wu2js,7
mugulx8wu2js,29
f23nqm1blns6,22
laap197kjeri,24
laap197kjeri,3
laap197kjeri,26
si3pdoplb6xr,22
qgt8k8jev9ej,23
qgt8k8jev9ej,2
qgt8k8jev9ej,3
uyzj314p7a7f,3
uyzj314p7a7f,27
zpti4ns6bdrv,20
zpti4ns6bdrv,19
z9e5b2828a5h,15
3fcv0g6be5cz,22
3fcv0g6be5cz,6
rq3t6tbqsnb2,26
upjgkqbhd3xh,11
mkpje4c7j4ky,4
mkpje4c7j4ky,19
mkpje4c7j4ky,20
0kj6xzbjmztm,1
0kj6xzbjmztm,11
b23jrpovybrc,8
ug5eyq16oyxw,23
ug5eyq16oyxw,19
ug5eyq16oyxw,27
kj1tjgl8kfo5,1
9iox11odwk6m,29
t0su7u1t8v2h,12
t0su7u1t8v2h,13
0uiw6man9euu,24
0uiw6man9euu,10
0uiw6man9euu,21
wz5nnohivp9v,29
g30uo5vft0g3,22
g30uo5vft0g3,7
g30uo5vft0g3,28
7mbldgfz5t28,8
7mbldgfz5t28,24
7mbldgfz5t28,19
uf5xnouc8pn8,16
uf5xnouc8pn8,27
7yrrw32k2qhy,22
7yrrw32k2qhy,19
sees7682k922,21
sees7682k922,20
05brezrsiug5,1
05brezrsiug5,9
05brezrsiug5,23
hior53m3owwr,20
hior53m3owwr,12
hmpdqys99ous,8
hmpdqys99ous,7
5uvkhqtc4py6,10
5uvkhqtc4py6,21
5uvkhqtc4py6,23
yr3gylc74m7e,20
yr3gylc74m7e,24
yr3gylc74m7e,17
yhto0ougak04,24
yhto0ougak04,6
ncakjtyccfv1,2
ncakjtyccfv1,26
ncakjtyccfv1,13
11927flyjq6u,9
11927flyjq6u,2
e3ihg7j6hhc3,13
e3ihg7j6hhc3,12
rzqp5uynlcry,14
rzqp5uynlcry,17
9dj5zrlms9da,5
9dj5zrlms9da,1
9dj5zrlms9da,25
dgyzye23mm7e,28
dgyzye23mm7e,17
fpqvft8fz2hb,18
tvhpeuf8wj4q,13
8uaqot3499ui,14
8uaqot3499ui,10
8uaqot3499ui,27
b36739rbpztp,17
b36739rbpztp,13
xffacm1gxirs,16
xffacm1gxirs,25
xffacm1gxirs,28
ggfocakas7yd,15
ggfocakas7yd,14
iz8gldwses10,22
iz8gldwses10,14
b47i6dzskule,18
b47i6dzskule,26
z1gl7tkm6vgs,3
ce8elw7djilt,22
p1edbzzz1nm1,6
p1edbzzz1nm1,25
7v43sa28oafa,15
7v43sa28oafa,10
7v43sa28oafa,28
xev6n9wf05hv,26
xev6n9wf05hv,9
xev6n9wf05hv,24
vghi171pygjg,11
kwhkst8skjej,17
kwhkst8skjej,23
0xs55ayh07tj,3
0xs55ayh07tj,8
u65p9x1ryazk,7
3ek0w7jatwb4,5
1z9gwzur70la,21
1z9gwzur70la,1
1z9gwzur70la,5
sead4j4rn0t7,20
v2vzviv3cpcq,4
v2vzviv3cpcq,2
v2vzviv3cpcq,20
6jjlpdlaw22d,15
6jjlpdlaw22d,27
6jjlpdlaw22d,13
sx1vkhyq965j,17
sx1vkhyq965j,26
sx1vkhyq965j,20
ba8y5qdqw6xj,13
ba8y5qdqw6xj,11
2fgzmyq9fqwl,26
2fgzmyq9fqwl,10
khp6tif77m7u,24
khp6tif77m7u,4
khp6tif77m7u,2
xwdaa17x1j7n,1
xwdaa17x1j7n,8
xwdaa17x1j7n,23
p3x4ifxd61if,14
p3x4ifxd61if,29
hgxsjgqr2y5e,18
hgxsjgqr2y5e,20
hgxsjgqr2y5e,10
sg3ukf07ozgd,20
59ve74ohdoju,6
l44vx22i7wt6,10
hrv0q0xdrtqg,21
hrv0q0xdrtqg,19
hrv0q0xdrtqg,15
joq7s8s3afqs,7
joq7s8s3afqs,3
3hctgg6p7lpf,10
3hctgg6p7lpf,3
3hctgg6p7lpf,9
s4vfa33z6zk7,14
7ljyuc4zuiix,18
7ljyuc4zuiix,15
7ljyuc4zuiix,21
e4ronbwyhez1,23
e4ronbwyhez1,25
rmipni0l7isu,14
rmipni0l7isu,2
rmipni0l7isu,25
4l3gcfoox4r9,13
4l3gcfoox4r9,1
u52iiw5sn9ue,5
u52iiw5sn9ue,10
0aryt9iod3xd,9
0aryt9iod3xd,29
efcluolmnwx8,12
6k5d5elpypj2,20
6k5d5elpypj2,10
qpat91c9mle4,17
qpat91c9mle4,23
f9mv98ss1huy,8
7e1e9o9zoxmp,15
7e1e9o9zoxmp,21
7e1e9o9zoxmp,29
pkdx9d8qyfiq,28
pkdx9d8qyfiq,27
pkdx9d8qyfiq,12
4qqj8byiuobx,21
4qqj8byiuobx,27
0k9s0uaxttoz,11
oibhiezjaekk,14
oibhiezjaekk,11
oibhiezjaekk,9
vajpm4ynnblf,10
u1aa801qvxeu,9
u1aa801qvxeu,29
u1aa801qvxeu,19
50esur9r55pi,16
50esur9r55pi,6
af0t3bjbbhby,5
af0t3bjbbhby,17
af0t3bjbbhby,22
s6kd11h347n6,27
uu6p0m1ihmfq,20
uu6p0m1ihmfq,19
9jbg40k6d520,22
9jbg40k6d520,10
uuvrqn909xlx,1
b9l7jcbyr2dc,26
b9l7jcbyr2dc,5
b9l7jcbyr2dc,2
3xyvhi383mzg,4
faa88n45z9m7,22
faa88n45z9m7,21
faa88n45z9m7,17
0066x8nnmouc,11
0066x8nnmouc,18
kgrvrs8f7v9c,12
81suej7i23kj,11
81suej7i23kj,18
81suej7i23kj,12
w1j1bchnqtqo,18
w1j1bchnqtqo,17
w1j1bchnqtqo,28
wqs3fsgie17v,19
wqs3fsgie17v,26
wqs3fsgie17v,14
ce8r03w48cdd,17
ta61gi1kypa3,6
ta61gi1kypa3,16
mms97ndnc5qk,10
mms97ndnc5qk,28
mms97ndnc5qk,8
ouac5rzth8ry,18
q1db1t671ei5,5
q1db1t671ei5,29
q1db1t671ei5,9
hsi5rffqctmn,1
hsi5rffqctmn,2
hsi5rffqctmn,7
ui8yu1leq2ew,11
5c652imkysgx,11
5c652imkysgx,23
q72iawd6lyc4,13
j06ds1rqq03w,28
j06ds1rqq03w,12
lmy6xlwx182r,11
z1idw9hso6xg,8
ee54f2imgj7g,12
ee54f2imgj7g,23
8ifoe9erxlqh,29
7c8l1cn895qn,16
7c8l1cn895qn,14
269fkzod43v1,23
269fkzod43v1,6
269fkzod43v1,24
4ydjnr49jcp0,29
4ydjnr49jcp0,9
4ydjnr49jcp0,2
3u9tsnm9nr3s,6
akhdfd8sk5cj,18
akhdfd8sk5cj,10
akhdfd8sk5cj,20
t0v6mwjc31r6,13
phgtisti9dhv,25
phgtisti9dhv,3
phgtisti9dhv,19
pxhop0h7lcqy,21
pxhop0h7lcqy,20
pxhop0h7lcqy,8
lqwhgo4ntz97,24
lqwhgo4ntz97,20
lqwhgo4ntz97,12
cl45lmohvq2c,19
cl45lmohvq2c,8
cl45lmohvq2c,24
aq0kvll45hww,27
geqybugiap06,17
geqybugiap06,14
qklqiw7984lg,9
qklqiw7984lg,23
825hiz7xy8c1,12
825hiz7xy8c1,26
0dg56ddtp1dz,18
0dg56ddtp1dz,15
0dg56ddtp1dz,25
c0qd4o3nh9c8,2
c0qd4o3nh9c8,3
mqzryjsbiuwn,17
mqzryjsbiuwn,23
mqzryjsbiuwn,10
lqebiaeyv4q4,9
sn6arkfpdgup,15
sn6arkfpdgup,6
nkpglavsduva,1
nkpglavsduva,22
nkpglavsduva,7
kxkk5jdc44rq,19
kxkk5jdc44rq,28
kxkk5jdc44rq,18
6u0avxk3spjq,17
6u0avxk3spjq,2
rp40tjigfeo0,20
rp40tjigfeo0,8
rp40tjigfeo0,25
xnmd2a4dc1fz,21
xnmd2a4dc1fz,2
xxrcplzfs0yd,26
xxrcplzfs0yd,23
wj2yyihjwio9,5
wj2yyihjwio9,27
wq4ghfot852u,21
wq4ghfot852u,6
wq4ghfot852u,1
x7m2njidr5vi,18
x7m2njidr5vi,24
8iqwmzqddoyt,19
rfbuxqvrh81u,10
rfbuxqvrh81u,4
bxbgns7iqiqy,21
bxbgns7iqiqy,6
bxbgns7iqiqy,27
uc64yn5uekll,28
8cuh8bffcqej,21
x2qmayyeng4i,26
x2qmayyeng4i,3
x2qmayyeng4i,15
o6vebg3jzwx0,14
o6vebg3jzwx0,15
o6vebg3jzwx0,1
7sn8opddg53v,17
bkkh36wvnwod,17
bkkh36wvnwod,25
94sbhudtx8gf,29
94sbhudtx8gf,3
2okityykt3mj,7
ixgw158to1jp,27
4igsv28hkevr,6
4igsv28hkevr,20
u67hu5nyt6ud,11
u67hu5nyt6ud,9
u67hu5nyt6ud,1
vpdl029qcb8b,5
vpdl029qcb8b,10
md0xtovdn6mt,17
md0xtovdn6mt,23
md0xtovdn6mt,24
zsm8nygux7y9,3
zsm8nygux7y9,17
8f7m6cpywpsz,19
8f7m6cpywpsz,4
8its1dxm4v0s,3
8its1dxm4v0s,13
63s6psi3dyif,15
8wsmewjt5651,18
8wsmewjt5651,3
8wsmewjt5651,10
ffpb262uw10b,18
ndtr1ctlasyi,21
ndtr1ctlasyi,9
x7z6e6v5ljr6,18
66n9040rf7nc,15
66n9040rf7nc,5
66n9040rf7nc,3
78mlxhxuj0y7,1
a0hetr96r5il,14
a0hetr96r5il,18
dojoao8sgy6f,9
dojoao8sgy6f,13
dojoao8sgy6f,25
8cjzdevculkr,22
8cjzdevculkr,25
8cjzdevculkr,4
jh5hq8q41rq8,2
kwhtpkoejizz,2
kwhtpkoejizz,29
kwhtpkoejizz,18
8rb2yobf2179,14
8rb2yobf2179,7
8rb2yobf2179,26
pnhahouhb973,2
pnhahouhb973,13
pnhahouhb973,26
9nj42yynb3dy,21
jyvutgxhv28l,19
4l0u5po6if1b,23
herrcjdmevil,17
qp7e0aob9fnq,20
qp7e0aob9fnq,3
ays9hqr8xd2x,1
ays9hqr8xd2x,2
ays9hqr8xd2x,6
4861b40y6n9z,17
4861b40y6n9z,29
mq5w92vb5oz8,3
mq5w92vb5oz8,26
mq5w92vb5oz8,2
aks96vu0h2xd,12
o93zd1p6m0hm,1
ablqpnsv00lh,2
5n3vl9x3q5mi,25
5n3vl9x3q5mi,21
eohjpkg344d8,14
eohjpkg344d8,20
eohjpkg344d8,25
o0y6a7jnwoop,2
ek7sv3ptpg23,5
pu63szgliwfm,28
pu63szgliwfm,25
mex3que8goev,28
mex3que8goev,29
mex3que8goev,15
1dlf7x5imy7r,8
19ju2waz09bb,1
vj5ugibe1wij,21
vj5ugibe1wij,2
ll7pgmavequz,1
tm5yk7vsej6g,8
tl75sykqhiod,9
pq3s8vksuhow,19
pq3s8vksuhow,2
hvomvsa85xyd,2
hvomvsa85xyd,19
hvomvsa85xyd,7
qs0hrvm56427,20
qs0hrvm56427,15
qs0hrvm56427,24
yx94pgf8z5bi,8
u6qfa4dhztem,24
u6qfa4dhztem,13
6w1auk4nnx39,11
6w1auk4nnx39,26
ngg1v8h2v770,2
ngg1v8h2v770,25
r845dshjrtgk,6
r845dshjrtgk,24
r845dshjrtgk,27
hr8yn47padz2,16
48i1thjbqm8p,4
48i1thjbqm8p,27
48i1thjbqm8p,2
bxbrrm0bvl9b,10
bxbrrm0bvl9b,11
lv4youtjuzo0,6
3crve0unt3m2,19
h438gdp0sk97,2
h438gdp0sk97,4
1t01tam7ckca,4
1t01tam7ckca,5
1t01tam7ckca,11
unurpm2zj5mc,8
unurpm2zj5mc,24
otuzqhe5d43j,5
otuzqhe5d43j,28
mpj2muj5edfa,20
d396mxputwrh,26
94ssb5nf4j3e,20
94ssb5nf4j3e,12
94ssb5nf4j3e,8
tocvsi5iumbw,14
tocvsi5iumbw,2
gse7vtio8wlg,17
gse7vtio8wlg,18
gse7vtio8wlg,21
y6w21raqel0d,2
lo7kkksinh9c,3
lo7kkksinh9c,27
daom9bjsn2ef,13
daom9bjsn2ef,14
daom9bjsn2ef,6
ahqt91gvx4mv,16
ahqt91gvx4mv,3
ahqt91gvx4mv,21
8g38cuylk1az,5
8g38cuylk1az,1
xutiut9pqb60,15
fqk6dqmwi48l,5
fqk6dqmwi48l,15
fqk6dqmwi48l,28
o00v4lglta19,11
o00v4lglta19,19
26zhkpxq1fml,24
26zhkpxq1fml,2
2ouysca2gkhh,12
2ouysca2gkhh,28
bi0gu7fq4l99,23
bi0gu7fq4l99,6
addjaj0xtrma,6
addjaj0xtrma,9
addjaj0xtrma,11
k508grdqqbne,17
10m6628j3gvg,17
10m6628j3gvg,10
a35ntslb35lu,6
19q39lnpfvu5,18
19q39lnpfvu5,27
19q39lnpfvu5,1
u0cz9t63h78x,17
u0cz9t63h78x,14
oq2mlk33wcz9,15
oq2mlk33wcz9,4
06zajeooh7pd,7
06zajeooh7pd,29
06zajeooh7pd,20
5zugcokeailk,1
cuzmdkjph98f,10
cuzmdkjph98f,12
vtd917vsfpda,14
32qywmjy84gk,21
32qywmjy84gk,20
32qywmjy84gk,15
z6twy5fqys9q,27
ghde8gqn03rb,17
c4j5hon1c7fq,5
yj7m1ylupp3t,24
yj7m1ylupp3t,11
8l21lm7d2pjd,19
tw9le398ydic,9
tw9le398ydic,27
dthxitz3sfh9,13
dthxitz3sfh9,2
4154nih5rcvo,17
4154nih5rcvo,11
lgd70u4ukhub,26
ob4nb15s5h4q,25
v7a3725jwss2,5
c4xnuzdmk944,7
c4xnuzdmk944,13
c4xnuzdmk944,29
dnz1xqcw6p76,15
j7dxg4j4upbw,3
j7dxg4j4upbw,22
5ipba1eo67yr,19
5ipba1eo67yr,14
5ipba1eo67yr,7
2hqxluahwoqh,14
d6318liqb8z6,25
g7oan4immfuq,1
g7oan4immfuq,8
pf0lsz88hy77,13
xnndc4u17nbn,8
xnndc4u17nbn,10
ih9moxozej3o,27
ih9moxozej3o,25
ih9moxozej3o,21
nh9xlbiht793,6
nh9xlbiht793,22
4lpg1rcrvvpn,20
4lpg1rcrvvpn,16
6y7jebg5h2pb,10
6y7jebg5h2pb,23
6y7jebg5h2pb,12
ielreenssm74,14
ielreenssm74,13
ielreenssm74,21
x9upvtc5snpo,27
x9upvtc5snpo,14
vdgorlevxwgv,20
aohzowudgwo6,22
mk8l57wiokqv,17
qfvu8uwzuws9,6
qfvu8uwzuws9,29
f6vea3yk2pdf,22
f6vea3yk2pdf,26
d6mvozixy4t3,17
4e2f6fhbindx,8
4e2f6fhbindx,6
4e2f6fhbindx,17
o7mm5pjsxl9r,7
o7mm5pjsxl9r,29
pumbd2675pnh,27
11bxg86nh6yx,4
11bxg86nh6yx,15
500omaq5n69r,25
500omaq5n69r,28
sx17e3lzj3xr,15
udnlkcdlsf51,29
udnlkcdlsf51,3
mkgeyyl4mdvu,1
mkgeyyl4mdvu,16
mkgeyyl4mdvu,13
dmeh9oz79w5u,25
rwmlrvi1odv1,17
rwmlrvi1odv1,8
rwmlrvi1odv1,18
x7q1or5v6vme,9
x7q1or5v6vme,1
x7q1or5v6vme,29
ugt2uegl0x31,17
ugt2uegl0x31,3
jme7t40wy31j,5
jme7t40wy31j,26
jme7t40wy31j,29
rt6cs5bo6v57,3
rt6cs5bo6v57,26
rt6cs5bo6v57,5
b90jg8swh5lr,3
b90jg8swh5lr,4
3kwekqeacr0e,8
3kwekqeacr0e,24
3kwekqeacr0e,26
3ylrx3v47954,17
3ylrx3v47954,2
xlzys8uj2cpr,28
ymybdwenj7fh,3
ymybdwenj7fh,5
ymybdwenj7fh,10
m4dbs1u7kvbo,17
stqo1fyvg1lj,6
stqo1fyvg1lj,18
stqo1fyvg1lj,15
0gaq8esu4d37,23
0gaq8esu4d37,5
0gaq8esu4d37,22
344jqgt39iso,21
344jqgt39iso,22
344jqgt39iso,26
kjqa0ilumyjx,22
kjqa0ilumyjx,7
kjqa0ilumyjx,1
n5kx55xhr1he,4
foolav3ltmpq,15
kp3y7cceez04,6
kp3y7cceez04,12
b3dqutt0rybt,4
7f5e5i3jv3bj,17
7f5e5i3jv3bj,25
5csgfxqvaum7,15
fdetkfzr6vgt,24
fdetkfzr6vgt,22
fdetkfzr6vgt,27
u1m12e67b8ea,16
1nchqk94kcg4,25
1nchqk94kcg4,15
zv1dn54rka8o,22
zv1dn54rka8o,28
zv1dn54rka8o,9
m4djwiin5enc,4
m4djwiin5enc,20
m4djwiin5enc,24
4wdjeu96js0u,22
l75w96k5udgg,23
l75w96k5udgg,28
l75w96k5udgg,17
uusqtjth5rq5,1
xi5a8xmsfmfm,21
drl44qnl1wjv,12
drl44qnl1wjv,2
drl44qnl1wjv,23
cqbbe326pn43,12
cqbbe326pn43,5
odx0kjmayf9d,26
odx0kjmayf9d,1
odx0kjmayf9d,24
fbkdg9958ot3,4
fbkdg9958ot3,20
fbkdg9958ot3,13
ybszqvvsoln1,26
629gzbzfeotn,5
629gzbzfeotn,14
629gzbzfeotn,11
j32cp9uwwy2r,19
j32cp9uwwy2r,3
j32cp9uwwy2r,28
0p04tm5cy39q,18
0p04tm5cy39q,1
knnoxp1e4o5e,22
knnoxp1e4o5e,10
knnoxp1e4o5e,20
9hmbx97qpekl,10
9hmbx97qpekl,1
9hmbx97qpekl,22
ezsmv6drgyor,22
ezsmv6drgyor,12
ezsmv6drgyor,17
d05c6rgfswsm,17
d05c6rgfswsm,10
qioyu43of8dg,17
bjk3c4opv8tz,6
bjk3c4opv8tz,21
zh9vx3fj923j,4
dqhgiky2918x,7
dqhgiky2918x,22
7fxfqmwbmh8o,19
7fxfqmwbmh8o,13
7fxfqmwbmh8o,2
qlm0frytw8uj,28
gh90z5ugkp49,1
gh90z5ugkp49,9
bg8qgvlxdr9r,4
bg8qgvlxdr9r,24
mxe4jxu3mxb7,24
l4pv1imnmj6n,13
5q2hovgwhtbx,10
5q2hovgwhtbx,22
ueaqhtvvelov,11
0711pq9ibk0t,15
txkyo1gek5p3,27
rf7takgqo5yt,23
rf7takgqo5yt,3
rf7takgqo5yt,25
or931g2yt0d3,22
or931g2yt0d3,10
t0yp84okylwv,7
t0yp84okylwv,12
t40m9vgap2l9,2
t40m9vgap2l9,20
t40m9vgap2l9,28
b2tjpytgwdxr,13
b2tjpytgwdxr,4
mziyc4webgaf,13
508emunrp6xu,15
4cpb2n53ii3g,5
4cpb2n53ii3g,16
4cpb2n53ii3g,19
bmygqnhjdxuu,16
bmygqnhjdxuu,5
bmygqnhjdxuu,14
joliireqsbn1,4
pweb0476857k,6
pweb0476857k,4
pweb0476857k,16
5wc0nhpf0i4f,21
5wc0nhpf0i4f,6
5wc0nhpf0i4f,4
0x3309i1mn4n,11
0x3309i1mn4n,4
0x3309i1mn4n,17
ztv0e85w2y4z,10
afsbgz7g4llm,11
7gefa3bkfeon,4
h9lyi2k62hjp,11
g8vzvmkwl1s6,13
g8vzvmkwl1s6,1
g8vzvmkwl1s6,4
eg5rl49a6ii0,13
eg5rl49a6ii0,1
y0yj5w9gz32t,13
y0yj5w9gz32t,18
y0yj5w9gz32t,28
3l1djl4vrdy8,2
3l1djl4vrdy8,15
3l1djl4vrdy8,25
mpzxxg8jktt9,13
19yyfk32sqkk,21
19yyfk32sqkk,4
19yyfk32sqkk,9
m38ba5e23qhg,12
m38ba5e23qhg,7
m38ba5e23qhg,18
7wb8ellw85ws,16
7wb8ellw85ws,25
3o3cmknutky1,20
3o3cmknutky1,14
x0jobbhwbqid,25
80kjbxllspl7,23
t55it5wgkdcc,11
5dtyqdjnqibj,8
xanb0z3xp3ge,2
xanb0z3xp3ge,27
1ho31ys2w86y,6
tem1d63k93rx,14
u9r9gwxjffs7,16
u9r9gwxjffs7,25
u9r9gwxjffs7,3
etz6c2suitmp,25
etz6c2suitmp,3
etz6c2suitmp,2
x01jy1zfjt12,10
x01jy1zfjt12,28
z04js6ejvswp,7
z04js6ejvswp,29
srslkl91wj47,28
2y7eu1vm8vf8,29
3307hb8y65bz,4
aaychghnephh,7
aaychghnephh,23
aaychghnephh,6
pmprtnbchi50,3
pmprtnbchi50,18
pmprtnbchi50,8
7wxujqdws441,27
7wxujqdws441,22
7wxujqdws441,28
tmca77ufbwcr,3
6fr18j44aas0,25
ggr40km3s74a,27
ggr40km3s74a,20
5rjzga3vqyj3,10
5rjzga3vqyj3,27
6nocrugcnos6,13
6nocrugcnos6,4
6nocrugcnos6,24
6q3j182rzauj,11
djnv8tdz3gyi,20
8gt235nhfmye,26
5a75ctjm6o2q,13
5a75ctjm6o2q,24
5a75ctjm6o2q,27
zih6fdxnh58h,25
zih6fdxnh58h,19
zih6fdxnh58h,6
vn9tusr02h6z,25
vn9tusr02h6z,19
vn9tusr02h6z,29
b7dfavzz858c,20
z68q9yc6umat,23
z68q9yc6umat,26
13jjf6hc6hjn,10
13jjf6hc6hjn,23
uf6okhy6vqb5,19
uf6okhy6vqb5,29
uf6okhy6vqb5,18
obwj6ua1v8v1,11
y1drhtd69wxl,10
y1drhtd69wxl,19
y1drhtd69wxl,25
vltt5l06wes6,15
vltt5l06wes6,14
vltt5l06wes6,7
wc3mpmqez137,21
wc3mpmqez137,29
gobbg9t7c0ht,11
gobbg9t7c0ht,28
gobbg9t7c0ht,13
raqasj1qzc1b,2
raqasj1qzc1b,21
0vn9l3b6apmt,3
0vn9l3b6apmt,21
0vn9l3b6apmt,1
dvcb7ajpj2f2,28
dvcb7ajpj2f2,7
r9ivgigkeu94,11
r9ivgigkeu94,28
lbnveqd485xl,26
lbnveqd485xl,4
uym2v1bq3rk9,25
uym2v1bq3rk9,9
v7lseb3dyzs5,19
v7lseb3dyzs5,20
8gea6tq9p4vk,13
8gea6tq9p4vk,5
3q9ijdkumenp,22
3q9ijdkumenp,13
3q9ijdkumenp,27
ba8x2epmbma9,18
ba8x2epmbma9,10
ba8x2epmbma9,12
4bbiwtuav80n,3
j41pwhmb03i7,11
j41pwhmb03i7,19
j41pwhmb03i7,25
ab4zrer5qvdi,18
ab4zrer5qvdi,3
m2arbpylggz3,5
ro3sgz0a9pa2,9
ro3sgz0a9pa2,16
nt8pff9xuzy5,15
sm3x8jp7r0it,2
sm3x8jp7r0it,11
3i40v6n6uva4,19
wlb0b9ppst79,25
wlb0b9ppst79,7
wlb0b9ppst79,21
soe3fjwe0rxl,21
soe3fjwe0rxl,28
soe3fjwe0rxl,15
tuucfzvmcbkt,26
tuucfzvmcbkt,17
mgpsew264lpt,28
mgpsew264lpt,29
qp6xf7qchjjm,19
qp6xf7qchjjm,9
qp6xf7qchjjm,1
wv0dpgpktiwl,14
k7ddxctlpioh,8
2d45rj7tcguf,10
2d45rj7tcguf,3
2d45rj7tcguf,29
37i73gsjtqi0,13
eg5p8vwbnraj,21
eg5p8vwbnraj,3
eg5p8vwbnraj,9
4lx8huj1qkva,22
4lx8huj1qkva,2
4lx8huj1qkva,1
sn1e26zregfj,12
sn1e26zregfj,6
wvw252au8pm9,16
wvw252au8pm9,10
z0cypfa0zecj,21
z0cypfa0zecj,13
z0cypfa0zecj,2
ym05ldm83vwk,13
ym05ldm83vwk,7
ym05ldm83vwk,5
gxrqbc8scrvu,7
gxrqbc8scrvu,29
gxrqbc8scrvu,18
gyot9872c0lp,19
0g3vtec5ep9h,2
0g3vtec5ep9h,22
0g3vtec5ep9h,27
ge1g8m9cw7gl,9
ge1g8m9cw7gl,8
pcc4jaofsbp4,18
pcc4jaofsbp4,22
y1zpq93wk7b2,25
y1zpq93wk7b2,10
uqzc9gx3fm91,2
uqzc9gx3fm91,12
uqzc9gx3fm91,3
1cqj2ds9sdb2,6
1cqj2ds9sdb2,9
1cqj2ds9sdb2,22
9sghndoxpxfm,6
9sghndoxpxfm,23
o866610g8kdz,29
o866610g8kdz,18
iill0nh5qlwv,10
fg6qt3lb48z0,9
fg6qt3lb48z0,5
fg6qt3lb48z0,11
4d56xfg94bve,4
ex5azu2y6yec,13
hurj5kqekpea,1
hurj5kqekpea,12
hurj5kqekpea,9
4rlckndg1s7w,15
4rlckndg1s7w,12
4rlckndg1s7w,26
qckx92cj4p8i,21
qckx92cj4p8i,12
6up9n0p0mp61,9
mv8sum4rfhyu,8
mv8sum4rfhyu,10
bi569hlj0lk8,12
bi569hlj0lk8,17
0hv8h4np6mle,20
0hv8h4np6mle,12
0hv8h4np6mle,2
ahr330b5sahq,8
ahr330b5sahq,16
1gygjfak4td4,14
1gygjfak4td4,29
1gygjfak4td4,6
epke9dcebbr1,7
epke9dcebbr1,14
epke9dcebbr1,11
5cau14pbelot,27
5cau14pbelot,21
4to2fhdaxvy6,27
zkl4slx5ad51,13
zkl4slx5ad51,17
zkl4slx5ad51,9
0wrmj00xf368,4
0wrmj00xf368,12
0wrmj00xf368,5
jce1plirb3bk,4
wcy2zed72ew9,17
hy2zv1gy93yc,8
hy2zv1gy93yc,2
hy2zv1gy93yc,5
ytja0g0zdcrr,3
ytja0g0zdcrr,29
ytja0g0zdcrr,28
8kuyl0fxy8hb,15
2kcrqx6ebicu,21
2kcrqx6ebicu,8
jyyhqowv1uwj,12
brsiwtsdvj10,28
7h4ffwpkrezv,8
kkyhht1nyyjx,24
kkyhht1nyyjx,12
kkyhht1nyyjx,13
5plx7ayt290w,13
5plx7ayt290w,12
mbjhg42b4ihx,21
bs2g2jfnu2pa,27
bs2g2jfnu2pa,1
bs2g2jfnu2pa,22
8y810urqcf40,2
ttqp3irtdxwh,20
4t2xin2rvwit,24
4t2xin2rvwit,14
6ykmwhsx9jo8,16
6ykmwhsx9jo8,12
q0yvvwwbq3ja,4
q0yvvwwbq3ja,25
q0yvvwwbq3ja,12
nxpfw167c2gz,26
gclo454ck1y6,26
gclo454ck1y6,9
xu0n3mw0wjye,13
xu0n3mw0wjye,25
j6snpny5b4vz,2
j6snpny5b4vz,12
pud3lae5h2sp,7
pud3lae5h2sp,4
pud3lae5h2sp,2
es0f8osk56ho,19
es0f8osk56ho,4
0gnwwhmc3ycy,27
k2lnwiidugn2,4
k2lnwiidugn2,28
k2lnwiidugn2,9
6tiddt0ik4a4,23
6tiddt0ik4a4,15
bnqoe1y1bozs,21
bnqoe1y1bozs,7
d8j548m4j9as,5
d8j548m4j9as,16
d8j548m4j9as,2
9qh0xvklc3uk,6
9qh0xvklc3uk,26
36s01i4dxema,3
0kfurik7c1cx,29
0kfurik7c1cx,2
0kfurik7c1cx,1
hvmbpr92hhpl,27
hvmbpr92hhpl,16
hvmbpr92hhpl,24
rzvae74rjzyp,7
rzvae74rjzyp,19
rzvae74rjzyp,6
0q6phq2fj3fz,16
0q6phq2fj3fz,3
0q6phq2fj3fz,18
3t28jz044czp,10
3t28jz044czp,25
fy3ys0228by1,14
fy3ys0228by1,3
fy3ys0228by1,8
9s8rx3vinzaw,25
9s8rx3vinzaw,5
9s8rx3vinzaw,1
cbi6s9kt83r2,10
cbi6s9kt83r2,18
v7qeu7chq6py,10
ksb59oqcpax1,19
ksb59oqcpax1,13
wu1au96zliks,28
wu1au96zliks,8
70lu6ironuv0,27
l8998axvyvei,13
l8998axvyvei,3
e7k4rxnr25l2,15
veuxie3oa7rh,25
veuxie3oa7rh,23
3em7yzppc2zz,13
3em7yzppc2zz,22
3em7yzppc2zz,17
40gv503w6742,25
uia6j6f5t49y,11
36ptzcumeelf,7
8ei0pkxgllnv,5
8ei0pkxgllnv,29
6mik1va057fa,9
6mik1va057fa,8
6mik1va057fa,6
qnn75w81ja25,4
qnn75w81ja25,29
5wmo64g2t6ai,28
5uz0pc2iqd16,7
5uz0pc2iqd16,14
2pjodh2tcbko,5
2pjodh2tcbko,9
2pjodh2tcbko,11
2tumb49pe394,21
m5bntr28eqi8,11
m5bntr28eqi8,13
2ktyq70ulco0,15
2ktyq70ulco0,12
iu318mlvzfcm,4
iu318mlvzfcm,1
iu318mlvzfcm,18
i519tbrkvnsz,23
6zbh90m91ak6,10
6zbh90m91ak6,15
y3mjs2onzy9u,20
y3mjs2onzy9u,18
y3mjs2onzy9u,6
i6oyybvrjhuw,17
i6oyybvrjhuw,18
hh8q6fvjd1lx,14
mhvbk3byw7oy,24
c15snnjdfj89,25
c15snnjdfj89,19
l5chs6hyvuue,28
l5chs6hyvuue,4
hmuuo20by8m6,23
hmuuo20by8m6,5
vp16xu49ghxj,4
vp16xu49ghxj,21
vp16xu49ghxj,5
fwahx46i0ffb,4
fwahx46i0ffb,5
fwahx46i0ffb,20
644sumuzfify,19
644sumuzfify,24
ku7t7ya4fl3j,11
ku7t7ya4fl3j,3
ku7t7ya4fl3j,21
b8ppuq03iwec,11
v207ym2fdk1y,13
d782zc6gn8d5,11
d782zc6gn8d5,28
d782zc6gn8d5,9
ys0405v98qbd,7
ys0405v98qbd,19
ys0405v98qbd,24
vwi5s0lpd1vd,11
vwi5s0lpd1vd,6
vwi5s0lpd1vd,27
hiosp6kva3pl,4
hiosp6kva3pl,19
hiosp6kva3pl,6
3q11d1uzhg2g,13
3q11d1uzhg2g,7
3q11d1uzhg2g,29
kfn2lzvcd9wo,14
kfn2lzvcd9wo,4
pf5a419wblrr,8
pf5a419wblrr,10
kcqbs6hxybia,11
ubt2gma27cgc,19
f0j9oz4pqfb0,6
f0j9oz4pqfb0,29
f0j9oz4pqfb0,8
p5vwldrd0pzo,29
p5vwldrd0pzo,27
p5vwldrd0pzo,4
cu8psbq2xkjo,13
yodv6w390saq,21
yodv6w390saq,11
5jpb31l9i7is,2
eoh4eqcasj01,9
eoh4eqcasj01,4
97q4vea49hyv,28
97q4vea49hyv,18
g42rfgl2oe4u,1
mb9z6rczu4f0,11
0i40sv2aw072,10
i2ddh14bv1fq,13
k9x2s9carsbf,19
f44pz3izjncg,16
f44pz3izjncg,3
e9e74ayyh7u3,25
ftnh8wcogf3p,20
ftnh8wcogf3p,3
ftnh8wcogf3p,23
63onvavf905t,21
s7o4s656ouiu,24
s7o4s656ouiu,17
jb0whi91zkay,9
jb0whi91zkay,15
jb0whi91zkay,17
jlhrnc5d4d4y,6
jlhrnc5d4d4y,19
iimiknksqgc6,19
iimiknksqgc6,9
iimiknksqgc6,5
epgfidae6zh7,24
epgfidae6zh7,29
sdtv9q16a7v1,15
x1asdpvx5e4q,3
x1asdpvx5e4q,5
x1asdpvx5e4q,25
2xoqhwvjzh53,23
2xoqhwvjzh53,8
2xoqhwvjzh53,26
bc20pppamqb9,25
bc20pppamqb9,19
bc20pppamqb9,16
70qa9ft4srvr,25
70qa9ft4srvr,26
70qa9ft4srvr,11
73nbvr6vrqsb,22
73nbvr6vrqsb,26
73nbvr6vrqsb,16
mlq22iyhrg8z,25
1uj2nhqac6rv,29
1uj2nhqac6rv,3
t1omcippxuwz,10
a5qt1uhhazgk,6
a5qt1uhhazgk,9
a5qt1uhhazgk,3
5xmdptgstfu9,23
5xmdptgstfu9,1
yqak771snk8j,15
yqak771snk8j,1
sr1t91jcooiu,12
eqh1fss9y4yk,26
eqh1fss9y4yk,6
cwp9ttqmclmf,12
cwp9ttqmclmf,1
sym3wc5rdgx7,12
sym3wc5rdgx7,26
sym3wc5rdgx7,24
md77rt9u5s39,26
lg5v6pbu7mlv,10
53z8fxvd0bd4,24
53z8fxvd0bd4,3
53z8fxvd0bd4,11
jpi0r4z6lglu,5
3jqqi57g6p87,17
3jqqi57g6p87,29
4eops1uip8kf,24
4eops1uip8kf,1
4eops1uip8kf,20
qvm1pq5drift,2
qvm1pq5drift,9
mz4gqk6quxjs,22
mz4gqk6quxjs,28
mz4gqk6quxjs,6
exyv49hx0jer,15
85y9ilytibsw,20
85y9ilytibsw,18
85y9ilytibsw,23
bsy82woj4c91,20
bsy82woj4c91,17
bsy82woj4c91,18
8mscmy8q51xk,23
zll4jjfgwjyv,11
zll4jjfgwjyv,20
04sql8yrhc2b,18
04sql8yrhc2b,14
04sql8yrhc2b,1
b59qsmiekax8,3
b59qsmiekax8,15
fsrql46c2ztf,29
fsrql46c2ztf,3
1hw9j877bk1r,4
1hw9j877bk1r,27
8jgnovnciu1a,21
8jgnovnciu1a,5
8jgnovnciu1a,2
jzscvonh43nj,11
jzscvonh43nj,17
jzscvonh43nj,4
ui7wpcauepsa,13
ui7wpcauepsa,12
ui7wpcauepsa,27
12bsizig78rl,17
waojd5d12a3s,8
waojd5d12a3s,29
qi9mrgzzyjks,14
qi9mrgzzyjks,22
qi9mrgzzyjks,17
uou41hjzd21v,19
uou41hjzd21v,4
uou41hjzd21v,22
rosfj0wobd8w,29
rosfj0wobd8w,24
lnqcthajtcog,28
beuw37epb8ry,15
beuw37epb8ry,3
7tj8bp1z0msu,7
7tj8bp1z0msu,26
y5kw67govgjx,29
y5kw67govgjx,2
do6o4r7y7wqt,29
ebomfa3w1u8a,9
ebomfa3w1u8a,4
rod98w0mf1gl,18
5pgapg4en7ne,22
dglvpkff485m,9
dglvpkff485m,18
dglvpkff485m,6
ttvnr33r0ni6,2
8b8lxdlmkug3,14
8b8lxdlmkug3,5
8b8lxdlmkug3,8
2s4u1e0hqipj,22
zopad0yqgnip,4
zopad0yqgnip,29
zopad0yqgnip,28
71bluyn6u4nm,15
71bluyn6u4nm,25
71bluyn6u4nm,28
elz1l4iobpig,28
juypssgq8rvf,17
juypssgq8rvf,10
s2otpz3mdjmf,28
s2otpz3mdjmf,24
s2otpz3mdjmf,2
jmh04bwov61y,10
lu1uudzubqku,3
lu1uudzubqku,29
lu1uudzubqku,9
c6zypsxoxtwk,27
kna5943dme31,17
kna5943dme31,2
kna5943dme31,25
9czuqwm8d17n,23
kk0fyitkmerc,17
kk0fyitkmerc,9
3dh1ecglz4bd,26
3dh1ecglz4bd,13
ac4xdd11zd18,8
ac4xdd11zd18,12
ac4xdd11zd18,18
2wlyi7zbj6vx,26
f4kl55bugn8u,4
moqqc9cw1391,27
moqqc9cw1391,8
rwqlufdzxrih,5
rwqlufdzxrih,6
8uag77ovmt9q,3
8uag77ovmt9q,22
mtnioytzgsir,1
mtnioytzgsir,21
58qiq00ej1e2,1
zc1tu30rrbfk,15
zc1tu30rrbfk,17
zc1tu30rrbfk,3
nvbbcv1nx4ks,13
3haf6y6g0r6e,18
jjwnzvh7oibf,29
qvhnayulihsd,25
qvhnayulihsd,13
qvhnayulihsd,16
gsknaojcy4jo,15
gsknaojcy4jo,2
gsknaojcy4jo,16
hpyhnt7gqpit,9
hpyhnt7gqpit,13
ibma3ihx5t9o,10
3etzkjy6o653,10
3etzkjy6o653,18
3etzkjy6o653,3
bc05cpfbbwf4,18
bc05cpfbbwf4,1
pg2ismoc9vdz,28
3319tselu7ta,29
3319tselu7ta,5
3319tselu7ta,14
fc53650wbj3r,13
fc53650wbj3r,5
fc53650wbj3r,21
9w2vsip5nho5,20
9w2vsip5nho5,11
9w2vsip5nho5,14
q2lgr6llo1co,22
q2lgr6llo1co,12
fqtlj3u2vhm7,14
fqtlj3u2vhm7,21
h2pwjj4234re,29
659o1pivev29,8
659o1pivev29,17
q3u3i7jai834,11
q3u3i7jai834,7
q3u3i7jai834,1
o1m6gsndalao,24
o1m6gsndalao,8
5jn3ghe8vhyz,27
5jn3ghe8vhyz,23
5jn3ghe8vhyz,7
tipn4jaj4dlp,19
alxelogmxdt0,18
fpjyljn3p8m4,15
fpjyljn3p8m4,27
fpjyljn3p8m4,11
h3nh1hohqzxt,23
h3nh1hohqzxt,12
ihcvmr0gnkxq,21
ihcvmr0gnkxq,19
ihcvmr0gnkxq,17
vu3219ax5jht,10
vu3219ax5jht,2
azh5nyfp9c7a,18
azh5nyfp9c7a,12
azh5nyfp9c7a,10
jkyqnbuus957,26
jkyqnbuus957,28
jkyqnbuus957,12
b62xbic0atbz,22
b62xbic0atbz,27
b62xbic0atbz,3
nfvtp72hakxi,26
nfvtp72hakxi,27
nfvtp72hakxi,15
3yn4vzfa58xb,29
3yn4vzfa58xb,23
imkaua4g768p,27
imkaua4g768p,10
imkaua4g768p,21
miw2d1lwp7pw,19
miw2d1lwp7pw,10
qo6f51b5iy01,6
14yrf11nnd4l,22
14yrf11nnd4l,29
qdiig6abk0cz,7
jk4ju8i8ps08,21
jk4ju8i8ps08,7
pn8p0ruhwq05,21
pn8p0ruhwq05,7
4qw6jb6jofrp,24
vyoxi5dk8gz1,5
vyoxi5dk8gz1,29
wobil01c6ok4,25
wobil01c6ok4,8
ti5nw1p7434b,20
ti5nw1p7434b,17
ti5nw1p7434b,8
wp41rkvd85c3,2
0j1scaa39tyr,12
0j1scaa39tyr,10
ay34ucxosra4,4
ay34ucxosra4,17
f5sx8j8huy7a,15
f5sx8j8huy7a,25
f5sx8j8huy7a,28
mqh0kb5kkuep,17
mqh0kb5kkuep,9
j3zev6gyytyh,7
j3zev6gyytyh,26
s6ynu2j6otm4,14
s6ynu2j6otm4,18
s6ynu2j6otm4,26
01kgwhi645er,24
p0pjbvah0qwo,2
pvoindo0eqm6,8
pvoindo0eqm6,29
pvoindo0eqm6,18
4itkqa4aw9gp,26
4itkqa4aw9gp,28
4itkqa4aw9gp,17
v3og2zcw5wdc,29
v3og2zcw5wdc,2
3x45vip9d8ez,3
3x45vip9d8ez,1
tox0jtf2doax,5
tox0jtf2doax,24
eglrxpsvufkn,10
eglrxpsvufkn,3
eglrxpsvufkn,9
e9qba1unwjr4,19
e9qba1unwjr4,28
e9qba1unwjr4,23
3gvfbf03iz4w,4
xsowxghh70d1,22
xsowxghh70d1,17
xsowxghh70d1,4
okmh8fonqsih,3
avx4h4nwawiv,23
8wbv427mf87m,6
o2dyzjqtcj5t,15
lvlmbwma1w2t,11
lvlmbwma1w2t,28
lvlmbwma1w2t,27
ph12g8s2gxta,16
ph12g8s2gxta,10
jx6gu2sohc4j,29
jx6gu2sohc4j,27
jx6gu2sohc4j,12
kd864tzc7jsr,2
npaih01w1ksn,4
npaih01w1ksn,10
npaih01w1ksn,3
53f742iwptmq,8
53f742iwptmq,21
53f742iwptmq,15
offnsfnhibih,9
4cfeouf8y5yw,7
ap8r08b616jk,10
ap8r08b616jk,27
ap8r08b616jk,23
mj19exlu9hxe,18
mj19exlu9hxe,22
f0y4pgmpmlto,16
f0y4pgmpmlto,23
xhev8o6xxi7o,20
umhab6cm8ya3,15
umhab6cm8ya3,20
lcaa1se2q3l5,16
b9sg7suxrli2,10
b9sg7suxrli2,1
438yljra6goh,10
438yljra6goh,22
2ytsnesugnu5,3
2ytsnesugnu5,28
sjn93fkpobk8,1
lnq7ejfg6tk9,3
lnq7ejfg6tk9,29
t0g90ywp764w,29
t0g90ywp764w,16
kgcb1rtqdqq0,15
kgcb1rtqdqq0,8
kgcb1rtqdqq0,1
cr736zkgtr9b,21
cr736zkgtr9b,12
cp1mm4gpu8lv,14
cp1mm4gpu8lv,6
cp1mm4gpu8lv,10
cvno488chg8w,18
cvno488chg8w,10
cvno488chg8w,7
qihvyun2o4in,26
3sysv1ww59si,14
3sysv1ww59si,16
7zo8mej1ag3k,12
7zo8mej1ag3k,20
7zo8mej1ag3k,9
8zv1r8dw26ma,2
68ztkq5um3p2,25
68ztkq5um3p2,2
vlopxs4ooevx,28
p5rtqa8gfc61,21
p5rtqa8gfc61,9
z84u3aqp819f,3
z84u3aqp819f,17
z84u3aqp819f,7
gecr6m00yohx,18
gecr6m00yohx,2
gecr6m00yohx,7
s1suhfj2es0w,29
s1suhfj2es0w,24
s1suhfj2es0w,4
u383wlezimpu,21
u383wlezimpu,22
nql0adgxpup5,13
4ymjyivw7v4d,7
4ymjyivw7v4d,20
4ymjyivw7v4d,26
ca12wu84umfg,16
qtwowdpkz001,27
0v3j25q1wv05,22
0v3j25q1wv05,11
0v3j25q1wv05,24
3mrs73a5fasv,29
3mrs73a5fasv,9
3mrs73a5fasv,28
xczmddqucgmo,27
xczmddqucgmo,14
xczmddqucgmo,20
2ua7gagosr24,5
7lk4c23ckn76,12
0x1p1hulb3t1,9
0x1p1hulb3t1,22
0x1p1hulb3t1,26
2dt6uxvn24xb,13
2dt6uxvn24xb,18
2dt6uxvn24xb,5
wpcymv6cu2r1,28
wpcymv6cu2r1,14
4pkvgdtz6zcu,22
kwdq7065hdws,19
kwdq7065hdws,27
bjr9yz1qgfiw,26
k1pjaujtehci,19
msavu7mzvob2,12
msavu7mzvob2,5
574skqp5e61j,5
574skqp5e61j,23
574skqp5e61j,26
hr2v7jjcdwgp,26
hr2v7jjcdwgp,8
u2m4f9wrsu0m,27
u2m4f9wrsu0m,8
cv1nc7v092ca,9
cv1nc7v092ca,16
ywxcm3jogrqr,28
ywxcm3jogrqr,16
ztwyyyl27yxd,7
scgojkhchm2g,3
scgojkhchm2g,10
scgojkhchm2g,12
stw8y3hfzvb7,8
stw8y3hfzvb7,12
stw8y3hfzvb7,10
ro5v34ky5ebf,28
ro5v34ky5ebf,8
f8t2xn0u7f5k,15
i38etejs8it8,10
ubxfmia7iqt3,2
ubxfmia7iqt3,29
ubxfmia7iqt3,13
1g7bs1ph7mkf,2
1g7bs1ph7mkf,26
o28ojudnk3zb,19
2d0bmv6gemfg,2
2d0bmv6gemfg,5
2d0bmv6gemfg,21
2j08sauzwqmw,7
2j08sauzwqmw,4
2j08sauzwqmw,27
z5916abmp4c1,16
23y47xlrtbh0,22
23y47xlrtbh0,7
23y47xlrtbh0,20
wlwr29rju5j1,16
wlwr29rju5j1,15
4o62e1uq7g7j,23
4o62e1uq7g7j,22
3wktn6hhhrpl,12
3wktn6hhhrpl,24
g1ba2lx90d2t,4
g1ba2lx90d2t,14
6ue5xbahky1d,17
6ue5xbahky1d,26
6ue5xbahky1d,11
ytmtdznxwmzi,24
ytmtdznxwmzi,26
ytmtdznxwmzi,8
pyhw2wekdplu,20
pyhw2wekdplu,8
o84ch92gzd59,18
o84ch92gzd59,26
48ikojx6tpxc,14
48ikojx6tpxc,4
48ikojx6tpxc,29
bw2dfoyqhwu6,22
bw2dfoyqhwu6,18
d4z9fq8efkku,4
d4z9fq8efkku,12
a84snbxhn2cj,12
nb0mfumbhk9s,26
nb0mfumbhk9s,23
nb0mfumbhk9s,13
7f8t19zp4w8k,20
7f8t19zp4w8k,27
7f8t19zp4w8k,6
02zg4r4rsxpi,16
02zg4r4rsxpi,23
02zg4r4rsxpi,20
1a141x0mz17c,14
ycjj5zzt7mvx,28
ycjj5zzt7mvx,22
ycjj5zzt7mvx,11
sczsl6m3bpii,2
sczsl6m3bpii,3
sczsl6m3bpii,7
20ma887kgtlp,21
20ma887kgtlp,16
jxxkz0a17psl,4
jxxkz0a17psl,14
jxxkz0a17psl,1
ruhyn4ug1i5n,2
ruhyn4ug1i5n,12
ruhyn4ug1i5n,1
r1b9nq9mpa9t,21
ydtxl9gheye1,19
rw1e6ulssglc,1
rw1e6ulssglc,22
1r6z2foihmh3,10
1r6z2foihmh3,5
1r6z2foihmh3,25
pd750ykk9781,20
pd750ykk9781,7
pd750ykk9781,9
hok7l9821jde,23
gufoid9mb50l,19
gufoid9mb50l,27
gufoid9mb50l,24
fpsezbr3q1iz,27
fpsezbr3q1iz,3
fqllh9kch4ed,16
fqllh9kch4ed,4
fqllh9kch4ed,15
ywyyp6axd4ah,5
ywyyp6axd4ah,26
ywyyp6axd4ah,25
aot9ozbfd62w,5
aot9ozbfd62w,17
25lvfjjuk0ke,5
25lvfjjuk0ke,24
25lvfjjuk0ke,13
8ex2a02jj1q0,21
8ex2a02jj1q0,18
k5meeoahb0ki,28
w35zksgio9ky,3
w35zksgio9ky,21
mtpurhmi2stw,7
qaj3fxaelrdu,7
qaj3fxaelrdu,12
qaj3fxaelrdu,14
vzdc847hov6u,3
vzdc847hov6u,6
vzdc847hov6u,18
acb42hcbex1h,11
acb42hcbex1h,22
aghrs3gntcfj,13
aqzj1jrxtm5x,5
aqzj1jrxtm5x,18
efjtn0x1rdj5,25
efjtn0x1rdj5,2
efjtn0x1rdj5,6
83n9ytqotvui,15
83n9ytqotvui,16
83n9ytqotvui,3
b6liep8qcp3w,22
b6liep8qcp3w,8
wdo8ouwslhl8,27
wdo8ouwslhl8,23
wdo8ouwslhl8,14
krs5f8l99s3m,22
rhyelf0lhttw,23
rhyelf0lhttw,10
rhyelf0lhttw,5
auum9g3swn9n,2
auum9g3swn9n,26
j0m0wakdv985,27
0enepuhz98f1,22
z4oyvl8gkokf,3
z4oyvl8gkokf,9
z4oyvl8gkokf,7
tjghuwji7cp4,7
1mii99j30eou,27
1mii99j30eou,10
q2kzsg6n16yu,12
q2kzsg6n16yu,4
q2kzsg6n16yu,10
8ynr445y36do,18
oinzzqmzvrfq,27
edj26om2jqc9,6
edj26om2jqc9,26
edj26om2jqc9,5
p3kls15klsjc,28
qseghojyd8qp,22
qseghojyd8qp,15
qseghojyd8qp,11
ea5bn6speis1,7
ea5bn6speis1,26
ea5bn6speis1,13
v1xnif85fd1r,12
v1xnif85fd1r,9
v1xnif85fd1r,27
bjkfwcxz32tu,18
vy9outubwc91,29
vy9outubwc91,16
vy9outubwc91,26
03himne9a3vh,3
03himne9a3vh,24
03himne9a3vh,25
p10ia2yxfunn,14
p10ia2yxfunn,7
p10ia2yxfunn,10
agebel4y0d2r,19
agebel4y0d2r,3
8cr6cpourqu7,9
8cr6cpourqu7,26
8cr6cpourqu7,24
bo02nykzvpnq,12
bo02nykzvpnq,29
c5xxm39rwicd,29
c5xxm39rwicd,5
3ogshaxjzc4b,14
3ogshaxjzc4b,5
dshv5d4gqgz4,27
dshv5d4gqgz4,16
dshv5d4gqgz4,11
fo5pssav8srf,18
fo5pssav8srf,28
fo5pssav8srf,17
xrs17j18wvyf,20
045u7462ib8j,25
045u7462ib8j,6
j5ou67wkjy7z,7
j5ou67wkjy7z,10
j5ou67wkjy7z,12
0ntkflogu9c3,3
0ntkflogu9c3,24
0ntkflogu9c3,8
mpa9fv0d4d65,7
mpa9fv0d4d65,21
8fs9y5pwya9s,16
8fs9y5pwya9s,3
8fs9y5pwya9s,6
pbsxtlrqifeu,5
pbsxtlrqifeu,1
pbsxtlrqifeu,20
i00d9ae8usj4,4
i00d9ae8usj4,23
i00d9ae8usj4,18
1931bzbnbkdd,10
1931bzbnbkdd,6
1931bzbnbkdd,9
r5bb2v59738m,7
r5bb2v59738m,10
r5bb2v59738m,9
0ajt7ujece7w,9
0ajt7ujece7w,25
0ajt7ujece7w,28
u3ztid6rcwr0,16
u3ztid6rcwr0,6
u3ztid6rcwr0,24
3o1qbualiwlz,5
3o1qbualiwlz,7
3o1qbualiwlz,12
98n4ob2gehmi,7
rampluokr722,8
rampluokr722,23
rampluokr722,14
lbrnhdrl6cp9,7
lbrnhdrl6cp9,17
up9iamelxr9v,29
up9iamelxr9v,27
1oldx2xa7x7l,28
rhijbosaz530,1
rhijbosaz530,24
rjt4mwl5bj49,4
0jg97kyyjjz8,14
u28a5lo31ey0,1
g7obc93w22tm,5
g7obc93w22tm,3
g7obc93w22tm,22
ciqoodqmatxx,22
8ts8cqs9xb7p,9
8ts8cqs9xb7p,12
7f7kqj8nvev9,16
7f7kqj8nvev9,15
7f7kqj8nvev9,25
6voc2l4s5w2o,15
6voc2l4s5w2o,18
asgcaodc582k,15
asgcaodc582k,10
asgcaodc582k,6
ruxviw7u8zbr,21
vfhrvk6go0kq,8
dk5uguh5ly2t,19
dk5uguh5ly2t,18
dk5uguh5ly2t,22
5b4z1ohh8nd7,5
5b4z1ohh8nd7,19
5b4z1ohh8nd7,8
jpgqf6h1xiny,28
10motsn7b74c,9
fr7vskju9fes,24
fr7vskju9fes,1
fr7vskju9fes,12
ixvik2he5y1y,29
ixvik2he5y1y,18
ekq8gomab5a9,20
ekq8gomab5a9,16
ekq8gomab5a9,24
3y25yxewfzc2,28
3y25yxewfzc2,20
mxzm1u8fny2d,26
mxzm1u8fny2d,6
mxzm1u8fny2d,12
n9fsjh6jngo2,19
n9fsjh6jngo2,3
n9fsjh6jngo2,4
pvdz8hylpjc6,19
pvdz8hylpjc6,5
m7bcrwqitf69,3
m7bcrwqitf69,12
m7bcrwqitf69,17
q0ns84ine2jl,17
q0ns84ine2jl,5
8zyruww5plne,15
8jrj04pee839,25
10jtjs7h46b0,17
10jtjs7h46b0,28
uarsqc5r7qfc,21
uarsqc5r7qfc,23
uarsqc5r7qfc,4
1kz4x5awr7vg,19
1kz4x5awr7vg,11
1kz4x5awr7vg,24
qokoc4of26wk,22
qokoc4of26wk,21
21idyx41b5v4,6
21idyx41b5v4,2
2e9glp0jqtl1,26
2e9glp0jqtl1,28
